City,County,Indicator,Category,CHR&R release year,Underlying data year / period,Value,Unit,Better direction,Nashville rank out of 9,Peer city average (excluding Nashville),Nashville difference from peer average,Nashville percent difference from peer average,Nashville vs peer average,Best performing city,Best performing value,Worst performing city,Worst performing value
Austin,"Travis County, TX",Life Expectancy,Health outcomes / well-being,2010,,,years,Higher is better,,,,,,,,,
Raleigh,"Wake County, NC",Life Expectancy,Health outcomes / well-being,2010,,,years,Higher is better,,,,,,,,,
Durham,"Durham County, NC",Life Expectancy,Health outcomes / well-being,2010,,,years,Higher is better,,,,,,,,,
Charlotte,"Mecklenburg County, NC",Life Expectancy,Health outcomes / well-being,2010,,,years,Higher is better,,,,,,,,,
Denver,"Denver County, CO",Life Expectancy,Health outcomes / well-being,2010,,,years,Higher is better,,,,,,,,,
Atlanta,"Fulton County, GA",Life Expectancy,Health outcomes / well-being,2010,,,years,Higher is better,,,,,,,,,
Fort Worth,"Tarrant County, TX",Life Expectancy,Health outcomes / well-being,2010,,,years,Higher is better,,,,,,,,,
Dallas,"Dallas County, TX",Life Expectancy,Health outcomes / well-being,2010,,,years,Higher is better,,,,,,,,,
Nashville,"Davidson County, TN",Life Expectancy,Health outcomes / well-being,2010,,,years,Higher is better,,,,,,,,,
Austin,"Travis County, TX",Infant Mortality,Health outcomes / well-being,2010,,,"deaths per 1,000 live births",Lower is better,,,,,,,,,
Raleigh,"Wake County, NC",Infant Mortality,Health outcomes / well-being,2010,,,"deaths per 1,000 live births",Lower is better,,,,,,,,,
Durham,"Durham County, NC",Infant Mortality,Health outcomes / well-being,2010,,,"deaths per 1,000 live births",Lower is better,,,,,,,,,
Charlotte,"Mecklenburg County, NC",Infant Mortality,Health outcomes / well-being,2010,,,"deaths per 1,000 live births",Lower is better,,,,,,,,,
Denver,"Denver County, CO",Infant Mortality,Health outcomes / well-being,2010,,,"deaths per 1,000 live births",Lower is better,,,,,,,,,
Atlanta,"Fulton County, GA",Infant Mortality,Health outcomes / well-being,2010,,,"deaths per 1,000 live births",Lower is better,,,,,,,,,
Fort Worth,"Tarrant County, TX",Infant Mortality,Health outcomes / well-being,2010,,,"deaths per 1,000 live births",Lower is better,,,,,,,,,
Dallas,"Dallas County, TX",Infant Mortality,Health outcomes / well-being,2010,,,"deaths per 1,000 live births",Lower is better,,,,,,,,,
Nashville,"Davidson County, TN",Infant Mortality,Health outcomes / well-being,2010,,,"deaths per 1,000 live births",Lower is better,,,,,,,,,
Austin,"Travis County, TX",Poor or Fair Health,Health outcomes / well-being,2010,2002-2008,13.73,%,Lower is better,5,15.75,0.19,1.21,Worse,Raleigh,12.49,Dallas,20.89
Raleigh,"Wake County, NC",Poor or Fair Health,Health outcomes / well-being,2010,2002-2008,12.49,%,Lower is better,5,15.75,0.19,1.21,Worse,Raleigh,12.49,Dallas,20.89
Durham,"Durham County, NC",Poor or Fair Health,Health outcomes / well-being,2010,2002-2008,17.24,%,Lower is better,5,15.75,0.19,1.21,Worse,Raleigh,12.49,Dallas,20.89
Charlotte,"Mecklenburg County, NC",Poor or Fair Health,Health outcomes / well-being,2010,2002-2008,14.64,%,Lower is better,5,15.75,0.19,1.21,Worse,Raleigh,12.49,Dallas,20.89
Denver,"Denver County, CO",Poor or Fair Health,Health outcomes / well-being,2010,2002-2008,16.97,%,Lower is better,5,15.75,0.19,1.21,Worse,Raleigh,12.49,Dallas,20.89
Atlanta,"Fulton County, GA",Poor or Fair Health,Health outcomes / well-being,2010,2002-2008,13.04,%,Lower is better,5,15.75,0.19,1.21,Worse,Raleigh,12.49,Dallas,20.89
Fort Worth,"Tarrant County, TX",Poor or Fair Health,Health outcomes / well-being,2010,2002-2008,17,%,Lower is better,5,15.75,0.19,1.21,Worse,Raleigh,12.49,Dallas,20.89
Dallas,"Dallas County, TX",Poor or Fair Health,Health outcomes / well-being,2010,2002-2008,20.89,%,Lower is better,5,15.75,0.19,1.21,Worse,Raleigh,12.49,Dallas,20.89
Nashville,"Davidson County, TN",Poor or Fair Health,Health outcomes / well-being,2010,2002-2008,15.94,%,Lower is better,5,15.75,0.19,1.21,Worse,Raleigh,12.49,Dallas,20.89
Austin,"Travis County, TX",Poor Physical Health Days,Health outcomes / well-being,2010,2002-2008,2.67,days per month,Lower is better,6,2.9325,0.0375,1.28,Worse,Raleigh,2.5,Denver,3.27
Raleigh,"Wake County, NC",Poor Physical Health Days,Health outcomes / well-being,2010,2002-2008,2.5,days per month,Lower is better,6,2.9325,0.0375,1.28,Worse,Raleigh,2.5,Denver,3.27
Durham,"Durham County, NC",Poor Physical Health Days,Health outcomes / well-being,2010,2002-2008,2.91,days per month,Lower is better,6,2.9325,0.0375,1.28,Worse,Raleigh,2.5,Denver,3.27
Charlotte,"Mecklenburg County, NC",Poor Physical Health Days,Health outcomes / well-being,2010,2002-2008,2.72,days per month,Lower is better,6,2.9325,0.0375,1.28,Worse,Raleigh,2.5,Denver,3.27
Denver,"Denver County, CO",Poor Physical Health Days,Health outcomes / well-being,2010,2002-2008,3.27,days per month,Lower is better,6,2.9325,0.0375,1.28,Worse,Raleigh,2.5,Denver,3.27
Atlanta,"Fulton County, GA",Poor Physical Health Days,Health outcomes / well-being,2010,2002-2008,2.93,days per month,Lower is better,6,2.9325,0.0375,1.28,Worse,Raleigh,2.5,Denver,3.27
Fort Worth,"Tarrant County, TX",Poor Physical Health Days,Health outcomes / well-being,2010,2002-2008,3.26,days per month,Lower is better,6,2.9325,0.0375,1.28,Worse,Raleigh,2.5,Denver,3.27
Dallas,"Dallas County, TX",Poor Physical Health Days,Health outcomes / well-being,2010,2002-2008,3.2,days per month,Lower is better,6,2.9325,0.0375,1.28,Worse,Raleigh,2.5,Denver,3.27
Nashville,"Davidson County, TN",Poor Physical Health Days,Health outcomes / well-being,2010,2002-2008,2.97,days per month,Lower is better,6,2.9325,0.0375,1.28,Worse,Raleigh,2.5,Denver,3.27
Austin,"Travis County, TX",Poor Mental Health Days,Health outcomes / well-being,2010,2002-2008,2.92,days per month,Lower is better,5,2.955,0.045,1.52,Worse,Raleigh,2.28,Denver,3.29
Raleigh,"Wake County, NC",Poor Mental Health Days,Health outcomes / well-being,2010,2002-2008,2.28,days per month,Lower is better,5,2.955,0.045,1.52,Worse,Raleigh,2.28,Denver,3.29
Durham,"Durham County, NC",Poor Mental Health Days,Health outcomes / well-being,2010,2002-2008,2.93,days per month,Lower is better,5,2.955,0.045,1.52,Worse,Raleigh,2.28,Denver,3.29
Charlotte,"Mecklenburg County, NC",Poor Mental Health Days,Health outcomes / well-being,2010,2002-2008,2.99,days per month,Lower is better,5,2.955,0.045,1.52,Worse,Raleigh,2.28,Denver,3.29
Denver,"Denver County, CO",Poor Mental Health Days,Health outcomes / well-being,2010,2002-2008,3.29,days per month,Lower is better,5,2.955,0.045,1.52,Worse,Raleigh,2.28,Denver,3.29
Atlanta,"Fulton County, GA",Poor Mental Health Days,Health outcomes / well-being,2010,2002-2008,3.07,days per month,Lower is better,5,2.955,0.045,1.52,Worse,Raleigh,2.28,Denver,3.29
Fort Worth,"Tarrant County, TX",Poor Mental Health Days,Health outcomes / well-being,2010,2002-2008,3.06,days per month,Lower is better,5,2.955,0.045,1.52,Worse,Raleigh,2.28,Denver,3.29
Dallas,"Dallas County, TX",Poor Mental Health Days,Health outcomes / well-being,2010,2002-2008,3.1,days per month,Lower is better,5,2.955,0.045,1.52,Worse,Raleigh,2.28,Denver,3.29
Nashville,"Davidson County, TN",Poor Mental Health Days,Health outcomes / well-being,2010,2002-2008,3,days per month,Lower is better,5,2.955,0.045,1.52,Worse,Raleigh,2.28,Denver,3.29
Austin,"Travis County, TX",Adult Obesity,Health outcomes / well-being,2010,2006-2008,21.7,%,Lower is better,9,24.15,5.95,24.64,Worse,Denver,16.3,Nashville,30.1
Raleigh,"Wake County, NC",Adult Obesity,Health outcomes / well-being,2010,2006-2008,27,%,Lower is better,9,24.15,5.95,24.64,Worse,Denver,16.3,Nashville,30.1
Durham,"Durham County, NC",Adult Obesity,Health outcomes / well-being,2010,2006-2008,27.6,%,Lower is better,9,24.15,5.95,24.64,Worse,Denver,16.3,Nashville,30.1
Charlotte,"Mecklenburg County, NC",Adult Obesity,Health outcomes / well-being,2010,2006-2008,24.2,%,Lower is better,9,24.15,5.95,24.64,Worse,Denver,16.3,Nashville,30.1
Denver,"Denver County, CO",Adult Obesity,Health outcomes / well-being,2010,2006-2008,16.3,%,Lower is better,9,24.15,5.95,24.64,Worse,Denver,16.3,Nashville,30.1
Atlanta,"Fulton County, GA",Adult Obesity,Health outcomes / well-being,2010,2006-2008,23.2,%,Lower is better,9,24.15,5.95,24.64,Worse,Denver,16.3,Nashville,30.1
Fort Worth,"Tarrant County, TX",Adult Obesity,Health outcomes / well-being,2010,2006-2008,26.1,%,Lower is better,9,24.15,5.95,24.64,Worse,Denver,16.3,Nashville,30.1
Dallas,"Dallas County, TX",Adult Obesity,Health outcomes / well-being,2010,2006-2008,27.1,%,Lower is better,9,24.15,5.95,24.64,Worse,Denver,16.3,Nashville,30.1
Nashville,"Davidson County, TN",Adult Obesity,Health outcomes / well-being,2010,2006-2008,30.1,%,Lower is better,9,24.15,5.95,24.64,Worse,Denver,16.3,Nashville,30.1
Austin,"Travis County, TX",Diabetes Prevalence,Health outcomes / well-being,2010,,,%,Lower is better,,,,,,,,,
Raleigh,"Wake County, NC",Diabetes Prevalence,Health outcomes / well-being,2010,,,%,Lower is better,,,,,,,,,
Durham,"Durham County, NC",Diabetes Prevalence,Health outcomes / well-being,2010,,,%,Lower is better,,,,,,,,,
Charlotte,"Mecklenburg County, NC",Diabetes Prevalence,Health outcomes / well-being,2010,,,%,Lower is better,,,,,,,,,
Denver,"Denver County, CO",Diabetes Prevalence,Health outcomes / well-being,2010,,,%,Lower is better,,,,,,,,,
Atlanta,"Fulton County, GA",Diabetes Prevalence,Health outcomes / well-being,2010,,,%,Lower is better,,,,,,,,,
Fort Worth,"Tarrant County, TX",Diabetes Prevalence,Health outcomes / well-being,2010,,,%,Lower is better,,,,,,,,,
Dallas,"Dallas County, TX",Diabetes Prevalence,Health outcomes / well-being,2010,,,%,Lower is better,,,,,,,,,
Nashville,"Davidson County, TN",Diabetes Prevalence,Health outcomes / well-being,2010,,,%,Lower is better,,,,,,,,,
Austin,"Travis County, TX",Adult Smoking,Health behaviors,2010,2002-2008,18.8,%,Lower is better,8,18.3675,2.3725,12.92,Worse,Raleigh,15.95,Denver,21.12
Raleigh,"Wake County, NC",Adult Smoking,Health behaviors,2010,2002-2008,15.95,%,Lower is better,8,18.3675,2.3725,12.92,Worse,Raleigh,15.95,Denver,21.12
Durham,"Durham County, NC",Adult Smoking,Health behaviors,2010,2002-2008,18.95,%,Lower is better,8,18.3675,2.3725,12.92,Worse,Raleigh,15.95,Denver,21.12
Charlotte,"Mecklenburg County, NC",Adult Smoking,Health behaviors,2010,2002-2008,17.39,%,Lower is better,8,18.3675,2.3725,12.92,Worse,Raleigh,15.95,Denver,21.12
Denver,"Denver County, CO",Adult Smoking,Health behaviors,2010,2002-2008,21.12,%,Lower is better,8,18.3675,2.3725,12.92,Worse,Raleigh,15.95,Denver,21.12
Atlanta,"Fulton County, GA",Adult Smoking,Health behaviors,2010,2002-2008,16.75,%,Lower is better,8,18.3675,2.3725,12.92,Worse,Raleigh,15.95,Denver,21.12
Fort Worth,"Tarrant County, TX",Adult Smoking,Health behaviors,2010,2002-2008,19.65,%,Lower is better,8,18.3675,2.3725,12.92,Worse,Raleigh,15.95,Denver,21.12
Dallas,"Dallas County, TX",Adult Smoking,Health behaviors,2010,2002-2008,18.33,%,Lower is better,8,18.3675,2.3725,12.92,Worse,Raleigh,15.95,Denver,21.12
Nashville,"Davidson County, TN",Adult Smoking,Health behaviors,2010,2002-2008,20.74,%,Lower is better,8,18.3675,2.3725,12.92,Worse,Raleigh,15.95,Denver,21.12
Austin,"Travis County, TX",Physical Inactivity,Health behaviors,2010,,,%,Lower is better,,,,,,,,,
Raleigh,"Wake County, NC",Physical Inactivity,Health behaviors,2010,,,%,Lower is better,,,,,,,,,
Durham,"Durham County, NC",Physical Inactivity,Health behaviors,2010,,,%,Lower is better,,,,,,,,,
Charlotte,"Mecklenburg County, NC",Physical Inactivity,Health behaviors,2010,,,%,Lower is better,,,,,,,,,
Denver,"Denver County, CO",Physical Inactivity,Health behaviors,2010,,,%,Lower is better,,,,,,,,,
Atlanta,"Fulton County, GA",Physical Inactivity,Health behaviors,2010,,,%,Lower is better,,,,,,,,,
Fort Worth,"Tarrant County, TX",Physical Inactivity,Health behaviors,2010,,,%,Lower is better,,,,,,,,,
Dallas,"Dallas County, TX",Physical Inactivity,Health behaviors,2010,,,%,Lower is better,,,,,,,,,
Nashville,"Davidson County, TN",Physical Inactivity,Health behaviors,2010,,,%,Lower is better,,,,,,,,,
Austin,"Travis County, TX",Excessive Drinking,Health behaviors,2010,2002-2008,20.54,%,Lower is better,1,15.905,-5.275,-33.17,Better,Nashville,10.63,Denver,21.06
Raleigh,"Wake County, NC",Excessive Drinking,Health behaviors,2010,2002-2008,12.8,%,Lower is better,1,15.905,-5.275,-33.17,Better,Nashville,10.63,Denver,21.06
Durham,"Durham County, NC",Excessive Drinking,Health behaviors,2010,2002-2008,12.0,%,Lower is better,1,15.905,-5.275,-33.17,Better,Nashville,10.63,Denver,21.06
Charlotte,"Mecklenburg County, NC",Excessive Drinking,Health behaviors,2010,2002-2008,14.76,%,Lower is better,1,15.905,-5.275,-33.17,Better,Nashville,10.63,Denver,21.06
Denver,"Denver County, CO",Excessive Drinking,Health behaviors,2010,2002-2008,21.06,%,Lower is better,1,15.905,-5.275,-33.17,Better,Nashville,10.63,Denver,21.06
Atlanta,"Fulton County, GA",Excessive Drinking,Health behaviors,2010,2002-2008,15.24,%,Lower is better,1,15.905,-5.275,-33.17,Better,Nashville,10.63,Denver,21.06
Fort Worth,"Tarrant County, TX",Excessive Drinking,Health behaviors,2010,2002-2008,15.13,%,Lower is better,1,15.905,-5.275,-33.17,Better,Nashville,10.63,Denver,21.06
Dallas,"Dallas County, TX",Excessive Drinking,Health behaviors,2010,2002-2008,15.71,%,Lower is better,1,15.905,-5.275,-33.17,Better,Nashville,10.63,Denver,21.06
Nashville,"Davidson County, TN",Excessive Drinking,Health behaviors,2010,2002-2008,10.63,%,Lower is better,1,15.905,-5.275,-33.17,Better,Nashville,10.63,Denver,21.06
Austin,"Travis County, TX",Insufficient Sleep,Health behaviors,2010,,,%,Lower is better,,,,,,,,,
Raleigh,"Wake County, NC",Insufficient Sleep,Health behaviors,2010,,,%,Lower is better,,,,,,,,,
Durham,"Durham County, NC",Insufficient Sleep,Health behaviors,2010,,,%,Lower is better,,,,,,,,,
Charlotte,"Mecklenburg County, NC",Insufficient Sleep,Health behaviors,2010,,,%,Lower is better,,,,,,,,,
Denver,"Denver County, CO",Insufficient Sleep,Health behaviors,2010,,,%,Lower is better,,,,,,,,,
Atlanta,"Fulton County, GA",Insufficient Sleep,Health behaviors,2010,,,%,Lower is better,,,,,,,,,
Fort Worth,"Tarrant County, TX",Insufficient Sleep,Health behaviors,2010,,,%,Lower is better,,,,,,,,,
Dallas,"Dallas County, TX",Insufficient Sleep,Health behaviors,2010,,,%,Lower is better,,,,,,,,,
Nashville,"Davidson County, TN",Insufficient Sleep,Health behaviors,2010,,,%,Lower is better,,,,,,,,,
Austin,"Travis County, TX",Food Insecurity,Health behaviors,2010,,,%,Lower is better,,,,,,,,,
Raleigh,"Wake County, NC",Food Insecurity,Health behaviors,2010,,,%,Lower is better,,,,,,,,,
Durham,"Durham County, NC",Food Insecurity,Health behaviors,2010,,,%,Lower is better,,,,,,,,,
Charlotte,"Mecklenburg County, NC",Food Insecurity,Health behaviors,2010,,,%,Lower is better,,,,,,,,,
Denver,"Denver County, CO",Food Insecurity,Health behaviors,2010,,,%,Lower is better,,,,,,,,,
Atlanta,"Fulton County, GA",Food Insecurity,Health behaviors,2010,,,%,Lower is better,,,,,,,,,
Fort Worth,"Tarrant County, TX",Food Insecurity,Health behaviors,2010,,,%,Lower is better,,,,,,,,,
Dallas,"Dallas County, TX",Food Insecurity,Health behaviors,2010,,,%,Lower is better,,,,,,,,,
Nashville,"Davidson County, TN",Food Insecurity,Health behaviors,2010,,,%,Lower is better,,,,,,,,,
Austin,"Travis County, TX",Drug Overdose Deaths,Health behaviors,2010,,,"deaths per 100,000 population",Lower is better,,,,,,,,,
Raleigh,"Wake County, NC",Drug Overdose Deaths,Health behaviors,2010,,,"deaths per 100,000 population",Lower is better,,,,,,,,,
Durham,"Durham County, NC",Drug Overdose Deaths,Health behaviors,2010,,,"deaths per 100,000 population",Lower is better,,,,,,,,,
Charlotte,"Mecklenburg County, NC",Drug Overdose Deaths,Health behaviors,2010,,,"deaths per 100,000 population",Lower is better,,,,,,,,,
Denver,"Denver County, CO",Drug Overdose Deaths,Health behaviors,2010,,,"deaths per 100,000 population",Lower is better,,,,,,,,,
Atlanta,"Fulton County, GA",Drug Overdose Deaths,Health behaviors,2010,,,"deaths per 100,000 population",Lower is better,,,,,,,,,
Fort Worth,"Tarrant County, TX",Drug Overdose Deaths,Health behaviors,2010,,,"deaths per 100,000 population",Lower is better,,,,,,,,,
Dallas,"Dallas County, TX",Drug Overdose Deaths,Health behaviors,2010,,,"deaths per 100,000 population",Lower is better,,,,,,,,,
Nashville,"Davidson County, TN",Drug Overdose Deaths,Health behaviors,2010,,,"deaths per 100,000 population",Lower is better,,,,,,,,,
Austin,"Travis County, TX",Access to Exercise Opportunities,Health behaviors,2010,,,%,Higher is better,,,,,,,,,
Raleigh,"Wake County, NC",Access to Exercise Opportunities,Health behaviors,2010,,,%,Higher is better,,,,,,,,,
Durham,"Durham County, NC",Access to Exercise Opportunities,Health behaviors,2010,,,%,Higher is better,,,,,,,,,
Charlotte,"Mecklenburg County, NC",Access to Exercise Opportunities,Health behaviors,2010,,,%,Higher is better,,,,,,,,,
Denver,"Denver County, CO",Access to Exercise Opportunities,Health behaviors,2010,,,%,Higher is better,,,,,,,,,
Atlanta,"Fulton County, GA",Access to Exercise Opportunities,Health behaviors,2010,,,%,Higher is better,,,,,,,,,
Fort Worth,"Tarrant County, TX",Access to Exercise Opportunities,Health behaviors,2010,,,%,Higher is better,,,,,,,,,
Dallas,"Dallas County, TX",Access to Exercise Opportunities,Health behaviors,2010,,,%,Higher is better,,,,,,,,,
Nashville,"Davidson County, TN",Access to Exercise Opportunities,Health behaviors,2010,,,%,Higher is better,,,,,,,,,
Austin,"Travis County, TX",Uninsured,Clinical care,2010,2005,24.8,%,Lower is better,2,20.65,-4.05,-19.61,Better,Charlotte,16.4,Dallas,29.1
Raleigh,"Wake County, NC",Uninsured,Clinical care,2010,2005,17,%,Lower is better,2,20.65,-4.05,-19.61,Better,Charlotte,16.4,Dallas,29.1
Durham,"Durham County, NC",Uninsured,Clinical care,2010,2005,17.3,%,Lower is better,2,20.65,-4.05,-19.61,Better,Charlotte,16.4,Dallas,29.1
Charlotte,"Mecklenburg County, NC",Uninsured,Clinical care,2010,2005,16.4,%,Lower is better,2,20.65,-4.05,-19.61,Better,Charlotte,16.4,Dallas,29.1
Denver,"Denver County, CO",Uninsured,Clinical care,2010,2005,19.4,%,Lower is better,2,20.65,-4.05,-19.61,Better,Charlotte,16.4,Dallas,29.1
Atlanta,"Fulton County, GA",Uninsured,Clinical care,2010,2005,17.1,%,Lower is better,2,20.65,-4.05,-19.61,Better,Charlotte,16.4,Dallas,29.1
Fort Worth,"Tarrant County, TX",Uninsured,Clinical care,2010,2005,24.1,%,Lower is better,2,20.65,-4.05,-19.61,Better,Charlotte,16.4,Dallas,29.1
Dallas,"Dallas County, TX",Uninsured,Clinical care,2010,2005,29.1,%,Lower is better,2,20.65,-4.05,-19.61,Better,Charlotte,16.4,Dallas,29.1
Nashville,"Davidson County, TN",Uninsured,Clinical care,2010,2005,16.6,%,Lower is better,2,20.65,-4.05,-19.61,Better,Charlotte,16.4,Dallas,29.1
Austin,"Travis County, TX",Primary Care Physicians,Clinical care,2010,2006,99.424646438,"primary care providers per 100,000 population",Higher is better,4,130.949112,19.854377,15.16,Better,Durham,251.56561636,Fort Worth,60.972773145
Raleigh,"Wake County, NC",Primary Care Physicians,Clinical care,2010,2006,97.635004272,"primary care providers per 100,000 population",Higher is better,4,130.949112,19.854377,15.16,Better,Durham,251.56561636,Fort Worth,60.972773145
Durham,"Durham County, NC",Primary Care Physicians,Clinical care,2010,2006,251.56561636,"primary care providers per 100,000 population",Higher is better,4,130.949112,19.854377,15.16,Better,Durham,251.56561636,Fort Worth,60.972773145
Charlotte,"Mecklenburg County, NC",Primary Care Physicians,Clinical care,2010,2006,109.68336735,"primary care providers per 100,000 population",Higher is better,4,130.949112,19.854377,15.16,Better,Durham,251.56561636,Fort Worth,60.972773145
Denver,"Denver County, CO",Primary Care Physicians,Clinical care,2010,2006,192.40259173,"primary care providers per 100,000 population",Higher is better,4,130.949112,19.854377,15.16,Better,Durham,251.56561636,Fort Worth,60.972773145
Atlanta,"Fulton County, GA",Primary Care Physicians,Clinical care,2010,2006,151.99487927,"primary care providers per 100,000 population",Higher is better,4,130.949112,19.854377,15.16,Better,Durham,251.56561636,Fort Worth,60.972773145
Fort Worth,"Tarrant County, TX",Primary Care Physicians,Clinical care,2010,2006,60.972773145,"primary care providers per 100,000 population",Higher is better,4,130.949112,19.854377,15.16,Better,Durham,251.56561636,Fort Worth,60.972773145
Dallas,"Dallas County, TX",Primary Care Physicians,Clinical care,2010,2006,83.91401921,"primary care providers per 100,000 population",Higher is better,4,130.949112,19.854377,15.16,Better,Durham,251.56561636,Fort Worth,60.972773145
Nashville,"Davidson County, TN",Primary Care Physicians,Clinical care,2010,2006,150.80348955,"primary care providers per 100,000 population",Higher is better,4,130.949112,19.854377,15.16,Better,Durham,251.56561636,Fort Worth,60.972773145
Austin,"Travis County, TX",Mental Health Providers,Clinical care,2010,,,residents per mental health provider,Lower is better,,,,,,,,,
Raleigh,"Wake County, NC",Mental Health Providers,Clinical care,2010,,,residents per mental health provider,Lower is better,,,,,,,,,
Durham,"Durham County, NC",Mental Health Providers,Clinical care,2010,,,residents per mental health provider,Lower is better,,,,,,,,,
Charlotte,"Mecklenburg County, NC",Mental Health Providers,Clinical care,2010,,,residents per mental health provider,Lower is better,,,,,,,,,
Denver,"Denver County, CO",Mental Health Providers,Clinical care,2010,,,residents per mental health provider,Lower is better,,,,,,,,,
Atlanta,"Fulton County, GA",Mental Health Providers,Clinical care,2010,,,residents per mental health provider,Lower is better,,,,,,,,,
Fort Worth,"Tarrant County, TX",Mental Health Providers,Clinical care,2010,,,residents per mental health provider,Lower is better,,,,,,,,,
Dallas,"Dallas County, TX",Mental Health Providers,Clinical care,2010,,,residents per mental health provider,Lower is better,,,,,,,,,
Nashville,"Davidson County, TN",Mental Health Providers,Clinical care,2010,,,residents per mental health provider,Lower is better,,,,,,,,,
Austin,"Travis County, TX",Preventable Hospital Stays,Clinical care,2010,2005-06,6202.8164543088,"hospital stays per 100,000 Medicare enrollees",Lower is better,9,6262.039309,1341.704998,21.43,Worse,Denver,5576.10686498,Nashville,7603.744306508
Raleigh,"Wake County, NC",Preventable Hospital Stays,Clinical care,2010,2005-06,5735.3698821599,"hospital stays per 100,000 Medicare enrollees",Lower is better,9,6262.039309,1341.704998,21.43,Worse,Denver,5576.10686498,Nashville,7603.744306508
Durham,"Durham County, NC",Preventable Hospital Stays,Clinical care,2010,2005-06,5765.5896779292,"hospital stays per 100,000 Medicare enrollees",Lower is better,9,6262.039309,1341.704998,21.43,Worse,Denver,5576.10686498,Nashville,7603.744306508
Charlotte,"Mecklenburg County, NC",Preventable Hospital Stays,Clinical care,2010,2005-06,6249.8873238124,"hospital stays per 100,000 Medicare enrollees",Lower is better,9,6262.039309,1341.704998,21.43,Worse,Denver,5576.10686498,Nashville,7603.744306508
Denver,"Denver County, CO",Preventable Hospital Stays,Clinical care,2010,2005-06,5576.10686498,"hospital stays per 100,000 Medicare enrollees",Lower is better,9,6262.039309,1341.704998,21.43,Worse,Denver,5576.10686498,Nashville,7603.744306508
Atlanta,"Fulton County, GA",Preventable Hospital Stays,Clinical care,2010,2005-06,6195.9303344732,"hospital stays per 100,000 Medicare enrollees",Lower is better,9,6262.039309,1341.704998,21.43,Worse,Denver,5576.10686498,Nashville,7603.744306508
Fort Worth,"Tarrant County, TX",Preventable Hospital Stays,Clinical care,2010,2005-06,7282.5735716785,"hospital stays per 100,000 Medicare enrollees",Lower is better,9,6262.039309,1341.704998,21.43,Worse,Denver,5576.10686498,Nashville,7603.744306508
Dallas,"Dallas County, TX",Preventable Hospital Stays,Clinical care,2010,2005-06,7088.0403626374,"hospital stays per 100,000 Medicare enrollees",Lower is better,9,6262.039309,1341.704998,21.43,Worse,Denver,5576.10686498,Nashville,7603.744306508
Nashville,"Davidson County, TN",Preventable Hospital Stays,Clinical care,2010,2005-06,7603.744306508,"hospital stays per 100,000 Medicare enrollees",Lower is better,9,6262.039309,1341.704998,21.43,Worse,Denver,5576.10686498,Nashville,7603.744306508
Austin,"Travis County, TX",Children in Poverty,Social & economic,2010,2007,18.3,%,Lower is better,7,18.9375,5.2625,27.79,Worse,Raleigh,11.1,Dallas,25.5
Raleigh,"Wake County, NC",Children in Poverty,Social & economic,2010,2007,11.1,%,Lower is better,7,18.9375,5.2625,27.79,Worse,Raleigh,11.1,Dallas,25.5
Durham,"Durham County, NC",Children in Poverty,Social & economic,2010,2007,19.3,%,Lower is better,7,18.9375,5.2625,27.79,Worse,Raleigh,11.1,Dallas,25.5
Charlotte,"Mecklenburg County, NC",Children in Poverty,Social & economic,2010,2007,13.8,%,Lower is better,7,18.9375,5.2625,27.79,Worse,Raleigh,11.1,Dallas,25.5
Denver,"Denver County, CO",Children in Poverty,Social & economic,2010,2007,25.4,%,Lower is better,7,18.9375,5.2625,27.79,Worse,Raleigh,11.1,Dallas,25.5
Atlanta,"Fulton County, GA",Children in Poverty,Social & economic,2010,2007,20.8,%,Lower is better,7,18.9375,5.2625,27.79,Worse,Raleigh,11.1,Dallas,25.5
Fort Worth,"Tarrant County, TX",Children in Poverty,Social & economic,2010,2007,17.3,%,Lower is better,7,18.9375,5.2625,27.79,Worse,Raleigh,11.1,Dallas,25.5
Dallas,"Dallas County, TX",Children in Poverty,Social & economic,2010,2007,25.5,%,Lower is better,7,18.9375,5.2625,27.79,Worse,Raleigh,11.1,Dallas,25.5
Nashville,"Davidson County, TN",Children in Poverty,Social & economic,2010,2007,24.2,%,Lower is better,7,18.9375,5.2625,27.79,Worse,Raleigh,11.1,Dallas,25.5
Austin,"Travis County, TX",Unemployment,Social & economic,2010,2008,4.2,%,Lower is better,4,5.2625,-0.0625,-1.19,Better,Austin,4.2,Atlanta,6.4
Raleigh,"Wake County, NC",Unemployment,Social & economic,2010,2008,4.7,%,Lower is better,4,5.2625,-0.0625,-1.19,Better,Austin,4.2,Atlanta,6.4
Durham,"Durham County, NC",Unemployment,Social & economic,2010,2008,4.9,%,Lower is better,4,5.2625,-0.0625,-1.19,Better,Austin,4.2,Atlanta,6.4
Charlotte,"Mecklenburg County, NC",Unemployment,Social & economic,2010,2008,6.1,%,Lower is better,4,5.2625,-0.0625,-1.19,Better,Austin,4.2,Atlanta,6.4
Denver,"Denver County, CO",Unemployment,Social & economic,2010,2008,5.5,%,Lower is better,4,5.2625,-0.0625,-1.19,Better,Austin,4.2,Atlanta,6.4
Atlanta,"Fulton County, GA",Unemployment,Social & economic,2010,2008,6.4,%,Lower is better,4,5.2625,-0.0625,-1.19,Better,Austin,4.2,Atlanta,6.4
Fort Worth,"Tarrant County, TX",Unemployment,Social & economic,2010,2008,4.9,%,Lower is better,4,5.2625,-0.0625,-1.19,Better,Austin,4.2,Atlanta,6.4
Dallas,"Dallas County, TX",Unemployment,Social & economic,2010,2008,5.4,%,Lower is better,4,5.2625,-0.0625,-1.19,Better,Austin,4.2,Atlanta,6.4
Nashville,"Davidson County, TN",Unemployment,Social & economic,2010,2008,5.2,%,Lower is better,4,5.2625,-0.0625,-1.19,Better,Austin,4.2,Atlanta,6.4
Austin,"Travis County, TX",Median Household Income,Social & economic,2010,,,USD,Higher is better,,,,,,,,,
Raleigh,"Wake County, NC",Median Household Income,Social & economic,2010,,,USD,Higher is better,,,,,,,,,
Durham,"Durham County, NC",Median Household Income,Social & economic,2010,,,USD,Higher is better,,,,,,,,,
Charlotte,"Mecklenburg County, NC",Median Household Income,Social & economic,2010,,,USD,Higher is better,,,,,,,,,
Denver,"Denver County, CO",Median Household Income,Social & economic,2010,,,USD,Higher is better,,,,,,,,,
Atlanta,"Fulton County, GA",Median Household Income,Social & economic,2010,,,USD,Higher is better,,,,,,,,,
Fort Worth,"Tarrant County, TX",Median Household Income,Social & economic,2010,,,USD,Higher is better,,,,,,,,,
Dallas,"Dallas County, TX",Median Household Income,Social & economic,2010,,,USD,Higher is better,,,,,,,,,
Nashville,"Davidson County, TN",Median Household Income,Social & economic,2010,,,USD,Higher is better,,,,,,,,,
Austin,"Travis County, TX",High School Completion,Social & economic,2010,,,%,Higher is better,,,,,,,,,
Raleigh,"Wake County, NC",High School Completion,Social & economic,2010,,,%,Higher is better,,,,,,,,,
Durham,"Durham County, NC",High School Completion,Social & economic,2010,,,%,Higher is better,,,,,,,,,
Charlotte,"Mecklenburg County, NC",High School Completion,Social & economic,2010,,,%,Higher is better,,,,,,,,,
Denver,"Denver County, CO",High School Completion,Social & economic,2010,,,%,Higher is better,,,,,,,,,
Atlanta,"Fulton County, GA",High School Completion,Social & economic,2010,,,%,Higher is better,,,,,,,,,
Fort Worth,"Tarrant County, TX",High School Completion,Social & economic,2010,,,%,Higher is better,,,,,,,,,
Dallas,"Dallas County, TX",High School Completion,Social & economic,2010,,,%,Higher is better,,,,,,,,,
Nashville,"Davidson County, TN",High School Completion,Social & economic,2010,,,%,Higher is better,,,,,,,,,
Austin,"Travis County, TX",Income Inequality,Social & economic,2010,2000,46.7,Gini index (0–100),Lower is better,8,46.7375,1.3625,2.92,Worse,Fort Worth,43.5,Atlanta,52.5
Raleigh,"Wake County, NC",Income Inequality,Social & economic,2010,2000,43.7,Gini index (0–100),Lower is better,8,46.7375,1.3625,2.92,Worse,Fort Worth,43.5,Atlanta,52.5
Durham,"Durham County, NC",Income Inequality,Social & economic,2010,2000,46.1,Gini index (0–100),Lower is better,8,46.7375,1.3625,2.92,Worse,Fort Worth,43.5,Atlanta,52.5
Charlotte,"Mecklenburg County, NC",Income Inequality,Social & economic,2010,2000,47.3,Gini index (0–100),Lower is better,8,46.7375,1.3625,2.92,Worse,Fort Worth,43.5,Atlanta,52.5
Denver,"Denver County, CO",Income Inequality,Social & economic,2010,2000,47.1,Gini index (0–100),Lower is better,8,46.7375,1.3625,2.92,Worse,Fort Worth,43.5,Atlanta,52.5
Atlanta,"Fulton County, GA",Income Inequality,Social & economic,2010,2000,52.5,Gini index (0–100),Lower is better,8,46.7375,1.3625,2.92,Worse,Fort Worth,43.5,Atlanta,52.5
Fort Worth,"Tarrant County, TX",Income Inequality,Social & economic,2010,2000,43.5,Gini index (0–100),Lower is better,8,46.7375,1.3625,2.92,Worse,Fort Worth,43.5,Atlanta,52.5
Dallas,"Dallas County, TX",Income Inequality,Social & economic,2010,2000,47.0,Gini index (0–100),Lower is better,8,46.7375,1.3625,2.92,Worse,Fort Worth,43.5,Atlanta,52.5
Nashville,"Davidson County, TN",Income Inequality,Social & economic,2010,2000,48.1,Gini index (0–100),Lower is better,8,46.7375,1.3625,2.92,Worse,Fort Worth,43.5,Atlanta,52.5
Austin,"Travis County, TX",Severe Housing Problems,Physical environment,2010,,,%,Lower is better,,,,,,,,,
Raleigh,"Wake County, NC",Severe Housing Problems,Physical environment,2010,,,%,Lower is better,,,,,,,,,
Durham,"Durham County, NC",Severe Housing Problems,Physical environment,2010,,,%,Lower is better,,,,,,,,,
Charlotte,"Mecklenburg County, NC",Severe Housing Problems,Physical environment,2010,,,%,Lower is better,,,,,,,,,
Denver,"Denver County, CO",Severe Housing Problems,Physical environment,2010,,,%,Lower is better,,,,,,,,,
Atlanta,"Fulton County, GA",Severe Housing Problems,Physical environment,2010,,,%,Lower is better,,,,,,,,,
Fort Worth,"Tarrant County, TX",Severe Housing Problems,Physical environment,2010,,,%,Lower is better,,,,,,,,,
Dallas,"Dallas County, TX",Severe Housing Problems,Physical environment,2010,,,%,Lower is better,,,,,,,,,
Nashville,"Davidson County, TN",Severe Housing Problems,Physical environment,2010,,,%,Lower is better,,,,,,,,,
Austin,"Travis County, TX",Air Pollution – Particulate Matter,Physical environment,2010,2005,3.0,unhealthy air quality days (particulate matter),Lower is better,8,4.25,5.75,135.29,Worse,Fort Worth,0,Atlanta,12
Raleigh,"Wake County, NC",Air Pollution – Particulate Matter,Physical environment,2010,2005,5.0,unhealthy air quality days (particulate matter),Lower is better,8,4.25,5.75,135.29,Worse,Fort Worth,0,Atlanta,12
Durham,"Durham County, NC",Air Pollution – Particulate Matter,Physical environment,2010,2005,2.0,unhealthy air quality days (particulate matter),Lower is better,8,4.25,5.75,135.29,Worse,Fort Worth,0,Atlanta,12
Charlotte,"Mecklenburg County, NC",Air Pollution – Particulate Matter,Physical environment,2010,2005,7.0,unhealthy air quality days (particulate matter),Lower is better,8,4.25,5.75,135.29,Worse,Fort Worth,0,Atlanta,12
Denver,"Denver County, CO",Air Pollution – Particulate Matter,Physical environment,2010,2005,4.0,unhealthy air quality days (particulate matter),Lower is better,8,4.25,5.75,135.29,Worse,Fort Worth,0,Atlanta,12
Atlanta,"Fulton County, GA",Air Pollution – Particulate Matter,Physical environment,2010,2005,12.0,unhealthy air quality days (particulate matter),Lower is better,8,4.25,5.75,135.29,Worse,Fort Worth,0,Atlanta,12
Fort Worth,"Tarrant County, TX",Air Pollution – Particulate Matter,Physical environment,2010,2005,0.0,unhealthy air quality days (particulate matter),Lower is better,8,4.25,5.75,135.29,Worse,Fort Worth,0,Atlanta,12
Dallas,"Dallas County, TX",Air Pollution – Particulate Matter,Physical environment,2010,2005,1.0,unhealthy air quality days (particulate matter),Lower is better,8,4.25,5.75,135.29,Worse,Fort Worth,0,Atlanta,12
Nashville,"Davidson County, TN",Air Pollution – Particulate Matter,Physical environment,2010,2005,10.0,unhealthy air quality days (particulate matter),Lower is better,8,4.25,5.75,135.29,Worse,Fort Worth,0,Atlanta,12
Austin,"Travis County, TX",Suicide Rate,Health outcomes / well-being,2010,,,"deaths per 100,000 population",Lower is better,,,,,,,,,
Raleigh,"Wake County, NC",Suicide Rate,Health outcomes / well-being,2010,,,"deaths per 100,000 population",Lower is better,,,,,,,,,
Durham,"Durham County, NC",Suicide Rate,Health outcomes / well-being,2010,,,"deaths per 100,000 population",Lower is better,,,,,,,,,
Charlotte,"Mecklenburg County, NC",Suicide Rate,Health outcomes / well-being,2010,,,"deaths per 100,000 population",Lower is better,,,,,,,,,
Denver,"Denver County, CO",Suicide Rate,Health outcomes / well-being,2010,,,"deaths per 100,000 population",Lower is better,,,,,,,,,
Atlanta,"Fulton County, GA",Suicide Rate,Health outcomes / well-being,2010,,,"deaths per 100,000 population",Lower is better,,,,,,,,,
Fort Worth,"Tarrant County, TX",Suicide Rate,Health outcomes / well-being,2010,,,"deaths per 100,000 population",Lower is better,,,,,,,,,
Dallas,"Dallas County, TX",Suicide Rate,Health outcomes / well-being,2010,,,"deaths per 100,000 population",Lower is better,,,,,,,,,
Nashville,"Davidson County, TN",Suicide Rate,Health outcomes / well-being,2010,,,"deaths per 100,000 population",Lower is better,,,,,,,,,
Austin,"Travis County, TX",Teen Birth Rate,Health behaviors,2010,2000-2006,54.4,"births per 1,000 females ages 15–19",Lower is better,6,58.5,-3.6,-6.15,Better,Raleigh,29.4,Denver,98.5
Raleigh,"Wake County, NC",Teen Birth Rate,Health behaviors,2010,2000-2006,29.4,"births per 1,000 females ages 15–19",Lower is better,6,58.5,-3.6,-6.15,Better,Raleigh,29.4,Denver,98.5
Durham,"Durham County, NC",Teen Birth Rate,Health behaviors,2010,2000-2006,49.2,"births per 1,000 females ages 15–19",Lower is better,6,58.5,-3.6,-6.15,Better,Raleigh,29.4,Denver,98.5
Charlotte,"Mecklenburg County, NC",Teen Birth Rate,Health behaviors,2010,2000-2006,45.2,"births per 1,000 females ages 15–19",Lower is better,6,58.5,-3.6,-6.15,Better,Raleigh,29.4,Denver,98.5
Denver,"Denver County, CO",Teen Birth Rate,Health behaviors,2010,2000-2006,98.5,"births per 1,000 females ages 15–19",Lower is better,6,58.5,-3.6,-6.15,Better,Raleigh,29.4,Denver,98.5
Atlanta,"Fulton County, GA",Teen Birth Rate,Health behaviors,2010,2000-2006,51,"births per 1,000 females ages 15–19",Lower is better,6,58.5,-3.6,-6.15,Better,Raleigh,29.4,Denver,98.5
Fort Worth,"Tarrant County, TX",Teen Birth Rate,Health behaviors,2010,2000-2006,62,"births per 1,000 females ages 15–19",Lower is better,6,58.5,-3.6,-6.15,Better,Raleigh,29.4,Denver,98.5
Dallas,"Dallas County, TX",Teen Birth Rate,Health behaviors,2010,2000-2006,78.3,"births per 1,000 females ages 15–19",Lower is better,6,58.5,-3.6,-6.15,Better,Raleigh,29.4,Denver,98.5
Nashville,"Davidson County, TN",Teen Birth Rate,Health behaviors,2010,2000-2006,54.9,"births per 1,000 females ages 15–19",Lower is better,6,58.5,-3.6,-6.15,Better,Raleigh,29.4,Denver,98.5
Austin,"Travis County, TX",Injury Deaths,Health outcomes / well-being,2010,,,"deaths per 100,000 population",Lower is better,,,,,,,,,
Raleigh,"Wake County, NC",Injury Deaths,Health outcomes / well-being,2010,,,"deaths per 100,000 population",Lower is better,,,,,,,,,
Durham,"Durham County, NC",Injury Deaths,Health outcomes / well-being,2010,,,"deaths per 100,000 population",Lower is better,,,,,,,,,
Charlotte,"Mecklenburg County, NC",Injury Deaths,Health outcomes / well-being,2010,,,"deaths per 100,000 population",Lower is better,,,,,,,,,
Denver,"Denver County, CO",Injury Deaths,Health outcomes / well-being,2010,,,"deaths per 100,000 population",Lower is better,,,,,,,,,
Atlanta,"Fulton County, GA",Injury Deaths,Health outcomes / well-being,2010,,,"deaths per 100,000 population",Lower is better,,,,,,,,,
Fort Worth,"Tarrant County, TX",Injury Deaths,Health outcomes / well-being,2010,,,"deaths per 100,000 population",Lower is better,,,,,,,,,
Dallas,"Dallas County, TX",Injury Deaths,Health outcomes / well-being,2010,,,"deaths per 100,000 population",Lower is better,,,,,,,,,
Nashville,"Davidson County, TN",Injury Deaths,Health outcomes / well-being,2010,,,"deaths per 100,000 population",Lower is better,,,,,,,,,
Austin,"Travis County, TX",Broadband Access,Physical environment,2010,,,%,Higher is better,,,,,,,,,
Raleigh,"Wake County, NC",Broadband Access,Physical environment,2010,,,%,Higher is better,,,,,,,,,
Durham,"Durham County, NC",Broadband Access,Physical environment,2010,,,%,Higher is better,,,,,,,,,
Charlotte,"Mecklenburg County, NC",Broadband Access,Physical environment,2010,,,%,Higher is better,,,,,,,,,
Denver,"Denver County, CO",Broadband Access,Physical environment,2010,,,%,Higher is better,,,,,,,,,
Atlanta,"Fulton County, GA",Broadband Access,Physical environment,2010,,,%,Higher is better,,,,,,,,,
Fort Worth,"Tarrant County, TX",Broadband Access,Physical environment,2010,,,%,Higher is better,,,,,,,,,
Dallas,"Dallas County, TX",Broadband Access,Physical environment,2010,,,%,Higher is better,,,,,,,,,
Nashville,"Davidson County, TN",Broadband Access,Physical environment,2010,,,%,Higher is better,,,,,,,,,
Austin,"Travis County, TX",Severe Housing Cost Burden,Physical environment,2010,,,%,Lower is better,,,,,,,,,
Raleigh,"Wake County, NC",Severe Housing Cost Burden,Physical environment,2010,,,%,Lower is better,,,,,,,,,
Durham,"Durham County, NC",Severe Housing Cost Burden,Physical environment,2010,,,%,Lower is better,,,,,,,,,
Charlotte,"Mecklenburg County, NC",Severe Housing Cost Burden,Physical environment,2010,,,%,Lower is better,,,,,,,,,
Denver,"Denver County, CO",Severe Housing Cost Burden,Physical environment,2010,,,%,Lower is better,,,,,,,,,
Atlanta,"Fulton County, GA",Severe Housing Cost Burden,Physical environment,2010,,,%,Lower is better,,,,,,,,,
Fort Worth,"Tarrant County, TX",Severe Housing Cost Burden,Physical environment,2010,,,%,Lower is better,,,,,,,,,
Dallas,"Dallas County, TX",Severe Housing Cost Burden,Physical environment,2010,,,%,Lower is better,,,,,,,,,
Nashville,"Davidson County, TN",Severe Housing Cost Burden,Physical environment,2010,,,%,Lower is better,,,,,,,,,
Austin,"Travis County, TX",Life Expectancy,Health outcomes / well-being,2011,,,years,Higher is better,,,,,,,,,
Raleigh,"Wake County, NC",Life Expectancy,Health outcomes / well-being,2011,,,years,Higher is better,,,,,,,,,
Durham,"Durham County, NC",Life Expectancy,Health outcomes / well-being,2011,,,years,Higher is better,,,,,,,,,
Charlotte,"Mecklenburg County, NC",Life Expectancy,Health outcomes / well-being,2011,,,years,Higher is better,,,,,,,,,
Denver,"Denver County, CO",Life Expectancy,Health outcomes / well-being,2011,,,years,Higher is better,,,,,,,,,
Atlanta,"Fulton County, GA",Life Expectancy,Health outcomes / well-being,2011,,,years,Higher is better,,,,,,,,,
Fort Worth,"Tarrant County, TX",Life Expectancy,Health outcomes / well-being,2011,,,years,Higher is better,,,,,,,,,
Dallas,"Dallas County, TX",Life Expectancy,Health outcomes / well-being,2011,,,years,Higher is better,,,,,,,,,
Nashville,"Davidson County, TN",Life Expectancy,Health outcomes / well-being,2011,,,years,Higher is better,,,,,,,,,
Austin,"Travis County, TX",Infant Mortality,Health outcomes / well-being,2011,,,"deaths per 1,000 live births",Lower is better,,,,,,,,,
Raleigh,"Wake County, NC",Infant Mortality,Health outcomes / well-being,2011,,,"deaths per 1,000 live births",Lower is better,,,,,,,,,
Durham,"Durham County, NC",Infant Mortality,Health outcomes / well-being,2011,,,"deaths per 1,000 live births",Lower is better,,,,,,,,,
Charlotte,"Mecklenburg County, NC",Infant Mortality,Health outcomes / well-being,2011,,,"deaths per 1,000 live births",Lower is better,,,,,,,,,
Denver,"Denver County, CO",Infant Mortality,Health outcomes / well-being,2011,,,"deaths per 1,000 live births",Lower is better,,,,,,,,,
Atlanta,"Fulton County, GA",Infant Mortality,Health outcomes / well-being,2011,,,"deaths per 1,000 live births",Lower is better,,,,,,,,,
Fort Worth,"Tarrant County, TX",Infant Mortality,Health outcomes / well-being,2011,,,"deaths per 1,000 live births",Lower is better,,,,,,,,,
Dallas,"Dallas County, TX",Infant Mortality,Health outcomes / well-being,2011,,,"deaths per 1,000 live births",Lower is better,,,,,,,,,
Nashville,"Davidson County, TN",Infant Mortality,Health outcomes / well-being,2011,,,"deaths per 1,000 live births",Lower is better,,,,,,,,,
Austin,"Travis County, TX",Poor or Fair Health,Health outcomes / well-being,2011,2003-2009,13.8,%,Lower is better,4,15.575,-0.275,-1.77,Better,Raleigh,12.6,Dallas,19.5
Raleigh,"Wake County, NC",Poor or Fair Health,Health outcomes / well-being,2011,2003-2009,12.6,%,Lower is better,4,15.575,-0.275,-1.77,Better,Raleigh,12.6,Dallas,19.5
Durham,"Durham County, NC",Poor or Fair Health,Health outcomes / well-being,2011,2003-2009,16.6,%,Lower is better,4,15.575,-0.275,-1.77,Better,Raleigh,12.6,Dallas,19.5
Charlotte,"Mecklenburg County, NC",Poor or Fair Health,Health outcomes / well-being,2011,2003-2009,14.6,%,Lower is better,4,15.575,-0.275,-1.77,Better,Raleigh,12.6,Dallas,19.5
Denver,"Denver County, CO",Poor or Fair Health,Health outcomes / well-being,2011,2003-2009,17.2,%,Lower is better,4,15.575,-0.275,-1.77,Better,Raleigh,12.6,Dallas,19.5
Atlanta,"Fulton County, GA",Poor or Fair Health,Health outcomes / well-being,2011,2003-2009,13.8,%,Lower is better,4,15.575,-0.275,-1.77,Better,Raleigh,12.6,Dallas,19.5
Fort Worth,"Tarrant County, TX",Poor or Fair Health,Health outcomes / well-being,2011,2003-2009,16.5,%,Lower is better,4,15.575,-0.275,-1.77,Better,Raleigh,12.6,Dallas,19.5
Dallas,"Dallas County, TX",Poor or Fair Health,Health outcomes / well-being,2011,2003-2009,19.5,%,Lower is better,4,15.575,-0.275,-1.77,Better,Raleigh,12.6,Dallas,19.5
Nashville,"Davidson County, TN",Poor or Fair Health,Health outcomes / well-being,2011,2003-2009,15.3,%,Lower is better,4,15.575,-0.275,-1.77,Better,Raleigh,12.6,Dallas,19.5
Austin,"Travis County, TX",Poor Physical Health Days,Health outcomes / well-being,2011,2003-2009,2.8,days per month,Lower is better,4,2.95,0.15,5.08,Worse,Raleigh,2.6,Denver,3.3
Raleigh,"Wake County, NC",Poor Physical Health Days,Health outcomes / well-being,2011,2003-2009,2.6,days per month,Lower is better,4,2.95,0.15,5.08,Worse,Raleigh,2.6,Denver,3.3
Durham,"Durham County, NC",Poor Physical Health Days,Health outcomes / well-being,2011,2003-2009,2.8,days per month,Lower is better,4,2.95,0.15,5.08,Worse,Raleigh,2.6,Denver,3.3
Charlotte,"Mecklenburg County, NC",Poor Physical Health Days,Health outcomes / well-being,2011,2003-2009,2.8,days per month,Lower is better,4,2.95,0.15,5.08,Worse,Raleigh,2.6,Denver,3.3
Denver,"Denver County, CO",Poor Physical Health Days,Health outcomes / well-being,2011,2003-2009,3.3,days per month,Lower is better,4,2.95,0.15,5.08,Worse,Raleigh,2.6,Denver,3.3
Atlanta,"Fulton County, GA",Poor Physical Health Days,Health outcomes / well-being,2011,2003-2009,2.9,days per month,Lower is better,4,2.95,0.15,5.08,Worse,Raleigh,2.6,Denver,3.3
Fort Worth,"Tarrant County, TX",Poor Physical Health Days,Health outcomes / well-being,2011,2003-2009,3.2,days per month,Lower is better,4,2.95,0.15,5.08,Worse,Raleigh,2.6,Denver,3.3
Dallas,"Dallas County, TX",Poor Physical Health Days,Health outcomes / well-being,2011,2003-2009,3.2,days per month,Lower is better,4,2.95,0.15,5.08,Worse,Raleigh,2.6,Denver,3.3
Nashville,"Davidson County, TN",Poor Physical Health Days,Health outcomes / well-being,2011,2003-2009,3.1,days per month,Lower is better,4,2.95,0.15,5.08,Worse,Raleigh,2.6,Denver,3.3
Austin,"Travis County, TX",Poor Mental Health Days,Health outcomes / well-being,2011,2003-2009,3.2,days per month,Lower is better,2,3.0375,-0.1375,-4.53,Better,Raleigh,2.4,Denver,3.3
Raleigh,"Wake County, NC",Poor Mental Health Days,Health outcomes / well-being,2011,2003-2009,2.4,days per month,Lower is better,2,3.0375,-0.1375,-4.53,Better,Raleigh,2.4,Denver,3.3
Durham,"Durham County, NC",Poor Mental Health Days,Health outcomes / well-being,2011,2003-2009,3.1,days per month,Lower is better,2,3.0375,-0.1375,-4.53,Better,Raleigh,2.4,Denver,3.3
Charlotte,"Mecklenburg County, NC",Poor Mental Health Days,Health outcomes / well-being,2011,2003-2009,3.2,days per month,Lower is better,2,3.0375,-0.1375,-4.53,Better,Raleigh,2.4,Denver,3.3
Denver,"Denver County, CO",Poor Mental Health Days,Health outcomes / well-being,2011,2003-2009,3.3,days per month,Lower is better,2,3.0375,-0.1375,-4.53,Better,Raleigh,2.4,Denver,3.3
Atlanta,"Fulton County, GA",Poor Mental Health Days,Health outcomes / well-being,2011,2003-2009,2.9,days per month,Lower is better,2,3.0375,-0.1375,-4.53,Better,Raleigh,2.4,Denver,3.3
Fort Worth,"Tarrant County, TX",Poor Mental Health Days,Health outcomes / well-being,2011,2003-2009,3.1,days per month,Lower is better,2,3.0375,-0.1375,-4.53,Better,Raleigh,2.4,Denver,3.3
Dallas,"Dallas County, TX",Poor Mental Health Days,Health outcomes / well-being,2011,2003-2009,3.1,days per month,Lower is better,2,3.0375,-0.1375,-4.53,Better,Raleigh,2.4,Denver,3.3
Nashville,"Davidson County, TN",Poor Mental Health Days,Health outcomes / well-being,2011,2003-2009,2.9,days per month,Lower is better,2,3.0375,-0.1375,-4.53,Better,Raleigh,2.4,Denver,3.3
Austin,"Travis County, TX",Adult Obesity,Health outcomes / well-being,2011,2008,22.7,%,Lower is better,9,24.975,5.325,21.32,Worse,Denver,17,Nashville,30.3
Raleigh,"Wake County, NC",Adult Obesity,Health outcomes / well-being,2011,2008,26.7,%,Lower is better,9,24.975,5.325,21.32,Worse,Denver,17,Nashville,30.3
Durham,"Durham County, NC",Adult Obesity,Health outcomes / well-being,2011,2008,29.2,%,Lower is better,9,24.975,5.325,21.32,Worse,Denver,17,Nashville,30.3
Charlotte,"Mecklenburg County, NC",Adult Obesity,Health outcomes / well-being,2011,2008,25.6,%,Lower is better,9,24.975,5.325,21.32,Worse,Denver,17,Nashville,30.3
Denver,"Denver County, CO",Adult Obesity,Health outcomes / well-being,2011,2008,17,%,Lower is better,9,24.975,5.325,21.32,Worse,Denver,17,Nashville,30.3
Atlanta,"Fulton County, GA",Adult Obesity,Health outcomes / well-being,2011,2008,23.5,%,Lower is better,9,24.975,5.325,21.32,Worse,Denver,17,Nashville,30.3
Fort Worth,"Tarrant County, TX",Adult Obesity,Health outcomes / well-being,2011,2008,26.8,%,Lower is better,9,24.975,5.325,21.32,Worse,Denver,17,Nashville,30.3
Dallas,"Dallas County, TX",Adult Obesity,Health outcomes / well-being,2011,2008,28.3,%,Lower is better,9,24.975,5.325,21.32,Worse,Denver,17,Nashville,30.3
Nashville,"Davidson County, TN",Adult Obesity,Health outcomes / well-being,2011,2008,30.3,%,Lower is better,9,24.975,5.325,21.32,Worse,Denver,17,Nashville,30.3
Austin,"Travis County, TX",Diabetes Prevalence,Health outcomes / well-being,2011,2008,6.8,%,Lower is better,8,7.95,1.45,18.24,Worse,Denver,5.4,Nashville,9.4
Raleigh,"Wake County, NC",Diabetes Prevalence,Health outcomes / well-being,2011,2008,7.8,%,Lower is better,8,7.95,1.45,18.24,Worse,Denver,5.4,Nashville,9.4
Durham,"Durham County, NC",Diabetes Prevalence,Health outcomes / well-being,2011,2008,9.3,%,Lower is better,8,7.95,1.45,18.24,Worse,Denver,5.4,Nashville,9.4
Charlotte,"Mecklenburg County, NC",Diabetes Prevalence,Health outcomes / well-being,2011,2008,7.9,%,Lower is better,8,7.95,1.45,18.24,Worse,Denver,5.4,Nashville,9.4
Denver,"Denver County, CO",Diabetes Prevalence,Health outcomes / well-being,2011,2008,5.4,%,Lower is better,8,7.95,1.45,18.24,Worse,Denver,5.4,Nashville,9.4
Atlanta,"Fulton County, GA",Diabetes Prevalence,Health outcomes / well-being,2011,2008,8.7,%,Lower is better,8,7.95,1.45,18.24,Worse,Denver,5.4,Nashville,9.4
Fort Worth,"Tarrant County, TX",Diabetes Prevalence,Health outcomes / well-being,2011,2008,8.4,%,Lower is better,8,7.95,1.45,18.24,Worse,Denver,5.4,Nashville,9.4
Dallas,"Dallas County, TX",Diabetes Prevalence,Health outcomes / well-being,2011,2008,9.3,%,Lower is better,8,7.95,1.45,18.24,Worse,Denver,5.4,Nashville,9.4
Nashville,"Davidson County, TN",Diabetes Prevalence,Health outcomes / well-being,2011,2008,9.4,%,Lower is better,8,7.95,1.45,18.24,Worse,Denver,5.4,Nashville,9.4
Austin,"Travis County, TX",Adult Smoking,Health behaviors,2011,2003-2009,18.5,%,Lower is better,7,17.5875,2.8125,15.99,Worse,Raleigh,15.2,Nashville,20.4
Raleigh,"Wake County, NC",Adult Smoking,Health behaviors,2011,2003-2009,15.2,%,Lower is better,7,17.5875,2.8125,15.99,Worse,Raleigh,15.2,Nashville,20.4
Durham,"Durham County, NC",Adult Smoking,Health behaviors,2011,2003-2009,15.9,%,Lower is better,7,17.5875,2.8125,15.99,Worse,Raleigh,15.2,Nashville,20.4
Charlotte,"Mecklenburg County, NC",Adult Smoking,Health behaviors,2011,2003-2009,17,%,Lower is better,7,17.5875,2.8125,15.99,Worse,Raleigh,15.2,Nashville,20.4
Denver,"Denver County, CO",Adult Smoking,Health behaviors,2011,2003-2009,20.4,%,Lower is better,7,17.5875,2.8125,15.99,Worse,Raleigh,15.2,Nashville,20.4
Atlanta,"Fulton County, GA",Adult Smoking,Health behaviors,2011,2003-2009,16,%,Lower is better,7,17.5875,2.8125,15.99,Worse,Raleigh,15.2,Nashville,20.4
Fort Worth,"Tarrant County, TX",Adult Smoking,Health behaviors,2011,2003-2009,19.2,%,Lower is better,7,17.5875,2.8125,15.99,Worse,Raleigh,15.2,Nashville,20.4
Dallas,"Dallas County, TX",Adult Smoking,Health behaviors,2011,2003-2009,18.5,%,Lower is better,7,17.5875,2.8125,15.99,Worse,Raleigh,15.2,Nashville,20.4
Nashville,"Davidson County, TN",Adult Smoking,Health behaviors,2011,2003-2009,20.4,%,Lower is better,7,17.5875,2.8125,15.99,Worse,Raleigh,15.2,Nashville,20.4
Austin,"Travis County, TX",Physical Inactivity,Health behaviors,2011,2008,17.4,%,Lower is better,9,20.0125,7.2875,36.41,Worse,Denver,15.8,Nashville,27.3
Raleigh,"Wake County, NC",Physical Inactivity,Health behaviors,2011,2008,18.7,%,Lower is better,9,20.0125,7.2875,36.41,Worse,Denver,15.8,Nashville,27.3
Durham,"Durham County, NC",Physical Inactivity,Health behaviors,2011,2008,21.4,%,Lower is better,9,20.0125,7.2875,36.41,Worse,Denver,15.8,Nashville,27.3
Charlotte,"Mecklenburg County, NC",Physical Inactivity,Health behaviors,2011,2008,19.6,%,Lower is better,9,20.0125,7.2875,36.41,Worse,Denver,15.8,Nashville,27.3
Denver,"Denver County, CO",Physical Inactivity,Health behaviors,2011,2008,15.8,%,Lower is better,9,20.0125,7.2875,36.41,Worse,Denver,15.8,Nashville,27.3
Atlanta,"Fulton County, GA",Physical Inactivity,Health behaviors,2011,2008,20.4,%,Lower is better,9,20.0125,7.2875,36.41,Worse,Denver,15.8,Nashville,27.3
Fort Worth,"Tarrant County, TX",Physical Inactivity,Health behaviors,2011,2008,22.1,%,Lower is better,9,20.0125,7.2875,36.41,Worse,Denver,15.8,Nashville,27.3
Dallas,"Dallas County, TX",Physical Inactivity,Health behaviors,2011,2008,24.7,%,Lower is better,9,20.0125,7.2875,36.41,Worse,Denver,15.8,Nashville,27.3
Nashville,"Davidson County, TN",Physical Inactivity,Health behaviors,2011,2008,27.3,%,Lower is better,9,20.0125,7.2875,36.41,Worse,Denver,15.8,Nashville,27.3
Austin,"Travis County, TX",Excessive Drinking,Health behaviors,2011,2003-2009,21.5,%,Lower is better,1,17.0625,-5.1625,-30.26,Better,Nashville,11.9,Denver,23.2
Raleigh,"Wake County, NC",Excessive Drinking,Health behaviors,2011,2003-2009,14,%,Lower is better,1,17.0625,-5.1625,-30.26,Better,Nashville,11.9,Denver,23.2
Durham,"Durham County, NC",Excessive Drinking,Health behaviors,2011,2003-2009,13.9,%,Lower is better,1,17.0625,-5.1625,-30.26,Better,Nashville,11.9,Denver,23.2
Charlotte,"Mecklenburg County, NC",Excessive Drinking,Health behaviors,2011,2003-2009,15.9,%,Lower is better,1,17.0625,-5.1625,-30.26,Better,Nashville,11.9,Denver,23.2
Denver,"Denver County, CO",Excessive Drinking,Health behaviors,2011,2003-2009,23.2,%,Lower is better,1,17.0625,-5.1625,-30.26,Better,Nashville,11.9,Denver,23.2
Atlanta,"Fulton County, GA",Excessive Drinking,Health behaviors,2011,2003-2009,16.5,%,Lower is better,1,17.0625,-5.1625,-30.26,Better,Nashville,11.9,Denver,23.2
Fort Worth,"Tarrant County, TX",Excessive Drinking,Health behaviors,2011,2003-2009,15.6,%,Lower is better,1,17.0625,-5.1625,-30.26,Better,Nashville,11.9,Denver,23.2
Dallas,"Dallas County, TX",Excessive Drinking,Health behaviors,2011,2003-2009,15.9,%,Lower is better,1,17.0625,-5.1625,-30.26,Better,Nashville,11.9,Denver,23.2
Nashville,"Davidson County, TN",Excessive Drinking,Health behaviors,2011,2003-2009,11.9,%,Lower is better,1,17.0625,-5.1625,-30.26,Better,Nashville,11.9,Denver,23.2
Austin,"Travis County, TX",Insufficient Sleep,Health behaviors,2011,,,%,Lower is better,,,,,,,,,
Raleigh,"Wake County, NC",Insufficient Sleep,Health behaviors,2011,,,%,Lower is better,,,,,,,,,
Durham,"Durham County, NC",Insufficient Sleep,Health behaviors,2011,,,%,Lower is better,,,,,,,,,
Charlotte,"Mecklenburg County, NC",Insufficient Sleep,Health behaviors,2011,,,%,Lower is better,,,,,,,,,
Denver,"Denver County, CO",Insufficient Sleep,Health behaviors,2011,,,%,Lower is better,,,,,,,,,
Atlanta,"Fulton County, GA",Insufficient Sleep,Health behaviors,2011,,,%,Lower is better,,,,,,,,,
Fort Worth,"Tarrant County, TX",Insufficient Sleep,Health behaviors,2011,,,%,Lower is better,,,,,,,,,
Dallas,"Dallas County, TX",Insufficient Sleep,Health behaviors,2011,,,%,Lower is better,,,,,,,,,
Nashville,"Davidson County, TN",Insufficient Sleep,Health behaviors,2011,,,%,Lower is better,,,,,,,,,
Austin,"Travis County, TX",Food Insecurity,Health behaviors,2011,,,%,Lower is better,,,,,,,,,
Raleigh,"Wake County, NC",Food Insecurity,Health behaviors,2011,,,%,Lower is better,,,,,,,,,
Durham,"Durham County, NC",Food Insecurity,Health behaviors,2011,,,%,Lower is better,,,,,,,,,
Charlotte,"Mecklenburg County, NC",Food Insecurity,Health behaviors,2011,,,%,Lower is better,,,,,,,,,
Denver,"Denver County, CO",Food Insecurity,Health behaviors,2011,,,%,Lower is better,,,,,,,,,
Atlanta,"Fulton County, GA",Food Insecurity,Health behaviors,2011,,,%,Lower is better,,,,,,,,,
Fort Worth,"Tarrant County, TX",Food Insecurity,Health behaviors,2011,,,%,Lower is better,,,,,,,,,
Dallas,"Dallas County, TX",Food Insecurity,Health behaviors,2011,,,%,Lower is better,,,,,,,,,
Nashville,"Davidson County, TN",Food Insecurity,Health behaviors,2011,,,%,Lower is better,,,,,,,,,
Austin,"Travis County, TX",Drug Overdose Deaths,Health behaviors,2011,,,"deaths per 100,000 population",Lower is better,,,,,,,,,
Raleigh,"Wake County, NC",Drug Overdose Deaths,Health behaviors,2011,,,"deaths per 100,000 population",Lower is better,,,,,,,,,
Durham,"Durham County, NC",Drug Overdose Deaths,Health behaviors,2011,,,"deaths per 100,000 population",Lower is better,,,,,,,,,
Charlotte,"Mecklenburg County, NC",Drug Overdose Deaths,Health behaviors,2011,,,"deaths per 100,000 population",Lower is better,,,,,,,,,
Denver,"Denver County, CO",Drug Overdose Deaths,Health behaviors,2011,,,"deaths per 100,000 population",Lower is better,,,,,,,,,
Atlanta,"Fulton County, GA",Drug Overdose Deaths,Health behaviors,2011,,,"deaths per 100,000 population",Lower is better,,,,,,,,,
Fort Worth,"Tarrant County, TX",Drug Overdose Deaths,Health behaviors,2011,,,"deaths per 100,000 population",Lower is better,,,,,,,,,
Dallas,"Dallas County, TX",Drug Overdose Deaths,Health behaviors,2011,,,"deaths per 100,000 population",Lower is better,,,,,,,,,
Nashville,"Davidson County, TN",Drug Overdose Deaths,Health behaviors,2011,,,"deaths per 100,000 population",Lower is better,,,,,,,,,
Austin,"Travis County, TX",Access to Exercise Opportunities,Health behaviors,2011,,,%,Higher is better,,,,,,,,,
Raleigh,"Wake County, NC",Access to Exercise Opportunities,Health behaviors,2011,,,%,Higher is better,,,,,,,,,
Durham,"Durham County, NC",Access to Exercise Opportunities,Health behaviors,2011,,,%,Higher is better,,,,,,,,,
Charlotte,"Mecklenburg County, NC",Access to Exercise Opportunities,Health behaviors,2011,,,%,Higher is better,,,,,,,,,
Denver,"Denver County, CO",Access to Exercise Opportunities,Health behaviors,2011,,,%,Higher is better,,,,,,,,,
Atlanta,"Fulton County, GA",Access to Exercise Opportunities,Health behaviors,2011,,,%,Higher is better,,,,,,,,,
Fort Worth,"Tarrant County, TX",Access to Exercise Opportunities,Health behaviors,2011,,,%,Higher is better,,,,,,,,,
Dallas,"Dallas County, TX",Access to Exercise Opportunities,Health behaviors,2011,,,%,Higher is better,,,,,,,,,
Nashville,"Davidson County, TN",Access to Exercise Opportunities,Health behaviors,2011,,,%,Higher is better,,,,,,,,,
Austin,"Travis County, TX",Uninsured,Clinical care,2011,2007,28.1,%,Lower is better,4,24.1875,-3.1875,-13.18,Better,Raleigh,19.4,Dallas,33.4
Raleigh,"Wake County, NC",Uninsured,Clinical care,2011,2007,19.4,%,Lower is better,4,24.1875,-3.1875,-13.18,Better,Raleigh,19.4,Dallas,33.4
Durham,"Durham County, NC",Uninsured,Clinical care,2011,2007,20.8,%,Lower is better,4,24.1875,-3.1875,-13.18,Better,Raleigh,19.4,Dallas,33.4
Charlotte,"Mecklenburg County, NC",Uninsured,Clinical care,2011,2007,22,%,Lower is better,4,24.1875,-3.1875,-13.18,Better,Raleigh,19.4,Dallas,33.4
Denver,"Denver County, CO",Uninsured,Clinical care,2011,2007,21.3,%,Lower is better,4,24.1875,-3.1875,-13.18,Better,Raleigh,19.4,Dallas,33.4
Atlanta,"Fulton County, GA",Uninsured,Clinical care,2011,2007,20.5,%,Lower is better,4,24.1875,-3.1875,-13.18,Better,Raleigh,19.4,Dallas,33.4
Fort Worth,"Tarrant County, TX",Uninsured,Clinical care,2011,2007,28,%,Lower is better,4,24.1875,-3.1875,-13.18,Better,Raleigh,19.4,Dallas,33.4
Dallas,"Dallas County, TX",Uninsured,Clinical care,2011,2007,33.4,%,Lower is better,4,24.1875,-3.1875,-13.18,Better,Raleigh,19.4,Dallas,33.4
Nashville,"Davidson County, TN",Uninsured,Clinical care,2011,2007,21,%,Lower is better,4,24.1875,-3.1875,-13.18,Better,Raleigh,19.4,Dallas,33.4
Austin,"Travis County, TX",Primary Care Physicians,Clinical care,2011,2008,1078,residents per primary care physician,Lower is better,3,968.75,-300.75,-31.05,Better,Durham,401,Fort Worth,1726
Raleigh,"Wake County, NC",Primary Care Physicians,Clinical care,2011,2008,1056,residents per primary care physician,Lower is better,3,968.75,-300.75,-31.05,Better,Durham,401,Fort Worth,1726
Durham,"Durham County, NC",Primary Care Physicians,Clinical care,2011,2008,401,residents per primary care physician,Lower is better,3,968.75,-300.75,-31.05,Better,Durham,401,Fort Worth,1726
Charlotte,"Mecklenburg County, NC",Primary Care Physicians,Clinical care,2011,2008,881,residents per primary care physician,Lower is better,3,968.75,-300.75,-31.05,Better,Durham,401,Fort Worth,1726
Denver,"Denver County, CO",Primary Care Physicians,Clinical care,2011,2008,593,residents per primary care physician,Lower is better,3,968.75,-300.75,-31.05,Better,Durham,401,Fort Worth,1726
Atlanta,"Fulton County, GA",Primary Care Physicians,Clinical care,2011,2008,777,residents per primary care physician,Lower is better,3,968.75,-300.75,-31.05,Better,Durham,401,Fort Worth,1726
Fort Worth,"Tarrant County, TX",Primary Care Physicians,Clinical care,2011,2008,1726,residents per primary care physician,Lower is better,3,968.75,-300.75,-31.05,Better,Durham,401,Fort Worth,1726
Dallas,"Dallas County, TX",Primary Care Physicians,Clinical care,2011,2008,1238,residents per primary care physician,Lower is better,3,968.75,-300.75,-31.05,Better,Durham,401,Fort Worth,1726
Nashville,"Davidson County, TN",Primary Care Physicians,Clinical care,2011,2008,668,residents per primary care physician,Lower is better,3,968.75,-300.75,-31.05,Better,Durham,401,Fort Worth,1726
Austin,"Travis County, TX",Mental Health Providers,Clinical care,2011,2008,1374,residents per mental health provider,Lower is better,8,2048.75,1805.25,88.11,Worse,Durham,659,Fort Worth,4476
Raleigh,"Wake County, NC",Mental Health Providers,Clinical care,2011,2008,1960,residents per mental health provider,Lower is better,8,2048.75,1805.25,88.11,Worse,Durham,659,Fort Worth,4476
Durham,"Durham County, NC",Mental Health Providers,Clinical care,2011,2008,659,residents per mental health provider,Lower is better,8,2048.75,1805.25,88.11,Worse,Durham,659,Fort Worth,4476
Charlotte,"Mecklenburg County, NC",Mental Health Providers,Clinical care,2011,2008,3005,residents per mental health provider,Lower is better,8,2048.75,1805.25,88.11,Worse,Durham,659,Fort Worth,4476
Denver,"Denver County, CO",Mental Health Providers,Clinical care,2011,2008,735,residents per mental health provider,Lower is better,8,2048.75,1805.25,88.11,Worse,Durham,659,Fort Worth,4476
Atlanta,"Fulton County, GA",Mental Health Providers,Clinical care,2011,2008,1437,residents per mental health provider,Lower is better,8,2048.75,1805.25,88.11,Worse,Durham,659,Fort Worth,4476
Fort Worth,"Tarrant County, TX",Mental Health Providers,Clinical care,2011,2008,4476,residents per mental health provider,Lower is better,8,2048.75,1805.25,88.11,Worse,Durham,659,Fort Worth,4476
Dallas,"Dallas County, TX",Mental Health Providers,Clinical care,2011,2008,2744,residents per mental health provider,Lower is better,8,2048.75,1805.25,88.11,Worse,Durham,659,Fort Worth,4476
Nashville,"Davidson County, TN",Mental Health Providers,Clinical care,2011,2008,3854,residents per mental health provider,Lower is better,8,2048.75,1805.25,88.11,Worse,Durham,659,Fort Worth,4476
Austin,"Travis County, TX",Preventable Hospital Stays,Clinical care,2011,2006-07,5949.39,"hospital stays per 100,000 Medicare enrollees",Lower is better,9,5877.43125,1147.00875,19.52,Worse,Denver,5098.73,Nashville,7024.44
Raleigh,"Wake County, NC",Preventable Hospital Stays,Clinical care,2011,2006-07,5360.71,"hospital stays per 100,000 Medicare enrollees",Lower is better,9,5877.43125,1147.00875,19.52,Worse,Denver,5098.73,Nashville,7024.44
Durham,"Durham County, NC",Preventable Hospital Stays,Clinical care,2011,2006-07,5696.04,"hospital stays per 100,000 Medicare enrollees",Lower is better,9,5877.43125,1147.00875,19.52,Worse,Denver,5098.73,Nashville,7024.44
Charlotte,"Mecklenburg County, NC",Preventable Hospital Stays,Clinical care,2011,2006-07,5807.66,"hospital stays per 100,000 Medicare enrollees",Lower is better,9,5877.43125,1147.00875,19.52,Worse,Denver,5098.73,Nashville,7024.44
Denver,"Denver County, CO",Preventable Hospital Stays,Clinical care,2011,2006-07,5098.73,"hospital stays per 100,000 Medicare enrollees",Lower is better,9,5877.43125,1147.00875,19.52,Worse,Denver,5098.73,Nashville,7024.44
Atlanta,"Fulton County, GA",Preventable Hospital Stays,Clinical care,2011,2006-07,5621.86,"hospital stays per 100,000 Medicare enrollees",Lower is better,9,5877.43125,1147.00875,19.52,Worse,Denver,5098.73,Nashville,7024.44
Fort Worth,"Tarrant County, TX",Preventable Hospital Stays,Clinical care,2011,2006-07,6957.37,"hospital stays per 100,000 Medicare enrollees",Lower is better,9,5877.43125,1147.00875,19.52,Worse,Denver,5098.73,Nashville,7024.44
Dallas,"Dallas County, TX",Preventable Hospital Stays,Clinical care,2011,2006-07,6527.69,"hospital stays per 100,000 Medicare enrollees",Lower is better,9,5877.43125,1147.00875,19.52,Worse,Denver,5098.73,Nashville,7024.44
Nashville,"Davidson County, TN",Preventable Hospital Stays,Clinical care,2011,2006-07,7024.44,"hospital stays per 100,000 Medicare enrollees",Lower is better,9,5877.43125,1147.00875,19.52,Worse,Denver,5098.73,Nashville,7024.44
Austin,"Travis County, TX",Children in Poverty,Social & economic,2011,2008,18.2,%,Lower is better,9,18.6875,7.0125,37.53,Worse,Raleigh,11.4,Nashville,25.7
Raleigh,"Wake County, NC",Children in Poverty,Social & economic,2011,2008,11.4,%,Lower is better,9,18.6875,7.0125,37.53,Worse,Raleigh,11.4,Nashville,25.7
Durham,"Durham County, NC",Children in Poverty,Social & economic,2011,2008,17.9,%,Lower is better,9,18.6875,7.0125,37.53,Worse,Raleigh,11.4,Nashville,25.7
Charlotte,"Mecklenburg County, NC",Children in Poverty,Social & economic,2011,2008,14.7,%,Lower is better,9,18.6875,7.0125,37.53,Worse,Raleigh,11.4,Nashville,25.7
Denver,"Denver County, CO",Children in Poverty,Social & economic,2011,2008,25.2,%,Lower is better,9,18.6875,7.0125,37.53,Worse,Raleigh,11.4,Nashville,25.7
Atlanta,"Fulton County, GA",Children in Poverty,Social & economic,2011,2008,19.7,%,Lower is better,9,18.6875,7.0125,37.53,Worse,Raleigh,11.4,Nashville,25.7
Fort Worth,"Tarrant County, TX",Children in Poverty,Social & economic,2011,2008,16.9,%,Lower is better,9,18.6875,7.0125,37.53,Worse,Raleigh,11.4,Nashville,25.7
Dallas,"Dallas County, TX",Children in Poverty,Social & economic,2011,2008,25.5,%,Lower is better,9,18.6875,7.0125,37.53,Worse,Raleigh,11.4,Nashville,25.7
Nashville,"Davidson County, TN",Children in Poverty,Social & economic,2011,2008,25.7,%,Lower is better,9,18.6875,7.0125,37.53,Worse,Raleigh,11.4,Nashville,25.7
Austin,"Travis County, TX",Unemployment,Social & economic,2011,2009,6.7,%,Lower is better,7,8.5125,0.3875,4.55,Worse,Austin,6.7,Charlotte,10.8
Raleigh,"Wake County, NC",Unemployment,Social & economic,2011,2009,8.4,%,Lower is better,7,8.5125,0.3875,4.55,Worse,Austin,6.7,Charlotte,10.8
Durham,"Durham County, NC",Unemployment,Social & economic,2011,2009,7.9,%,Lower is better,7,8.5125,0.3875,4.55,Worse,Austin,6.7,Charlotte,10.8
Charlotte,"Mecklenburg County, NC",Unemployment,Social & economic,2011,2009,10.8,%,Lower is better,7,8.5125,0.3875,4.55,Worse,Austin,6.7,Charlotte,10.8
Denver,"Denver County, CO",Unemployment,Social & economic,2011,2009,8.6,%,Lower is better,7,8.5125,0.3875,4.55,Worse,Austin,6.7,Charlotte,10.8
Atlanta,"Fulton County, GA",Unemployment,Social & economic,2011,2009,9.8,%,Lower is better,7,8.5125,0.3875,4.55,Worse,Austin,6.7,Charlotte,10.8
Fort Worth,"Tarrant County, TX",Unemployment,Social & economic,2011,2009,7.7,%,Lower is better,7,8.5125,0.3875,4.55,Worse,Austin,6.7,Charlotte,10.8
Dallas,"Dallas County, TX",Unemployment,Social & economic,2011,2009,8.2,%,Lower is better,7,8.5125,0.3875,4.55,Worse,Austin,6.7,Charlotte,10.8
Nashville,"Davidson County, TN",Unemployment,Social & economic,2011,2009,8.9,%,Lower is better,7,8.5125,0.3875,4.55,Worse,Austin,6.7,Charlotte,10.8
Austin,"Travis County, TX",Median Household Income,Social & economic,2011,2008,55650,USD,Higher is better,8,55266.125,-8853.125,-16.02,Worse,Raleigh,65487,Denver,46305
Raleigh,"Wake County, NC",Median Household Income,Social & economic,2011,2008,65487,USD,Higher is better,8,55266.125,-8853.125,-16.02,Worse,Raleigh,65487,Denver,46305
Durham,"Durham County, NC",Median Household Income,Social & economic,2011,2008,51292,USD,Higher is better,8,55266.125,-8853.125,-16.02,Worse,Raleigh,65487,Denver,46305
Charlotte,"Mecklenburg County, NC",Median Household Income,Social & economic,2011,2008,57293,USD,Higher is better,8,55266.125,-8853.125,-16.02,Worse,Raleigh,65487,Denver,46305
Denver,"Denver County, CO",Median Household Income,Social & economic,2011,2008,46305,USD,Higher is better,8,55266.125,-8853.125,-16.02,Worse,Raleigh,65487,Denver,46305
Atlanta,"Fulton County, GA",Median Household Income,Social & economic,2011,2008,62682,USD,Higher is better,8,55266.125,-8853.125,-16.02,Worse,Raleigh,65487,Denver,46305
Fort Worth,"Tarrant County, TX",Median Household Income,Social & economic,2011,2008,56265,USD,Higher is better,8,55266.125,-8853.125,-16.02,Worse,Raleigh,65487,Denver,46305
Dallas,"Dallas County, TX",Median Household Income,Social & economic,2011,2008,47155,USD,Higher is better,8,55266.125,-8853.125,-16.02,Worse,Raleigh,65487,Denver,46305
Nashville,"Davidson County, TN",Median Household Income,Social & economic,2011,2008,46413,USD,Higher is better,8,55266.125,-8853.125,-16.02,Worse,Raleigh,65487,Denver,46305
Austin,"Travis County, TX",High School Completion,Social & economic,2011,,,%,Higher is better,,,,,,,,,
Raleigh,"Wake County, NC",High School Completion,Social & economic,2011,,,%,Higher is better,,,,,,,,,
Durham,"Durham County, NC",High School Completion,Social & economic,2011,,,%,Higher is better,,,,,,,,,
Charlotte,"Mecklenburg County, NC",High School Completion,Social & economic,2011,,,%,Higher is better,,,,,,,,,
Denver,"Denver County, CO",High School Completion,Social & economic,2011,,,%,Higher is better,,,,,,,,,
Atlanta,"Fulton County, GA",High School Completion,Social & economic,2011,,,%,Higher is better,,,,,,,,,
Fort Worth,"Tarrant County, TX",High School Completion,Social & economic,2011,,,%,Higher is better,,,,,,,,,
Dallas,"Dallas County, TX",High School Completion,Social & economic,2011,,,%,Higher is better,,,,,,,,,
Nashville,"Davidson County, TN",High School Completion,Social & economic,2011,,,%,Higher is better,,,,,,,,,
Austin,"Travis County, TX",Income Inequality,Social & economic,2011,,,80th/20th percentile income ratio,Lower is better,,,,,,,,,
Raleigh,"Wake County, NC",Income Inequality,Social & economic,2011,,,80th/20th percentile income ratio,Lower is better,,,,,,,,,
Durham,"Durham County, NC",Income Inequality,Social & economic,2011,,,80th/20th percentile income ratio,Lower is better,,,,,,,,,
Charlotte,"Mecklenburg County, NC",Income Inequality,Social & economic,2011,,,80th/20th percentile income ratio,Lower is better,,,,,,,,,
Denver,"Denver County, CO",Income Inequality,Social & economic,2011,,,80th/20th percentile income ratio,Lower is better,,,,,,,,,
Atlanta,"Fulton County, GA",Income Inequality,Social & economic,2011,,,80th/20th percentile income ratio,Lower is better,,,,,,,,,
Fort Worth,"Tarrant County, TX",Income Inequality,Social & economic,2011,,,80th/20th percentile income ratio,Lower is better,,,,,,,,,
Dallas,"Dallas County, TX",Income Inequality,Social & economic,2011,,,80th/20th percentile income ratio,Lower is better,,,,,,,,,
Nashville,"Davidson County, TN",Income Inequality,Social & economic,2011,,,80th/20th percentile income ratio,Lower is better,,,,,,,,,
Austin,"Travis County, TX",Severe Housing Problems,Physical environment,2011,,,%,Lower is better,,,,,,,,,
Raleigh,"Wake County, NC",Severe Housing Problems,Physical environment,2011,,,%,Lower is better,,,,,,,,,
Durham,"Durham County, NC",Severe Housing Problems,Physical environment,2011,,,%,Lower is better,,,,,,,,,
Charlotte,"Mecklenburg County, NC",Severe Housing Problems,Physical environment,2011,,,%,Lower is better,,,,,,,,,
Denver,"Denver County, CO",Severe Housing Problems,Physical environment,2011,,,%,Lower is better,,,,,,,,,
Atlanta,"Fulton County, GA",Severe Housing Problems,Physical environment,2011,,,%,Lower is better,,,,,,,,,
Fort Worth,"Tarrant County, TX",Severe Housing Problems,Physical environment,2011,,,%,Lower is better,,,,,,,,,
Dallas,"Dallas County, TX",Severe Housing Problems,Physical environment,2011,,,%,Lower is better,,,,,,,,,
Nashville,"Davidson County, TN",Severe Housing Problems,Physical environment,2011,,,%,Lower is better,,,,,,,,,
Austin,"Travis County, TX",Air Pollution – Particulate Matter,Physical environment,2011,2006,0.0,unhealthy air quality days (particulate matter),Lower is better,5,1.5,2.5,166.67,Worse,Austin,0,Nashville,4
Raleigh,"Wake County, NC",Air Pollution – Particulate Matter,Physical environment,2011,2006,3.0,unhealthy air quality days (particulate matter),Lower is better,5,1.5,2.5,166.67,Worse,Austin,0,Nashville,4
Durham,"Durham County, NC",Air Pollution – Particulate Matter,Physical environment,2011,2006,1.0,unhealthy air quality days (particulate matter),Lower is better,5,1.5,2.5,166.67,Worse,Austin,0,Nashville,4
Charlotte,"Mecklenburg County, NC",Air Pollution – Particulate Matter,Physical environment,2011,2006,2.0,unhealthy air quality days (particulate matter),Lower is better,5,1.5,2.5,166.67,Worse,Austin,0,Nashville,4
Denver,"Denver County, CO",Air Pollution – Particulate Matter,Physical environment,2011,2006,3.0,unhealthy air quality days (particulate matter),Lower is better,5,1.5,2.5,166.67,Worse,Austin,0,Nashville,4
Atlanta,"Fulton County, GA",Air Pollution – Particulate Matter,Physical environment,2011,2006,3.0,unhealthy air quality days (particulate matter),Lower is better,5,1.5,2.5,166.67,Worse,Austin,0,Nashville,4
Fort Worth,"Tarrant County, TX",Air Pollution – Particulate Matter,Physical environment,2011,2006,0.0,unhealthy air quality days (particulate matter),Lower is better,5,1.5,2.5,166.67,Worse,Austin,0,Nashville,4
Dallas,"Dallas County, TX",Air Pollution – Particulate Matter,Physical environment,2011,2006,0.0,unhealthy air quality days (particulate matter),Lower is better,5,1.5,2.5,166.67,Worse,Austin,0,Nashville,4
Nashville,"Davidson County, TN",Air Pollution – Particulate Matter,Physical environment,2011,2006,4.0,unhealthy air quality days (particulate matter),Lower is better,5,1.5,2.5,166.67,Worse,Austin,0,Nashville,4
Austin,"Travis County, TX",Suicide Rate,Health outcomes / well-being,2011,,,"deaths per 100,000 population",Lower is better,,,,,,,,,
Raleigh,"Wake County, NC",Suicide Rate,Health outcomes / well-being,2011,,,"deaths per 100,000 population",Lower is better,,,,,,,,,
Durham,"Durham County, NC",Suicide Rate,Health outcomes / well-being,2011,,,"deaths per 100,000 population",Lower is better,,,,,,,,,
Charlotte,"Mecklenburg County, NC",Suicide Rate,Health outcomes / well-being,2011,,,"deaths per 100,000 population",Lower is better,,,,,,,,,
Denver,"Denver County, CO",Suicide Rate,Health outcomes / well-being,2011,,,"deaths per 100,000 population",Lower is better,,,,,,,,,
Atlanta,"Fulton County, GA",Suicide Rate,Health outcomes / well-being,2011,,,"deaths per 100,000 population",Lower is better,,,,,,,,,
Fort Worth,"Tarrant County, TX",Suicide Rate,Health outcomes / well-being,2011,,,"deaths per 100,000 population",Lower is better,,,,,,,,,
Dallas,"Dallas County, TX",Suicide Rate,Health outcomes / well-being,2011,,,"deaths per 100,000 population",Lower is better,,,,,,,,,
Nashville,"Davidson County, TN",Suicide Rate,Health outcomes / well-being,2011,,,"deaths per 100,000 population",Lower is better,,,,,,,,,
Austin,"Travis County, TX",Teen Birth Rate,Health behaviors,2011,2001-2007,53.6,"births per 1,000 females ages 15–19",Lower is better,6,57.2375,-3.4375,-6.01,Better,Raleigh,29.6,Denver,95.3
Raleigh,"Wake County, NC",Teen Birth Rate,Health behaviors,2011,2001-2007,29.6,"births per 1,000 females ages 15–19",Lower is better,6,57.2375,-3.4375,-6.01,Better,Raleigh,29.6,Denver,95.3
Durham,"Durham County, NC",Teen Birth Rate,Health behaviors,2011,2001-2007,48.4,"births per 1,000 females ages 15–19",Lower is better,6,57.2375,-3.4375,-6.01,Better,Raleigh,29.6,Denver,95.3
Charlotte,"Mecklenburg County, NC",Teen Birth Rate,Health behaviors,2011,2001-2007,44.2,"births per 1,000 females ages 15–19",Lower is better,6,57.2375,-3.4375,-6.01,Better,Raleigh,29.6,Denver,95.3
Denver,"Denver County, CO",Teen Birth Rate,Health behaviors,2011,2001-2007,95.3,"births per 1,000 females ages 15–19",Lower is better,6,57.2375,-3.4375,-6.01,Better,Raleigh,29.6,Denver,95.3
Atlanta,"Fulton County, GA",Teen Birth Rate,Health behaviors,2011,2001-2007,47.7,"births per 1,000 females ages 15–19",Lower is better,6,57.2375,-3.4375,-6.01,Better,Raleigh,29.6,Denver,95.3
Fort Worth,"Tarrant County, TX",Teen Birth Rate,Health behaviors,2011,2001-2007,61.2,"births per 1,000 females ages 15–19",Lower is better,6,57.2375,-3.4375,-6.01,Better,Raleigh,29.6,Denver,95.3
Dallas,"Dallas County, TX",Teen Birth Rate,Health behaviors,2011,2001-2007,77.9,"births per 1,000 females ages 15–19",Lower is better,6,57.2375,-3.4375,-6.01,Better,Raleigh,29.6,Denver,95.3
Nashville,"Davidson County, TN",Teen Birth Rate,Health behaviors,2011,2001-2007,53.8,"births per 1,000 females ages 15–19",Lower is better,6,57.2375,-3.4375,-6.01,Better,Raleigh,29.6,Denver,95.3
Austin,"Travis County, TX",Injury Deaths,Health outcomes / well-being,2011,,,"deaths per 100,000 population",Lower is better,,,,,,,,,
Raleigh,"Wake County, NC",Injury Deaths,Health outcomes / well-being,2011,,,"deaths per 100,000 population",Lower is better,,,,,,,,,
Durham,"Durham County, NC",Injury Deaths,Health outcomes / well-being,2011,,,"deaths per 100,000 population",Lower is better,,,,,,,,,
Charlotte,"Mecklenburg County, NC",Injury Deaths,Health outcomes / well-being,2011,,,"deaths per 100,000 population",Lower is better,,,,,,,,,
Denver,"Denver County, CO",Injury Deaths,Health outcomes / well-being,2011,,,"deaths per 100,000 population",Lower is better,,,,,,,,,
Atlanta,"Fulton County, GA",Injury Deaths,Health outcomes / well-being,2011,,,"deaths per 100,000 population",Lower is better,,,,,,,,,
Fort Worth,"Tarrant County, TX",Injury Deaths,Health outcomes / well-being,2011,,,"deaths per 100,000 population",Lower is better,,,,,,,,,
Dallas,"Dallas County, TX",Injury Deaths,Health outcomes / well-being,2011,,,"deaths per 100,000 population",Lower is better,,,,,,,,,
Nashville,"Davidson County, TN",Injury Deaths,Health outcomes / well-being,2011,,,"deaths per 100,000 population",Lower is better,,,,,,,,,
Austin,"Travis County, TX",Broadband Access,Physical environment,2011,,,%,Higher is better,,,,,,,,,
Raleigh,"Wake County, NC",Broadband Access,Physical environment,2011,,,%,Higher is better,,,,,,,,,
Durham,"Durham County, NC",Broadband Access,Physical environment,2011,,,%,Higher is better,,,,,,,,,
Charlotte,"Mecklenburg County, NC",Broadband Access,Physical environment,2011,,,%,Higher is better,,,,,,,,,
Denver,"Denver County, CO",Broadband Access,Physical environment,2011,,,%,Higher is better,,,,,,,,,
Atlanta,"Fulton County, GA",Broadband Access,Physical environment,2011,,,%,Higher is better,,,,,,,,,
Fort Worth,"Tarrant County, TX",Broadband Access,Physical environment,2011,,,%,Higher is better,,,,,,,,,
Dallas,"Dallas County, TX",Broadband Access,Physical environment,2011,,,%,Higher is better,,,,,,,,,
Nashville,"Davidson County, TN",Broadband Access,Physical environment,2011,,,%,Higher is better,,,,,,,,,
Austin,"Travis County, TX",Severe Housing Cost Burden,Physical environment,2011,,,%,Lower is better,,,,,,,,,
Raleigh,"Wake County, NC",Severe Housing Cost Burden,Physical environment,2011,,,%,Lower is better,,,,,,,,,
Durham,"Durham County, NC",Severe Housing Cost Burden,Physical environment,2011,,,%,Lower is better,,,,,,,,,
Charlotte,"Mecklenburg County, NC",Severe Housing Cost Burden,Physical environment,2011,,,%,Lower is better,,,,,,,,,
Denver,"Denver County, CO",Severe Housing Cost Burden,Physical environment,2011,,,%,Lower is better,,,,,,,,,
Atlanta,"Fulton County, GA",Severe Housing Cost Burden,Physical environment,2011,,,%,Lower is better,,,,,,,,,
Fort Worth,"Tarrant County, TX",Severe Housing Cost Burden,Physical environment,2011,,,%,Lower is better,,,,,,,,,
Dallas,"Dallas County, TX",Severe Housing Cost Burden,Physical environment,2011,,,%,Lower is better,,,,,,,,,
Nashville,"Davidson County, TN",Severe Housing Cost Burden,Physical environment,2011,,,%,Lower is better,,,,,,,,,
Austin,"Travis County, TX",Life Expectancy,Health outcomes / well-being,2012,,,years,Higher is better,,,,,,,,,
Raleigh,"Wake County, NC",Life Expectancy,Health outcomes / well-being,2012,,,years,Higher is better,,,,,,,,,
Durham,"Durham County, NC",Life Expectancy,Health outcomes / well-being,2012,,,years,Higher is better,,,,,,,,,
Charlotte,"Mecklenburg County, NC",Life Expectancy,Health outcomes / well-being,2012,,,years,Higher is better,,,,,,,,,
Denver,"Denver County, CO",Life Expectancy,Health outcomes / well-being,2012,,,years,Higher is better,,,,,,,,,
Atlanta,"Fulton County, GA",Life Expectancy,Health outcomes / well-being,2012,,,years,Higher is better,,,,,,,,,
Fort Worth,"Tarrant County, TX",Life Expectancy,Health outcomes / well-being,2012,,,years,Higher is better,,,,,,,,,
Dallas,"Dallas County, TX",Life Expectancy,Health outcomes / well-being,2012,,,years,Higher is better,,,,,,,,,
Nashville,"Davidson County, TN",Life Expectancy,Health outcomes / well-being,2012,,,years,Higher is better,,,,,,,,,
Austin,"Travis County, TX",Infant Mortality,Health outcomes / well-being,2012,,,"deaths per 1,000 live births",Lower is better,,,,,,,,,
Raleigh,"Wake County, NC",Infant Mortality,Health outcomes / well-being,2012,,,"deaths per 1,000 live births",Lower is better,,,,,,,,,
Durham,"Durham County, NC",Infant Mortality,Health outcomes / well-being,2012,,,"deaths per 1,000 live births",Lower is better,,,,,,,,,
Charlotte,"Mecklenburg County, NC",Infant Mortality,Health outcomes / well-being,2012,,,"deaths per 1,000 live births",Lower is better,,,,,,,,,
Denver,"Denver County, CO",Infant Mortality,Health outcomes / well-being,2012,,,"deaths per 1,000 live births",Lower is better,,,,,,,,,
Atlanta,"Fulton County, GA",Infant Mortality,Health outcomes / well-being,2012,,,"deaths per 1,000 live births",Lower is better,,,,,,,,,
Fort Worth,"Tarrant County, TX",Infant Mortality,Health outcomes / well-being,2012,,,"deaths per 1,000 live births",Lower is better,,,,,,,,,
Dallas,"Dallas County, TX",Infant Mortality,Health outcomes / well-being,2012,,,"deaths per 1,000 live births",Lower is better,,,,,,,,,
Nashville,"Davidson County, TN",Infant Mortality,Health outcomes / well-being,2012,,,"deaths per 1,000 live births",Lower is better,,,,,,,,,
Austin,"Travis County, TX",Poor or Fair Health,Health outcomes / well-being,2012,2004-2010,14.2,%,Lower is better,5,15.0875,-0.3875,-2.57,Better,Raleigh,11.7,Dallas,18.6
Raleigh,"Wake County, NC",Poor or Fair Health,Health outcomes / well-being,2012,2004-2010,11.7,%,Lower is better,5,15.0875,-0.3875,-2.57,Better,Raleigh,11.7,Dallas,18.6
Durham,"Durham County, NC",Poor or Fair Health,Health outcomes / well-being,2012,2004-2010,16.4,%,Lower is better,5,15.0875,-0.3875,-2.57,Better,Raleigh,11.7,Dallas,18.6
Charlotte,"Mecklenburg County, NC",Poor or Fair Health,Health outcomes / well-being,2012,2004-2010,14.3,%,Lower is better,5,15.0875,-0.3875,-2.57,Better,Raleigh,11.7,Dallas,18.6
Denver,"Denver County, CO",Poor or Fair Health,Health outcomes / well-being,2012,2004-2010,16.7,%,Lower is better,5,15.0875,-0.3875,-2.57,Better,Raleigh,11.7,Dallas,18.6
Atlanta,"Fulton County, GA",Poor or Fair Health,Health outcomes / well-being,2012,2004-2010,13.1,%,Lower is better,5,15.0875,-0.3875,-2.57,Better,Raleigh,11.7,Dallas,18.6
Fort Worth,"Tarrant County, TX",Poor or Fair Health,Health outcomes / well-being,2012,2004-2010,15.7,%,Lower is better,5,15.0875,-0.3875,-2.57,Better,Raleigh,11.7,Dallas,18.6
Dallas,"Dallas County, TX",Poor or Fair Health,Health outcomes / well-being,2012,2004-2010,18.6,%,Lower is better,5,15.0875,-0.3875,-2.57,Better,Raleigh,11.7,Dallas,18.6
Nashville,"Davidson County, TN",Poor or Fair Health,Health outcomes / well-being,2012,2004-2010,14.7,%,Lower is better,5,15.0875,-0.3875,-2.57,Better,Raleigh,11.7,Dallas,18.6
Austin,"Travis County, TX",Poor Physical Health Days,Health outcomes / well-being,2012,2004-2010,2.8,days per month,Lower is better,4,2.9375,0.0625,2.13,Worse,Raleigh,2.6,Dallas,3.3
Raleigh,"Wake County, NC",Poor Physical Health Days,Health outcomes / well-being,2012,2004-2010,2.6,days per month,Lower is better,4,2.9375,0.0625,2.13,Worse,Raleigh,2.6,Dallas,3.3
Durham,"Durham County, NC",Poor Physical Health Days,Health outcomes / well-being,2012,2004-2010,2.8,days per month,Lower is better,4,2.9375,0.0625,2.13,Worse,Raleigh,2.6,Dallas,3.3
Charlotte,"Mecklenburg County, NC",Poor Physical Health Days,Health outcomes / well-being,2012,2004-2010,2.8,days per month,Lower is better,4,2.9375,0.0625,2.13,Worse,Raleigh,2.6,Dallas,3.3
Denver,"Denver County, CO",Poor Physical Health Days,Health outcomes / well-being,2012,2004-2010,3.2,days per month,Lower is better,4,2.9375,0.0625,2.13,Worse,Raleigh,2.6,Dallas,3.3
Atlanta,"Fulton County, GA",Poor Physical Health Days,Health outcomes / well-being,2012,2004-2010,2.9,days per month,Lower is better,4,2.9375,0.0625,2.13,Worse,Raleigh,2.6,Dallas,3.3
Fort Worth,"Tarrant County, TX",Poor Physical Health Days,Health outcomes / well-being,2012,2004-2010,3.1,days per month,Lower is better,4,2.9375,0.0625,2.13,Worse,Raleigh,2.6,Dallas,3.3
Dallas,"Dallas County, TX",Poor Physical Health Days,Health outcomes / well-being,2012,2004-2010,3.3,days per month,Lower is better,4,2.9375,0.0625,2.13,Worse,Raleigh,2.6,Dallas,3.3
Nashville,"Davidson County, TN",Poor Physical Health Days,Health outcomes / well-being,2012,2004-2010,3,days per month,Lower is better,4,2.9375,0.0625,2.13,Worse,Raleigh,2.6,Dallas,3.3
Austin,"Travis County, TX",Poor Mental Health Days,Health outcomes / well-being,2012,2004-2010,3.3,days per month,Lower is better,2,3.0375,-0.1375,-4.53,Better,Raleigh,2.5,Austin,3.3
Raleigh,"Wake County, NC",Poor Mental Health Days,Health outcomes / well-being,2012,2004-2010,2.5,days per month,Lower is better,2,3.0375,-0.1375,-4.53,Better,Raleigh,2.5,Austin,3.3
Durham,"Durham County, NC",Poor Mental Health Days,Health outcomes / well-being,2012,2004-2010,2.9,days per month,Lower is better,2,3.0375,-0.1375,-4.53,Better,Raleigh,2.5,Austin,3.3
Charlotte,"Mecklenburg County, NC",Poor Mental Health Days,Health outcomes / well-being,2012,2004-2010,3.2,days per month,Lower is better,2,3.0375,-0.1375,-4.53,Better,Raleigh,2.5,Austin,3.3
Denver,"Denver County, CO",Poor Mental Health Days,Health outcomes / well-being,2012,2004-2010,3.2,days per month,Lower is better,2,3.0375,-0.1375,-4.53,Better,Raleigh,2.5,Austin,3.3
Atlanta,"Fulton County, GA",Poor Mental Health Days,Health outcomes / well-being,2012,2004-2010,2.9,days per month,Lower is better,2,3.0375,-0.1375,-4.53,Better,Raleigh,2.5,Austin,3.3
Fort Worth,"Tarrant County, TX",Poor Mental Health Days,Health outcomes / well-being,2012,2004-2010,3.1,days per month,Lower is better,2,3.0375,-0.1375,-4.53,Better,Raleigh,2.5,Austin,3.3
Dallas,"Dallas County, TX",Poor Mental Health Days,Health outcomes / well-being,2012,2004-2010,3.2,days per month,Lower is better,2,3.0375,-0.1375,-4.53,Better,Raleigh,2.5,Austin,3.3
Nashville,"Davidson County, TN",Poor Mental Health Days,Health outcomes / well-being,2012,2004-2010,2.9,days per month,Lower is better,2,3.0375,-0.1375,-4.53,Better,Raleigh,2.5,Austin,3.3
Austin,"Travis County, TX",Adult Obesity,Health outcomes / well-being,2012,2009,24.8,%,Lower is better,7,25.9125,4.0875,15.77,Worse,Denver,18.1,Dallas,30.7
Raleigh,"Wake County, NC",Adult Obesity,Health outcomes / well-being,2012,2009,26,%,Lower is better,7,25.9125,4.0875,15.77,Worse,Denver,18.1,Dallas,30.7
Durham,"Durham County, NC",Adult Obesity,Health outcomes / well-being,2012,2009,30.3,%,Lower is better,7,25.9125,4.0875,15.77,Worse,Denver,18.1,Dallas,30.7
Charlotte,"Mecklenburg County, NC",Adult Obesity,Health outcomes / well-being,2012,2009,25.8,%,Lower is better,7,25.9125,4.0875,15.77,Worse,Denver,18.1,Dallas,30.7
Denver,"Denver County, CO",Adult Obesity,Health outcomes / well-being,2012,2009,18.1,%,Lower is better,7,25.9125,4.0875,15.77,Worse,Denver,18.1,Dallas,30.7
Atlanta,"Fulton County, GA",Adult Obesity,Health outcomes / well-being,2012,2009,23.8,%,Lower is better,7,25.9125,4.0875,15.77,Worse,Denver,18.1,Dallas,30.7
Fort Worth,"Tarrant County, TX",Adult Obesity,Health outcomes / well-being,2012,2009,27.8,%,Lower is better,7,25.9125,4.0875,15.77,Worse,Denver,18.1,Dallas,30.7
Dallas,"Dallas County, TX",Adult Obesity,Health outcomes / well-being,2012,2009,30.7,%,Lower is better,7,25.9125,4.0875,15.77,Worse,Denver,18.1,Dallas,30.7
Nashville,"Davidson County, TN",Adult Obesity,Health outcomes / well-being,2012,2009,30,%,Lower is better,7,25.9125,4.0875,15.77,Worse,Denver,18.1,Dallas,30.7
Austin,"Travis County, TX",Diabetes Prevalence,Health outcomes / well-being,2012,2009,6.7,%,Lower is better,8,7.725,1.475,19.09,Worse,Denver,5.5,Dallas,9.4
Raleigh,"Wake County, NC",Diabetes Prevalence,Health outcomes / well-being,2012,2009,7.2,%,Lower is better,8,7.725,1.475,19.09,Worse,Denver,5.5,Dallas,9.4
Durham,"Durham County, NC",Diabetes Prevalence,Health outcomes / well-being,2012,2009,8.7,%,Lower is better,8,7.725,1.475,19.09,Worse,Denver,5.5,Dallas,9.4
Charlotte,"Mecklenburg County, NC",Diabetes Prevalence,Health outcomes / well-being,2012,2009,7.8,%,Lower is better,8,7.725,1.475,19.09,Worse,Denver,5.5,Dallas,9.4
Denver,"Denver County, CO",Diabetes Prevalence,Health outcomes / well-being,2012,2009,5.5,%,Lower is better,8,7.725,1.475,19.09,Worse,Denver,5.5,Dallas,9.4
Atlanta,"Fulton County, GA",Diabetes Prevalence,Health outcomes / well-being,2012,2009,8.2,%,Lower is better,8,7.725,1.475,19.09,Worse,Denver,5.5,Dallas,9.4
Fort Worth,"Tarrant County, TX",Diabetes Prevalence,Health outcomes / well-being,2012,2009,8.3,%,Lower is better,8,7.725,1.475,19.09,Worse,Denver,5.5,Dallas,9.4
Dallas,"Dallas County, TX",Diabetes Prevalence,Health outcomes / well-being,2012,2009,9.4,%,Lower is better,8,7.725,1.475,19.09,Worse,Denver,5.5,Dallas,9.4
Nashville,"Davidson County, TN",Diabetes Prevalence,Health outcomes / well-being,2012,2009,9.2,%,Lower is better,8,7.725,1.475,19.09,Worse,Denver,5.5,Dallas,9.4
Austin,"Travis County, TX",Adult Smoking,Health behaviors,2012,2004-2010,17.1,%,Lower is better,8,16.7875,2.7125,16.16,Worse,Atlanta,14.8,Denver,20
Raleigh,"Wake County, NC",Adult Smoking,Health behaviors,2012,2004-2010,15.3,%,Lower is better,8,16.7875,2.7125,16.16,Worse,Atlanta,14.8,Denver,20
Durham,"Durham County, NC",Adult Smoking,Health behaviors,2012,2004-2010,15.5,%,Lower is better,8,16.7875,2.7125,16.16,Worse,Atlanta,14.8,Denver,20
Charlotte,"Mecklenburg County, NC",Adult Smoking,Health behaviors,2012,2004-2010,15.9,%,Lower is better,8,16.7875,2.7125,16.16,Worse,Atlanta,14.8,Denver,20
Denver,"Denver County, CO",Adult Smoking,Health behaviors,2012,2004-2010,20,%,Lower is better,8,16.7875,2.7125,16.16,Worse,Atlanta,14.8,Denver,20
Atlanta,"Fulton County, GA",Adult Smoking,Health behaviors,2012,2004-2010,14.8,%,Lower is better,8,16.7875,2.7125,16.16,Worse,Atlanta,14.8,Denver,20
Fort Worth,"Tarrant County, TX",Adult Smoking,Health behaviors,2012,2004-2010,18.1,%,Lower is better,8,16.7875,2.7125,16.16,Worse,Atlanta,14.8,Denver,20
Dallas,"Dallas County, TX",Adult Smoking,Health behaviors,2012,2004-2010,17.6,%,Lower is better,8,16.7875,2.7125,16.16,Worse,Atlanta,14.8,Denver,20
Nashville,"Davidson County, TN",Adult Smoking,Health behaviors,2012,2004-2010,19.5,%,Lower is better,8,16.7875,2.7125,16.16,Worse,Atlanta,14.8,Denver,20
Austin,"Travis County, TX",Physical Inactivity,Health behaviors,2012,2009,18.3,%,Lower is better,9,19.85,6.75,34.01,Worse,Denver,15.7,Nashville,26.6
Raleigh,"Wake County, NC",Physical Inactivity,Health behaviors,2012,2009,18.1,%,Lower is better,9,19.85,6.75,34.01,Worse,Denver,15.7,Nashville,26.6
Durham,"Durham County, NC",Physical Inactivity,Health behaviors,2012,2009,20.3,%,Lower is better,9,19.85,6.75,34.01,Worse,Denver,15.7,Nashville,26.6
Charlotte,"Mecklenburg County, NC",Physical Inactivity,Health behaviors,2012,2009,19.9,%,Lower is better,9,19.85,6.75,34.01,Worse,Denver,15.7,Nashville,26.6
Denver,"Denver County, CO",Physical Inactivity,Health behaviors,2012,2009,15.7,%,Lower is better,9,19.85,6.75,34.01,Worse,Denver,15.7,Nashville,26.6
Atlanta,"Fulton County, GA",Physical Inactivity,Health behaviors,2012,2009,19.3,%,Lower is better,9,19.85,6.75,34.01,Worse,Denver,15.7,Nashville,26.6
Fort Worth,"Tarrant County, TX",Physical Inactivity,Health behaviors,2012,2009,22.4,%,Lower is better,9,19.85,6.75,34.01,Worse,Denver,15.7,Nashville,26.6
Dallas,"Dallas County, TX",Physical Inactivity,Health behaviors,2012,2009,24.8,%,Lower is better,9,19.85,6.75,34.01,Worse,Denver,15.7,Nashville,26.6
Nashville,"Davidson County, TN",Physical Inactivity,Health behaviors,2012,2009,26.6,%,Lower is better,9,19.85,6.75,34.01,Worse,Denver,15.7,Nashville,26.6
Austin,"Travis County, TX",Excessive Drinking,Health behaviors,2012,2004-2010,22,%,Lower is better,1,17.0375,-5.3375,-31.33,Better,Nashville,11.7,Denver,22.4
Raleigh,"Wake County, NC",Excessive Drinking,Health behaviors,2012,2004-2010,14.5,%,Lower is better,1,17.0375,-5.3375,-31.33,Better,Nashville,11.7,Denver,22.4
Durham,"Durham County, NC",Excessive Drinking,Health behaviors,2012,2004-2010,14.4,%,Lower is better,1,17.0375,-5.3375,-31.33,Better,Nashville,11.7,Denver,22.4
Charlotte,"Mecklenburg County, NC",Excessive Drinking,Health behaviors,2012,2004-2010,16,%,Lower is better,1,17.0375,-5.3375,-31.33,Better,Nashville,11.7,Denver,22.4
Denver,"Denver County, CO",Excessive Drinking,Health behaviors,2012,2004-2010,22.4,%,Lower is better,1,17.0375,-5.3375,-31.33,Better,Nashville,11.7,Denver,22.4
Atlanta,"Fulton County, GA",Excessive Drinking,Health behaviors,2012,2004-2010,17,%,Lower is better,1,17.0375,-5.3375,-31.33,Better,Nashville,11.7,Denver,22.4
Fort Worth,"Tarrant County, TX",Excessive Drinking,Health behaviors,2012,2004-2010,15.4,%,Lower is better,1,17.0375,-5.3375,-31.33,Better,Nashville,11.7,Denver,22.4
Dallas,"Dallas County, TX",Excessive Drinking,Health behaviors,2012,2004-2010,14.6,%,Lower is better,1,17.0375,-5.3375,-31.33,Better,Nashville,11.7,Denver,22.4
Nashville,"Davidson County, TN",Excessive Drinking,Health behaviors,2012,2004-2010,11.7,%,Lower is better,1,17.0375,-5.3375,-31.33,Better,Nashville,11.7,Denver,22.4
Austin,"Travis County, TX",Insufficient Sleep,Health behaviors,2012,,,%,Lower is better,,,,,,,,,
Raleigh,"Wake County, NC",Insufficient Sleep,Health behaviors,2012,,,%,Lower is better,,,,,,,,,
Durham,"Durham County, NC",Insufficient Sleep,Health behaviors,2012,,,%,Lower is better,,,,,,,,,
Charlotte,"Mecklenburg County, NC",Insufficient Sleep,Health behaviors,2012,,,%,Lower is better,,,,,,,,,
Denver,"Denver County, CO",Insufficient Sleep,Health behaviors,2012,,,%,Lower is better,,,,,,,,,
Atlanta,"Fulton County, GA",Insufficient Sleep,Health behaviors,2012,,,%,Lower is better,,,,,,,,,
Fort Worth,"Tarrant County, TX",Insufficient Sleep,Health behaviors,2012,,,%,Lower is better,,,,,,,,,
Dallas,"Dallas County, TX",Insufficient Sleep,Health behaviors,2012,,,%,Lower is better,,,,,,,,,
Nashville,"Davidson County, TN",Insufficient Sleep,Health behaviors,2012,,,%,Lower is better,,,,,,,,,
Austin,"Travis County, TX",Food Insecurity,Health behaviors,2012,,,%,Lower is better,,,,,,,,,
Raleigh,"Wake County, NC",Food Insecurity,Health behaviors,2012,,,%,Lower is better,,,,,,,,,
Durham,"Durham County, NC",Food Insecurity,Health behaviors,2012,,,%,Lower is better,,,,,,,,,
Charlotte,"Mecklenburg County, NC",Food Insecurity,Health behaviors,2012,,,%,Lower is better,,,,,,,,,
Denver,"Denver County, CO",Food Insecurity,Health behaviors,2012,,,%,Lower is better,,,,,,,,,
Atlanta,"Fulton County, GA",Food Insecurity,Health behaviors,2012,,,%,Lower is better,,,,,,,,,
Fort Worth,"Tarrant County, TX",Food Insecurity,Health behaviors,2012,,,%,Lower is better,,,,,,,,,
Dallas,"Dallas County, TX",Food Insecurity,Health behaviors,2012,,,%,Lower is better,,,,,,,,,
Nashville,"Davidson County, TN",Food Insecurity,Health behaviors,2012,,,%,Lower is better,,,,,,,,,
Austin,"Travis County, TX",Drug Overdose Deaths,Health behaviors,2012,,,"deaths per 100,000 population",Lower is better,,,,,,,,,
Raleigh,"Wake County, NC",Drug Overdose Deaths,Health behaviors,2012,,,"deaths per 100,000 population",Lower is better,,,,,,,,,
Durham,"Durham County, NC",Drug Overdose Deaths,Health behaviors,2012,,,"deaths per 100,000 population",Lower is better,,,,,,,,,
Charlotte,"Mecklenburg County, NC",Drug Overdose Deaths,Health behaviors,2012,,,"deaths per 100,000 population",Lower is better,,,,,,,,,
Denver,"Denver County, CO",Drug Overdose Deaths,Health behaviors,2012,,,"deaths per 100,000 population",Lower is better,,,,,,,,,
Atlanta,"Fulton County, GA",Drug Overdose Deaths,Health behaviors,2012,,,"deaths per 100,000 population",Lower is better,,,,,,,,,
Fort Worth,"Tarrant County, TX",Drug Overdose Deaths,Health behaviors,2012,,,"deaths per 100,000 population",Lower is better,,,,,,,,,
Dallas,"Dallas County, TX",Drug Overdose Deaths,Health behaviors,2012,,,"deaths per 100,000 population",Lower is better,,,,,,,,,
Nashville,"Davidson County, TN",Drug Overdose Deaths,Health behaviors,2012,,,"deaths per 100,000 population",Lower is better,,,,,,,,,
Austin,"Travis County, TX",Access to Exercise Opportunities,Health behaviors,2012,,,%,Higher is better,,,,,,,,,
Raleigh,"Wake County, NC",Access to Exercise Opportunities,Health behaviors,2012,,,%,Higher is better,,,,,,,,,
Durham,"Durham County, NC",Access to Exercise Opportunities,Health behaviors,2012,,,%,Higher is better,,,,,,,,,
Charlotte,"Mecklenburg County, NC",Access to Exercise Opportunities,Health behaviors,2012,,,%,Higher is better,,,,,,,,,
Denver,"Denver County, CO",Access to Exercise Opportunities,Health behaviors,2012,,,%,Higher is better,,,,,,,,,
Atlanta,"Fulton County, GA",Access to Exercise Opportunities,Health behaviors,2012,,,%,Higher is better,,,,,,,,,
Fort Worth,"Tarrant County, TX",Access to Exercise Opportunities,Health behaviors,2012,,,%,Higher is better,,,,,,,,,
Dallas,"Dallas County, TX",Access to Exercise Opportunities,Health behaviors,2012,,,%,Higher is better,,,,,,,,,
Nashville,"Davidson County, TN",Access to Exercise Opportunities,Health behaviors,2012,,,%,Higher is better,,,,,,,,,
Austin,"Travis County, TX",Uninsured,Clinical care,2012,2009,23.6,%,Lower is better,3,21.725,-4.225,-19.45,Better,Raleigh,13.9,Dallas,31.9
Raleigh,"Wake County, NC",Uninsured,Clinical care,2012,2009,13.9,%,Lower is better,3,21.725,-4.225,-19.45,Better,Raleigh,13.9,Dallas,31.9
Durham,"Durham County, NC",Uninsured,Clinical care,2012,2009,17.7,%,Lower is better,3,21.725,-4.225,-19.45,Better,Raleigh,13.9,Dallas,31.9
Charlotte,"Mecklenburg County, NC",Uninsured,Clinical care,2012,2009,17.1,%,Lower is better,3,21.725,-4.225,-19.45,Better,Raleigh,13.9,Dallas,31.9
Denver,"Denver County, CO",Uninsured,Clinical care,2012,2009,21.6,%,Lower is better,3,21.725,-4.225,-19.45,Better,Raleigh,13.9,Dallas,31.9
Atlanta,"Fulton County, GA",Uninsured,Clinical care,2012,2009,23.4,%,Lower is better,3,21.725,-4.225,-19.45,Better,Raleigh,13.9,Dallas,31.9
Fort Worth,"Tarrant County, TX",Uninsured,Clinical care,2012,2009,24.6,%,Lower is better,3,21.725,-4.225,-19.45,Better,Raleigh,13.9,Dallas,31.9
Dallas,"Dallas County, TX",Uninsured,Clinical care,2012,2009,31.9,%,Lower is better,3,21.725,-4.225,-19.45,Better,Raleigh,13.9,Dallas,31.9
Nashville,"Davidson County, TN",Uninsured,Clinical care,2012,2009,17.5,%,Lower is better,3,21.725,-4.225,-19.45,Better,Raleigh,13.9,Dallas,31.9
Austin,"Travis County, TX",Primary Care Physicians,Clinical care,2012,2009,1078,residents per primary care physician,Lower is better,3,968.75,-300.75,-31.05,Better,Durham,401,Fort Worth,1726
Raleigh,"Wake County, NC",Primary Care Physicians,Clinical care,2012,2009,1056,residents per primary care physician,Lower is better,3,968.75,-300.75,-31.05,Better,Durham,401,Fort Worth,1726
Durham,"Durham County, NC",Primary Care Physicians,Clinical care,2012,2009,401,residents per primary care physician,Lower is better,3,968.75,-300.75,-31.05,Better,Durham,401,Fort Worth,1726
Charlotte,"Mecklenburg County, NC",Primary Care Physicians,Clinical care,2012,2009,881,residents per primary care physician,Lower is better,3,968.75,-300.75,-31.05,Better,Durham,401,Fort Worth,1726
Denver,"Denver County, CO",Primary Care Physicians,Clinical care,2012,2009,593,residents per primary care physician,Lower is better,3,968.75,-300.75,-31.05,Better,Durham,401,Fort Worth,1726
Atlanta,"Fulton County, GA",Primary Care Physicians,Clinical care,2012,2009,777,residents per primary care physician,Lower is better,3,968.75,-300.75,-31.05,Better,Durham,401,Fort Worth,1726
Fort Worth,"Tarrant County, TX",Primary Care Physicians,Clinical care,2012,2009,1726,residents per primary care physician,Lower is better,3,968.75,-300.75,-31.05,Better,Durham,401,Fort Worth,1726
Dallas,"Dallas County, TX",Primary Care Physicians,Clinical care,2012,2009,1238,residents per primary care physician,Lower is better,3,968.75,-300.75,-31.05,Better,Durham,401,Fort Worth,1726
Nashville,"Davidson County, TN",Primary Care Physicians,Clinical care,2012,2009,668,residents per primary care physician,Lower is better,3,968.75,-300.75,-31.05,Better,Durham,401,Fort Worth,1726
Austin,"Travis County, TX",Mental Health Providers,Clinical care,2012,2007,1374,residents per mental health provider,Lower is better,8,2048.75,1805.25,88.11,Worse,Durham,659,Fort Worth,4476
Raleigh,"Wake County, NC",Mental Health Providers,Clinical care,2012,2007,1960,residents per mental health provider,Lower is better,8,2048.75,1805.25,88.11,Worse,Durham,659,Fort Worth,4476
Durham,"Durham County, NC",Mental Health Providers,Clinical care,2012,2007,659,residents per mental health provider,Lower is better,8,2048.75,1805.25,88.11,Worse,Durham,659,Fort Worth,4476
Charlotte,"Mecklenburg County, NC",Mental Health Providers,Clinical care,2012,2007,3005,residents per mental health provider,Lower is better,8,2048.75,1805.25,88.11,Worse,Durham,659,Fort Worth,4476
Denver,"Denver County, CO",Mental Health Providers,Clinical care,2012,2007,735,residents per mental health provider,Lower is better,8,2048.75,1805.25,88.11,Worse,Durham,659,Fort Worth,4476
Atlanta,"Fulton County, GA",Mental Health Providers,Clinical care,2012,2007,1437,residents per mental health provider,Lower is better,8,2048.75,1805.25,88.11,Worse,Durham,659,Fort Worth,4476
Fort Worth,"Tarrant County, TX",Mental Health Providers,Clinical care,2012,2007,4476,residents per mental health provider,Lower is better,8,2048.75,1805.25,88.11,Worse,Durham,659,Fort Worth,4476
Dallas,"Dallas County, TX",Mental Health Providers,Clinical care,2012,2007,2744,residents per mental health provider,Lower is better,8,2048.75,1805.25,88.11,Worse,Durham,659,Fort Worth,4476
Nashville,"Davidson County, TN",Mental Health Providers,Clinical care,2012,2007,3854,residents per mental health provider,Lower is better,8,2048.75,1805.25,88.11,Worse,Durham,659,Fort Worth,4476
Austin,"Travis County, TX",Preventable Hospital Stays,Clinical care,2012,2009,5664.8723069,"hospital stays per 100,000 Medicare enrollees",Lower is better,9,5361.408781,1438.375572,26.83,Worse,Denver,4361.6467231,Nashville,6799.7843532
Raleigh,"Wake County, NC",Preventable Hospital Stays,Clinical care,2012,2009,5069.848504,"hospital stays per 100,000 Medicare enrollees",Lower is better,9,5361.408781,1438.375572,26.83,Worse,Denver,4361.6467231,Nashville,6799.7843532
Durham,"Durham County, NC",Preventable Hospital Stays,Clinical care,2012,2009,4966.3218377,"hospital stays per 100,000 Medicare enrollees",Lower is better,9,5361.408781,1438.375572,26.83,Worse,Denver,4361.6467231,Nashville,6799.7843532
Charlotte,"Mecklenburg County, NC",Preventable Hospital Stays,Clinical care,2012,2009,4926.2518987,"hospital stays per 100,000 Medicare enrollees",Lower is better,9,5361.408781,1438.375572,26.83,Worse,Denver,4361.6467231,Nashville,6799.7843532
Denver,"Denver County, CO",Preventable Hospital Stays,Clinical care,2012,2009,4361.6467231,"hospital stays per 100,000 Medicare enrollees",Lower is better,9,5361.408781,1438.375572,26.83,Worse,Denver,4361.6467231,Nashville,6799.7843532
Atlanta,"Fulton County, GA",Preventable Hospital Stays,Clinical care,2012,2009,5108.7168917,"hospital stays per 100,000 Medicare enrollees",Lower is better,9,5361.408781,1438.375572,26.83,Worse,Denver,4361.6467231,Nashville,6799.7843532
Fort Worth,"Tarrant County, TX",Preventable Hospital Stays,Clinical care,2012,2009,6748.4248677,"hospital stays per 100,000 Medicare enrollees",Lower is better,9,5361.408781,1438.375572,26.83,Worse,Denver,4361.6467231,Nashville,6799.7843532
Dallas,"Dallas County, TX",Preventable Hospital Stays,Clinical care,2012,2009,6045.1872163,"hospital stays per 100,000 Medicare enrollees",Lower is better,9,5361.408781,1438.375572,26.83,Worse,Denver,4361.6467231,Nashville,6799.7843532
Nashville,"Davidson County, TN",Preventable Hospital Stays,Clinical care,2012,2009,6799.7843532,"hospital stays per 100,000 Medicare enrollees",Lower is better,9,5361.408781,1438.375572,26.83,Worse,Denver,4361.6467231,Nashville,6799.7843532
Austin,"Travis County, TX",Children in Poverty,Social & economic,2012,2010,24.5,%,Lower is better,8,23.7375,6.9625,29.33,Worse,Raleigh,15.2,Denver,30.8
Raleigh,"Wake County, NC",Children in Poverty,Social & economic,2012,2010,15.2,%,Lower is better,8,23.7375,6.9625,29.33,Worse,Raleigh,15.2,Denver,30.8
Durham,"Durham County, NC",Children in Poverty,Social & economic,2012,2010,24.2,%,Lower is better,8,23.7375,6.9625,29.33,Worse,Raleigh,15.2,Denver,30.8
Charlotte,"Mecklenburg County, NC",Children in Poverty,Social & economic,2012,2010,21.3,%,Lower is better,8,23.7375,6.9625,29.33,Worse,Raleigh,15.2,Denver,30.8
Denver,"Denver County, CO",Children in Poverty,Social & economic,2012,2010,30.8,%,Lower is better,8,23.7375,6.9625,29.33,Worse,Raleigh,15.2,Denver,30.8
Atlanta,"Fulton County, GA",Children in Poverty,Social & economic,2012,2010,23.9,%,Lower is better,8,23.7375,6.9625,29.33,Worse,Raleigh,15.2,Denver,30.8
Fort Worth,"Tarrant County, TX",Children in Poverty,Social & economic,2012,2010,20.7,%,Lower is better,8,23.7375,6.9625,29.33,Worse,Raleigh,15.2,Denver,30.8
Dallas,"Dallas County, TX",Children in Poverty,Social & economic,2012,2010,29.3,%,Lower is better,8,23.7375,6.9625,29.33,Worse,Raleigh,15.2,Denver,30.8
Nashville,"Davidson County, TN",Children in Poverty,Social & economic,2012,2010,30.7,%,Lower is better,8,23.7375,6.9625,29.33,Worse,Raleigh,15.2,Denver,30.8
Austin,"Travis County, TX",Unemployment,Social & economic,2012,2010,6.9,%,Lower is better,5,8.95,-0.15,-1.68,Better,Austin,6.9,Charlotte,10.9
Raleigh,"Wake County, NC",Unemployment,Social & economic,2012,2010,8.4,%,Lower is better,5,8.95,-0.15,-1.68,Better,Austin,6.9,Charlotte,10.9
Durham,"Durham County, NC",Unemployment,Social & economic,2012,2010,8,%,Lower is better,5,8.95,-0.15,-1.68,Better,Austin,6.9,Charlotte,10.9
Charlotte,"Mecklenburg County, NC",Unemployment,Social & economic,2012,2010,10.9,%,Lower is better,5,8.95,-0.15,-1.68,Better,Austin,6.9,Charlotte,10.9
Denver,"Denver County, CO",Unemployment,Social & economic,2012,2010,9.7,%,Lower is better,5,8.95,-0.15,-1.68,Better,Austin,6.9,Charlotte,10.9
Atlanta,"Fulton County, GA",Unemployment,Social & economic,2012,2010,10.6,%,Lower is better,5,8.95,-0.15,-1.68,Better,Austin,6.9,Charlotte,10.9
Fort Worth,"Tarrant County, TX",Unemployment,Social & economic,2012,2010,8.3,%,Lower is better,5,8.95,-0.15,-1.68,Better,Austin,6.9,Charlotte,10.9
Dallas,"Dallas County, TX",Unemployment,Social & economic,2012,2010,8.8,%,Lower is better,5,8.95,-0.15,-1.68,Better,Austin,6.9,Charlotte,10.9
Nashville,"Davidson County, TN",Unemployment,Social & economic,2012,2010,8.8,%,Lower is better,5,8.95,-0.15,-1.68,Better,Austin,6.9,Charlotte,10.9
Austin,"Travis County, TX",Median Household Income,Social & economic,2012,2010,51905,USD,Higher is better,9,51533.875,-7708.875,-14.96,Worse,Raleigh,61594,Nashville,43825
Raleigh,"Wake County, NC",Median Household Income,Social & economic,2012,2010,61594,USD,Higher is better,9,51533.875,-7708.875,-14.96,Worse,Raleigh,61594,Nashville,43825
Durham,"Durham County, NC",Median Household Income,Social & economic,2012,2010,48023,USD,Higher is better,9,51533.875,-7708.875,-14.96,Worse,Raleigh,61594,Nashville,43825
Charlotte,"Mecklenburg County, NC",Median Household Income,Social & economic,2012,2010,52363,USD,Higher is better,9,51533.875,-7708.875,-14.96,Worse,Raleigh,61594,Nashville,43825
Denver,"Denver County, CO",Median Household Income,Social & economic,2012,2010,45415,USD,Higher is better,9,51533.875,-7708.875,-14.96,Worse,Raleigh,61594,Nashville,43825
Atlanta,"Fulton County, GA",Median Household Income,Social & economic,2012,2010,53580,USD,Higher is better,9,51533.875,-7708.875,-14.96,Worse,Raleigh,61594,Nashville,43825
Fort Worth,"Tarrant County, TX",Median Household Income,Social & economic,2012,2010,52482,USD,Higher is better,9,51533.875,-7708.875,-14.96,Worse,Raleigh,61594,Nashville,43825
Dallas,"Dallas County, TX",Median Household Income,Social & economic,2012,2010,46909,USD,Higher is better,9,51533.875,-7708.875,-14.96,Worse,Raleigh,61594,Nashville,43825
Nashville,"Davidson County, TN",Median Household Income,Social & economic,2012,2010,43825,USD,Higher is better,9,51533.875,-7708.875,-14.96,Worse,Raleigh,61594,Nashville,43825
Austin,"Travis County, TX",High School Completion,Social & economic,2012,,,%,Higher is better,,,,,,,,,
Raleigh,"Wake County, NC",High School Completion,Social & economic,2012,,,%,Higher is better,,,,,,,,,
Durham,"Durham County, NC",High School Completion,Social & economic,2012,,,%,Higher is better,,,,,,,,,
Charlotte,"Mecklenburg County, NC",High School Completion,Social & economic,2012,,,%,Higher is better,,,,,,,,,
Denver,"Denver County, CO",High School Completion,Social & economic,2012,,,%,Higher is better,,,,,,,,,
Atlanta,"Fulton County, GA",High School Completion,Social & economic,2012,,,%,Higher is better,,,,,,,,,
Fort Worth,"Tarrant County, TX",High School Completion,Social & economic,2012,,,%,Higher is better,,,,,,,,,
Dallas,"Dallas County, TX",High School Completion,Social & economic,2012,,,%,Higher is better,,,,,,,,,
Nashville,"Davidson County, TN",High School Completion,Social & economic,2012,,,%,Higher is better,,,,,,,,,
Austin,"Travis County, TX",Income Inequality,Social & economic,2012,,,80th/20th percentile income ratio,Lower is better,,,,,,,,,
Raleigh,"Wake County, NC",Income Inequality,Social & economic,2012,,,80th/20th percentile income ratio,Lower is better,,,,,,,,,
Durham,"Durham County, NC",Income Inequality,Social & economic,2012,,,80th/20th percentile income ratio,Lower is better,,,,,,,,,
Charlotte,"Mecklenburg County, NC",Income Inequality,Social & economic,2012,,,80th/20th percentile income ratio,Lower is better,,,,,,,,,
Denver,"Denver County, CO",Income Inequality,Social & economic,2012,,,80th/20th percentile income ratio,Lower is better,,,,,,,,,
Atlanta,"Fulton County, GA",Income Inequality,Social & economic,2012,,,80th/20th percentile income ratio,Lower is better,,,,,,,,,
Fort Worth,"Tarrant County, TX",Income Inequality,Social & economic,2012,,,80th/20th percentile income ratio,Lower is better,,,,,,,,,
Dallas,"Dallas County, TX",Income Inequality,Social & economic,2012,,,80th/20th percentile income ratio,Lower is better,,,,,,,,,
Nashville,"Davidson County, TN",Income Inequality,Social & economic,2012,,,80th/20th percentile income ratio,Lower is better,,,,,,,,,
Austin,"Travis County, TX",Severe Housing Problems,Physical environment,2012,,,%,Lower is better,,,,,,,,,
Raleigh,"Wake County, NC",Severe Housing Problems,Physical environment,2012,,,%,Lower is better,,,,,,,,,
Durham,"Durham County, NC",Severe Housing Problems,Physical environment,2012,,,%,Lower is better,,,,,,,,,
Charlotte,"Mecklenburg County, NC",Severe Housing Problems,Physical environment,2012,,,%,Lower is better,,,,,,,,,
Denver,"Denver County, CO",Severe Housing Problems,Physical environment,2012,,,%,Lower is better,,,,,,,,,
Atlanta,"Fulton County, GA",Severe Housing Problems,Physical environment,2012,,,%,Lower is better,,,,,,,,,
Fort Worth,"Tarrant County, TX",Severe Housing Problems,Physical environment,2012,,,%,Lower is better,,,,,,,,,
Dallas,"Dallas County, TX",Severe Housing Problems,Physical environment,2012,,,%,Lower is better,,,,,,,,,
Nashville,"Davidson County, TN",Severe Housing Problems,Physical environment,2012,,,%,Lower is better,,,,,,,,,
Austin,"Travis County, TX",Air Pollution – Particulate Matter,Physical environment,2012,2007,0.0,unhealthy air quality days (particulate matter),Lower is better,5,1.5,2.5,166.67,Worse,Austin,0,Nashville,4
Raleigh,"Wake County, NC",Air Pollution – Particulate Matter,Physical environment,2012,2007,3.0,unhealthy air quality days (particulate matter),Lower is better,5,1.5,2.5,166.67,Worse,Austin,0,Nashville,4
Durham,"Durham County, NC",Air Pollution – Particulate Matter,Physical environment,2012,2007,1.0,unhealthy air quality days (particulate matter),Lower is better,5,1.5,2.5,166.67,Worse,Austin,0,Nashville,4
Charlotte,"Mecklenburg County, NC",Air Pollution – Particulate Matter,Physical environment,2012,2007,2.0,unhealthy air quality days (particulate matter),Lower is better,5,1.5,2.5,166.67,Worse,Austin,0,Nashville,4
Denver,"Denver County, CO",Air Pollution – Particulate Matter,Physical environment,2012,2007,3.0,unhealthy air quality days (particulate matter),Lower is better,5,1.5,2.5,166.67,Worse,Austin,0,Nashville,4
Atlanta,"Fulton County, GA",Air Pollution – Particulate Matter,Physical environment,2012,2007,3.0,unhealthy air quality days (particulate matter),Lower is better,5,1.5,2.5,166.67,Worse,Austin,0,Nashville,4
Fort Worth,"Tarrant County, TX",Air Pollution – Particulate Matter,Physical environment,2012,2007,0.0,unhealthy air quality days (particulate matter),Lower is better,5,1.5,2.5,166.67,Worse,Austin,0,Nashville,4
Dallas,"Dallas County, TX",Air Pollution – Particulate Matter,Physical environment,2012,2007,0.0,unhealthy air quality days (particulate matter),Lower is better,5,1.5,2.5,166.67,Worse,Austin,0,Nashville,4
Nashville,"Davidson County, TN",Air Pollution – Particulate Matter,Physical environment,2012,2007,4.0,unhealthy air quality days (particulate matter),Lower is better,5,1.5,2.5,166.67,Worse,Austin,0,Nashville,4
Austin,"Travis County, TX",Suicide Rate,Health outcomes / well-being,2012,,,"deaths per 100,000 population",Lower is better,,,,,,,,,
Raleigh,"Wake County, NC",Suicide Rate,Health outcomes / well-being,2012,,,"deaths per 100,000 population",Lower is better,,,,,,,,,
Durham,"Durham County, NC",Suicide Rate,Health outcomes / well-being,2012,,,"deaths per 100,000 population",Lower is better,,,,,,,,,
Charlotte,"Mecklenburg County, NC",Suicide Rate,Health outcomes / well-being,2012,,,"deaths per 100,000 population",Lower is better,,,,,,,,,
Denver,"Denver County, CO",Suicide Rate,Health outcomes / well-being,2012,,,"deaths per 100,000 population",Lower is better,,,,,,,,,
Atlanta,"Fulton County, GA",Suicide Rate,Health outcomes / well-being,2012,,,"deaths per 100,000 population",Lower is better,,,,,,,,,
Fort Worth,"Tarrant County, TX",Suicide Rate,Health outcomes / well-being,2012,,,"deaths per 100,000 population",Lower is better,,,,,,,,,
Dallas,"Dallas County, TX",Suicide Rate,Health outcomes / well-being,2012,,,"deaths per 100,000 population",Lower is better,,,,,,,,,
Nashville,"Davidson County, TN",Suicide Rate,Health outcomes / well-being,2012,,,"deaths per 100,000 population",Lower is better,,,,,,,,,
Austin,"Travis County, TX",Teen Birth Rate,Health behaviors,2012,2002-2008,53.9,"births per 1,000 females ages 15–19",Lower is better,6,56.25,-2.05,-3.64,Better,Raleigh,29.5,Denver,93.1
Raleigh,"Wake County, NC",Teen Birth Rate,Health behaviors,2012,2002-2008,29.5,"births per 1,000 females ages 15–19",Lower is better,6,56.25,-2.05,-3.64,Better,Raleigh,29.5,Denver,93.1
Durham,"Durham County, NC",Teen Birth Rate,Health behaviors,2012,2002-2008,47.4,"births per 1,000 females ages 15–19",Lower is better,6,56.25,-2.05,-3.64,Better,Raleigh,29.5,Denver,93.1
Charlotte,"Mecklenburg County, NC",Teen Birth Rate,Health behaviors,2012,2002-2008,44.3,"births per 1,000 females ages 15–19",Lower is better,6,56.25,-2.05,-3.64,Better,Raleigh,29.5,Denver,93.1
Denver,"Denver County, CO",Teen Birth Rate,Health behaviors,2012,2002-2008,93.1,"births per 1,000 females ages 15–19",Lower is better,6,56.25,-2.05,-3.64,Better,Raleigh,29.5,Denver,93.1
Atlanta,"Fulton County, GA",Teen Birth Rate,Health behaviors,2012,2002-2008,46.6,"births per 1,000 females ages 15–19",Lower is better,6,56.25,-2.05,-3.64,Better,Raleigh,29.5,Denver,93.1
Fort Worth,"Tarrant County, TX",Teen Birth Rate,Health behaviors,2012,2002-2008,59.5,"births per 1,000 females ages 15–19",Lower is better,6,56.25,-2.05,-3.64,Better,Raleigh,29.5,Denver,93.1
Dallas,"Dallas County, TX",Teen Birth Rate,Health behaviors,2012,2002-2008,75.7,"births per 1,000 females ages 15–19",Lower is better,6,56.25,-2.05,-3.64,Better,Raleigh,29.5,Denver,93.1
Nashville,"Davidson County, TN",Teen Birth Rate,Health behaviors,2012,2002-2008,54.2,"births per 1,000 females ages 15–19",Lower is better,6,56.25,-2.05,-3.64,Better,Raleigh,29.5,Denver,93.1
Austin,"Travis County, TX",Injury Deaths,Health outcomes / well-being,2012,,,"deaths per 100,000 population",Lower is better,,,,,,,,,
Raleigh,"Wake County, NC",Injury Deaths,Health outcomes / well-being,2012,,,"deaths per 100,000 population",Lower is better,,,,,,,,,
Durham,"Durham County, NC",Injury Deaths,Health outcomes / well-being,2012,,,"deaths per 100,000 population",Lower is better,,,,,,,,,
Charlotte,"Mecklenburg County, NC",Injury Deaths,Health outcomes / well-being,2012,,,"deaths per 100,000 population",Lower is better,,,,,,,,,
Denver,"Denver County, CO",Injury Deaths,Health outcomes / well-being,2012,,,"deaths per 100,000 population",Lower is better,,,,,,,,,
Atlanta,"Fulton County, GA",Injury Deaths,Health outcomes / well-being,2012,,,"deaths per 100,000 population",Lower is better,,,,,,,,,
Fort Worth,"Tarrant County, TX",Injury Deaths,Health outcomes / well-being,2012,,,"deaths per 100,000 population",Lower is better,,,,,,,,,
Dallas,"Dallas County, TX",Injury Deaths,Health outcomes / well-being,2012,,,"deaths per 100,000 population",Lower is better,,,,,,,,,
Nashville,"Davidson County, TN",Injury Deaths,Health outcomes / well-being,2012,,,"deaths per 100,000 population",Lower is better,,,,,,,,,
Austin,"Travis County, TX",Broadband Access,Physical environment,2012,,,%,Higher is better,,,,,,,,,
Raleigh,"Wake County, NC",Broadband Access,Physical environment,2012,,,%,Higher is better,,,,,,,,,
Durham,"Durham County, NC",Broadband Access,Physical environment,2012,,,%,Higher is better,,,,,,,,,
Charlotte,"Mecklenburg County, NC",Broadband Access,Physical environment,2012,,,%,Higher is better,,,,,,,,,
Denver,"Denver County, CO",Broadband Access,Physical environment,2012,,,%,Higher is better,,,,,,,,,
Atlanta,"Fulton County, GA",Broadband Access,Physical environment,2012,,,%,Higher is better,,,,,,,,,
Fort Worth,"Tarrant County, TX",Broadband Access,Physical environment,2012,,,%,Higher is better,,,,,,,,,
Dallas,"Dallas County, TX",Broadband Access,Physical environment,2012,,,%,Higher is better,,,,,,,,,
Nashville,"Davidson County, TN",Broadband Access,Physical environment,2012,,,%,Higher is better,,,,,,,,,
Austin,"Travis County, TX",Severe Housing Cost Burden,Physical environment,2012,,,%,Lower is better,,,,,,,,,
Raleigh,"Wake County, NC",Severe Housing Cost Burden,Physical environment,2012,,,%,Lower is better,,,,,,,,,
Durham,"Durham County, NC",Severe Housing Cost Burden,Physical environment,2012,,,%,Lower is better,,,,,,,,,
Charlotte,"Mecklenburg County, NC",Severe Housing Cost Burden,Physical environment,2012,,,%,Lower is better,,,,,,,,,
Denver,"Denver County, CO",Severe Housing Cost Burden,Physical environment,2012,,,%,Lower is better,,,,,,,,,
Atlanta,"Fulton County, GA",Severe Housing Cost Burden,Physical environment,2012,,,%,Lower is better,,,,,,,,,
Fort Worth,"Tarrant County, TX",Severe Housing Cost Burden,Physical environment,2012,,,%,Lower is better,,,,,,,,,
Dallas,"Dallas County, TX",Severe Housing Cost Burden,Physical environment,2012,,,%,Lower is better,,,,,,,,,
Nashville,"Davidson County, TN",Severe Housing Cost Burden,Physical environment,2012,,,%,Lower is better,,,,,,,,,
Austin,"Travis County, TX",Life Expectancy,Health outcomes / well-being,2013,,,years,Higher is better,,,,,,,,,
Raleigh,"Wake County, NC",Life Expectancy,Health outcomes / well-being,2013,,,years,Higher is better,,,,,,,,,
Durham,"Durham County, NC",Life Expectancy,Health outcomes / well-being,2013,,,years,Higher is better,,,,,,,,,
Charlotte,"Mecklenburg County, NC",Life Expectancy,Health outcomes / well-being,2013,,,years,Higher is better,,,,,,,,,
Denver,"Denver County, CO",Life Expectancy,Health outcomes / well-being,2013,,,years,Higher is better,,,,,,,,,
Atlanta,"Fulton County, GA",Life Expectancy,Health outcomes / well-being,2013,,,years,Higher is better,,,,,,,,,
Fort Worth,"Tarrant County, TX",Life Expectancy,Health outcomes / well-being,2013,,,years,Higher is better,,,,,,,,,
Dallas,"Dallas County, TX",Life Expectancy,Health outcomes / well-being,2013,,,years,Higher is better,,,,,,,,,
Nashville,"Davidson County, TN",Life Expectancy,Health outcomes / well-being,2013,,,years,Higher is better,,,,,,,,,
Austin,"Travis County, TX",Infant Mortality,Health outcomes / well-being,2013,2006-2010,5.8842030771,"deaths per 1,000 live births",Lower is better,9,7.366112,1.095724,14.88,Worse,Austin,5.8842030771,Nashville,8.4618358318
Raleigh,"Wake County, NC",Infant Mortality,Health outcomes / well-being,2013,2006-2010,6.9712535494,"deaths per 1,000 live births",Lower is better,9,7.366112,1.095724,14.88,Worse,Austin,5.8842030771,Nashville,8.4618358318
Durham,"Durham County, NC",Infant Mortality,Health outcomes / well-being,2013,2006-2010,7.2312545499,"deaths per 1,000 live births",Lower is better,9,7.366112,1.095724,14.88,Worse,Austin,5.8842030771,Nashville,8.4618358318
Charlotte,"Mecklenburg County, NC",Infant Mortality,Health outcomes / well-being,2013,2006-2010,6.6431053951,"deaths per 1,000 live births",Lower is better,9,7.366112,1.095724,14.88,Worse,Austin,5.8842030771,Nashville,8.4618358318
Denver,"Denver County, CO",Infant Mortality,Health outcomes / well-being,2013,2006-2010,7.9948241601,"deaths per 1,000 live births",Lower is better,9,7.366112,1.095724,14.88,Worse,Austin,5.8842030771,Nashville,8.4618358318
Atlanta,"Fulton County, GA",Infant Mortality,Health outcomes / well-being,2013,2006-2010,8.3901913913,"deaths per 1,000 live births",Lower is better,9,7.366112,1.095724,14.88,Worse,Austin,5.8842030771,Nashville,8.4618358318
Fort Worth,"Tarrant County, TX",Infant Mortality,Health outcomes / well-being,2013,2006-2010,7.7655147458,"deaths per 1,000 live births",Lower is better,9,7.366112,1.095724,14.88,Worse,Austin,5.8842030771,Nashville,8.4618358318
Dallas,"Dallas County, TX",Infant Mortality,Health outcomes / well-being,2013,2006-2010,8.0485490956,"deaths per 1,000 live births",Lower is better,9,7.366112,1.095724,14.88,Worse,Austin,5.8842030771,Nashville,8.4618358318
Nashville,"Davidson County, TN",Infant Mortality,Health outcomes / well-being,2013,2006-2010,8.4618358318,"deaths per 1,000 live births",Lower is better,9,7.366112,1.095724,14.88,Worse,Austin,5.8842030771,Nashville,8.4618358318
Austin,"Travis County, TX",Poor or Fair Health,Health outcomes / well-being,2013,2005-2011,13.5,%,Lower is better,5,14.8,0,0.00,About the same,Raleigh,11.9,Dallas,17.1
Raleigh,"Wake County, NC",Poor or Fair Health,Health outcomes / well-being,2013,2005-2011,11.9,%,Lower is better,5,14.8,0,0.00,About the same,Raleigh,11.9,Dallas,17.1
Durham,"Durham County, NC",Poor or Fair Health,Health outcomes / well-being,2013,2005-2011,17.1,%,Lower is better,5,14.8,0,0.00,About the same,Raleigh,11.9,Dallas,17.1
Charlotte,"Mecklenburg County, NC",Poor or Fair Health,Health outcomes / well-being,2013,2005-2011,14.6,%,Lower is better,5,14.8,0,0.00,About the same,Raleigh,11.9,Dallas,17.1
Denver,"Denver County, CO",Poor or Fair Health,Health outcomes / well-being,2013,2005-2011,16.2,%,Lower is better,5,14.8,0,0.00,About the same,Raleigh,11.9,Dallas,17.1
Atlanta,"Fulton County, GA",Poor or Fair Health,Health outcomes / well-being,2013,2005-2011,12.3,%,Lower is better,5,14.8,0,0.00,About the same,Raleigh,11.9,Dallas,17.1
Fort Worth,"Tarrant County, TX",Poor or Fair Health,Health outcomes / well-being,2013,2005-2011,15.7,%,Lower is better,5,14.8,0,0.00,About the same,Raleigh,11.9,Dallas,17.1
Dallas,"Dallas County, TX",Poor or Fair Health,Health outcomes / well-being,2013,2005-2011,17.1,%,Lower is better,5,14.8,0,0.00,About the same,Raleigh,11.9,Dallas,17.1
Nashville,"Davidson County, TN",Poor or Fair Health,Health outcomes / well-being,2013,2005-2011,14.8,%,Lower is better,5,14.8,0,0.00,About the same,Raleigh,11.9,Dallas,17.1
Austin,"Travis County, TX",Poor Physical Health Days,Health outcomes / well-being,2013,2005-2011,2.9,days per month,Lower is better,5,2.9625,0.0375,1.27,Worse,Atlanta,2.6,Dallas,3.3
Raleigh,"Wake County, NC",Poor Physical Health Days,Health outcomes / well-being,2013,2005-2011,2.7,days per month,Lower is better,5,2.9625,0.0375,1.27,Worse,Atlanta,2.6,Dallas,3.3
Durham,"Durham County, NC",Poor Physical Health Days,Health outcomes / well-being,2013,2005-2011,2.8,days per month,Lower is better,5,2.9625,0.0375,1.27,Worse,Atlanta,2.6,Dallas,3.3
Charlotte,"Mecklenburg County, NC",Poor Physical Health Days,Health outcomes / well-being,2013,2005-2011,3,days per month,Lower is better,5,2.9625,0.0375,1.27,Worse,Atlanta,2.6,Dallas,3.3
Denver,"Denver County, CO",Poor Physical Health Days,Health outcomes / well-being,2013,2005-2011,3.2,days per month,Lower is better,5,2.9625,0.0375,1.27,Worse,Atlanta,2.6,Dallas,3.3
Atlanta,"Fulton County, GA",Poor Physical Health Days,Health outcomes / well-being,2013,2005-2011,2.6,days per month,Lower is better,5,2.9625,0.0375,1.27,Worse,Atlanta,2.6,Dallas,3.3
Fort Worth,"Tarrant County, TX",Poor Physical Health Days,Health outcomes / well-being,2013,2005-2011,3.2,days per month,Lower is better,5,2.9625,0.0375,1.27,Worse,Atlanta,2.6,Dallas,3.3
Dallas,"Dallas County, TX",Poor Physical Health Days,Health outcomes / well-being,2013,2005-2011,3.3,days per month,Lower is better,5,2.9625,0.0375,1.27,Worse,Atlanta,2.6,Dallas,3.3
Nashville,"Davidson County, TN",Poor Physical Health Days,Health outcomes / well-being,2013,2005-2011,3,days per month,Lower is better,5,2.9625,0.0375,1.27,Worse,Atlanta,2.6,Dallas,3.3
Austin,"Travis County, TX",Poor Mental Health Days,Health outcomes / well-being,2013,2005-2011,3.2,days per month,Lower is better,2,3.025,-0.225,-7.44,Better,Raleigh,2.6,Charlotte,3.3
Raleigh,"Wake County, NC",Poor Mental Health Days,Health outcomes / well-being,2013,2005-2011,2.6,days per month,Lower is better,2,3.025,-0.225,-7.44,Better,Raleigh,2.6,Charlotte,3.3
Durham,"Durham County, NC",Poor Mental Health Days,Health outcomes / well-being,2013,2005-2011,2.9,days per month,Lower is better,2,3.025,-0.225,-7.44,Better,Raleigh,2.6,Charlotte,3.3
Charlotte,"Mecklenburg County, NC",Poor Mental Health Days,Health outcomes / well-being,2013,2005-2011,3.3,days per month,Lower is better,2,3.025,-0.225,-7.44,Better,Raleigh,2.6,Charlotte,3.3
Denver,"Denver County, CO",Poor Mental Health Days,Health outcomes / well-being,2013,2005-2011,3.2,days per month,Lower is better,2,3.025,-0.225,-7.44,Better,Raleigh,2.6,Charlotte,3.3
Atlanta,"Fulton County, GA",Poor Mental Health Days,Health outcomes / well-being,2013,2005-2011,2.8,days per month,Lower is better,2,3.025,-0.225,-7.44,Better,Raleigh,2.6,Charlotte,3.3
Fort Worth,"Tarrant County, TX",Poor Mental Health Days,Health outcomes / well-being,2013,2005-2011,3,days per month,Lower is better,2,3.025,-0.225,-7.44,Better,Raleigh,2.6,Charlotte,3.3
Dallas,"Dallas County, TX",Poor Mental Health Days,Health outcomes / well-being,2013,2005-2011,3.2,days per month,Lower is better,2,3.025,-0.225,-7.44,Better,Raleigh,2.6,Charlotte,3.3
Nashville,"Davidson County, TN",Poor Mental Health Days,Health outcomes / well-being,2013,2005-2011,2.8,days per month,Lower is better,2,3.025,-0.225,-7.44,Better,Raleigh,2.6,Charlotte,3.3
Austin,"Travis County, TX",Adult Obesity,Health outcomes / well-being,2013,2009,24.8,%,Lower is better,7,25.9125,4.0875,15.77,Worse,Denver,18.1,Dallas,30.7
Raleigh,"Wake County, NC",Adult Obesity,Health outcomes / well-being,2013,2009,26,%,Lower is better,7,25.9125,4.0875,15.77,Worse,Denver,18.1,Dallas,30.7
Durham,"Durham County, NC",Adult Obesity,Health outcomes / well-being,2013,2009,30.3,%,Lower is better,7,25.9125,4.0875,15.77,Worse,Denver,18.1,Dallas,30.7
Charlotte,"Mecklenburg County, NC",Adult Obesity,Health outcomes / well-being,2013,2009,25.8,%,Lower is better,7,25.9125,4.0875,15.77,Worse,Denver,18.1,Dallas,30.7
Denver,"Denver County, CO",Adult Obesity,Health outcomes / well-being,2013,2009,18.1,%,Lower is better,7,25.9125,4.0875,15.77,Worse,Denver,18.1,Dallas,30.7
Atlanta,"Fulton County, GA",Adult Obesity,Health outcomes / well-being,2013,2009,23.8,%,Lower is better,7,25.9125,4.0875,15.77,Worse,Denver,18.1,Dallas,30.7
Fort Worth,"Tarrant County, TX",Adult Obesity,Health outcomes / well-being,2013,2009,27.8,%,Lower is better,7,25.9125,4.0875,15.77,Worse,Denver,18.1,Dallas,30.7
Dallas,"Dallas County, TX",Adult Obesity,Health outcomes / well-being,2013,2009,30.7,%,Lower is better,7,25.9125,4.0875,15.77,Worse,Denver,18.1,Dallas,30.7
Nashville,"Davidson County, TN",Adult Obesity,Health outcomes / well-being,2013,2009,30,%,Lower is better,7,25.9125,4.0875,15.77,Worse,Denver,18.1,Dallas,30.7
Austin,"Travis County, TX",Diabetes Prevalence,Health outcomes / well-being,2013,2009,6.7,%,Lower is better,8,7.725,1.475,19.09,Worse,Denver,5.5,Dallas,9.4
Raleigh,"Wake County, NC",Diabetes Prevalence,Health outcomes / well-being,2013,2009,7.2,%,Lower is better,8,7.725,1.475,19.09,Worse,Denver,5.5,Dallas,9.4
Durham,"Durham County, NC",Diabetes Prevalence,Health outcomes / well-being,2013,2009,8.7,%,Lower is better,8,7.725,1.475,19.09,Worse,Denver,5.5,Dallas,9.4
Charlotte,"Mecklenburg County, NC",Diabetes Prevalence,Health outcomes / well-being,2013,2009,7.8,%,Lower is better,8,7.725,1.475,19.09,Worse,Denver,5.5,Dallas,9.4
Denver,"Denver County, CO",Diabetes Prevalence,Health outcomes / well-being,2013,2009,5.5,%,Lower is better,8,7.725,1.475,19.09,Worse,Denver,5.5,Dallas,9.4
Atlanta,"Fulton County, GA",Diabetes Prevalence,Health outcomes / well-being,2013,2009,8.2,%,Lower is better,8,7.725,1.475,19.09,Worse,Denver,5.5,Dallas,9.4
Fort Worth,"Tarrant County, TX",Diabetes Prevalence,Health outcomes / well-being,2013,2009,8.3,%,Lower is better,8,7.725,1.475,19.09,Worse,Denver,5.5,Dallas,9.4
Dallas,"Dallas County, TX",Diabetes Prevalence,Health outcomes / well-being,2013,2009,9.4,%,Lower is better,8,7.725,1.475,19.09,Worse,Denver,5.5,Dallas,9.4
Nashville,"Davidson County, TN",Diabetes Prevalence,Health outcomes / well-being,2013,2009,9.2,%,Lower is better,8,7.725,1.475,19.09,Worse,Denver,5.5,Dallas,9.4
Austin,"Travis County, TX",Adult Smoking,Health behaviors,2013,2005-2011,15.9,%,Lower is better,7,15.7,2.3,14.65,Worse,Atlanta,13.3,Denver,19.2
Raleigh,"Wake County, NC",Adult Smoking,Health behaviors,2013,2005-2011,14.2,%,Lower is better,7,15.7,2.3,14.65,Worse,Atlanta,13.3,Denver,19.2
Durham,"Durham County, NC",Adult Smoking,Health behaviors,2013,2005-2011,14.6,%,Lower is better,7,15.7,2.3,14.65,Worse,Atlanta,13.3,Denver,19.2
Charlotte,"Mecklenburg County, NC",Adult Smoking,Health behaviors,2013,2005-2011,15,%,Lower is better,7,15.7,2.3,14.65,Worse,Atlanta,13.3,Denver,19.2
Denver,"Denver County, CO",Adult Smoking,Health behaviors,2013,2005-2011,19.2,%,Lower is better,7,15.7,2.3,14.65,Worse,Atlanta,13.3,Denver,19.2
Atlanta,"Fulton County, GA",Adult Smoking,Health behaviors,2013,2005-2011,13.3,%,Lower is better,7,15.7,2.3,14.65,Worse,Atlanta,13.3,Denver,19.2
Fort Worth,"Tarrant County, TX",Adult Smoking,Health behaviors,2013,2005-2011,17.5,%,Lower is better,7,15.7,2.3,14.65,Worse,Atlanta,13.3,Denver,19.2
Dallas,"Dallas County, TX",Adult Smoking,Health behaviors,2013,2005-2011,15.9,%,Lower is better,7,15.7,2.3,14.65,Worse,Atlanta,13.3,Denver,19.2
Nashville,"Davidson County, TN",Adult Smoking,Health behaviors,2013,2005-2011,18,%,Lower is better,7,15.7,2.3,14.65,Worse,Atlanta,13.3,Denver,19.2
Austin,"Travis County, TX",Physical Inactivity,Health behaviors,2013,2009,18.3,%,Lower is better,9,19.85,6.75,34.01,Worse,Denver,15.7,Nashville,26.6
Raleigh,"Wake County, NC",Physical Inactivity,Health behaviors,2013,2009,18.1,%,Lower is better,9,19.85,6.75,34.01,Worse,Denver,15.7,Nashville,26.6
Durham,"Durham County, NC",Physical Inactivity,Health behaviors,2013,2009,20.3,%,Lower is better,9,19.85,6.75,34.01,Worse,Denver,15.7,Nashville,26.6
Charlotte,"Mecklenburg County, NC",Physical Inactivity,Health behaviors,2013,2009,19.9,%,Lower is better,9,19.85,6.75,34.01,Worse,Denver,15.7,Nashville,26.6
Denver,"Denver County, CO",Physical Inactivity,Health behaviors,2013,2009,15.7,%,Lower is better,9,19.85,6.75,34.01,Worse,Denver,15.7,Nashville,26.6
Atlanta,"Fulton County, GA",Physical Inactivity,Health behaviors,2013,2009,19.3,%,Lower is better,9,19.85,6.75,34.01,Worse,Denver,15.7,Nashville,26.6
Fort Worth,"Tarrant County, TX",Physical Inactivity,Health behaviors,2013,2009,22.4,%,Lower is better,9,19.85,6.75,34.01,Worse,Denver,15.7,Nashville,26.6
Dallas,"Dallas County, TX",Physical Inactivity,Health behaviors,2013,2009,24.8,%,Lower is better,9,19.85,6.75,34.01,Worse,Denver,15.7,Nashville,26.6
Nashville,"Davidson County, TN",Physical Inactivity,Health behaviors,2013,2009,26.6,%,Lower is better,9,19.85,6.75,34.01,Worse,Denver,15.7,Nashville,26.6
Austin,"Travis County, TX",Excessive Drinking,Health behaviors,2013,2005-2011,22.3,%,Lower is better,1,17.45,-5.65,-32.38,Better,Nashville,11.8,Denver,22.5
Raleigh,"Wake County, NC",Excessive Drinking,Health behaviors,2013,2005-2011,14.9,%,Lower is better,1,17.45,-5.65,-32.38,Better,Nashville,11.8,Denver,22.5
Durham,"Durham County, NC",Excessive Drinking,Health behaviors,2013,2005-2011,15.3,%,Lower is better,1,17.45,-5.65,-32.38,Better,Nashville,11.8,Denver,22.5
Charlotte,"Mecklenburg County, NC",Excessive Drinking,Health behaviors,2013,2005-2011,16.2,%,Lower is better,1,17.45,-5.65,-32.38,Better,Nashville,11.8,Denver,22.5
Denver,"Denver County, CO",Excessive Drinking,Health behaviors,2013,2005-2011,22.5,%,Lower is better,1,17.45,-5.65,-32.38,Better,Nashville,11.8,Denver,22.5
Atlanta,"Fulton County, GA",Excessive Drinking,Health behaviors,2013,2005-2011,17.2,%,Lower is better,1,17.45,-5.65,-32.38,Better,Nashville,11.8,Denver,22.5
Fort Worth,"Tarrant County, TX",Excessive Drinking,Health behaviors,2013,2005-2011,17.2,%,Lower is better,1,17.45,-5.65,-32.38,Better,Nashville,11.8,Denver,22.5
Dallas,"Dallas County, TX",Excessive Drinking,Health behaviors,2013,2005-2011,14,%,Lower is better,1,17.45,-5.65,-32.38,Better,Nashville,11.8,Denver,22.5
Nashville,"Davidson County, TN",Excessive Drinking,Health behaviors,2013,2005-2011,11.8,%,Lower is better,1,17.45,-5.65,-32.38,Better,Nashville,11.8,Denver,22.5
Austin,"Travis County, TX",Insufficient Sleep,Health behaviors,2013,,,%,Lower is better,,,,,,,,,
Raleigh,"Wake County, NC",Insufficient Sleep,Health behaviors,2013,,,%,Lower is better,,,,,,,,,
Durham,"Durham County, NC",Insufficient Sleep,Health behaviors,2013,,,%,Lower is better,,,,,,,,,
Charlotte,"Mecklenburg County, NC",Insufficient Sleep,Health behaviors,2013,,,%,Lower is better,,,,,,,,,
Denver,"Denver County, CO",Insufficient Sleep,Health behaviors,2013,,,%,Lower is better,,,,,,,,,
Atlanta,"Fulton County, GA",Insufficient Sleep,Health behaviors,2013,,,%,Lower is better,,,,,,,,,
Fort Worth,"Tarrant County, TX",Insufficient Sleep,Health behaviors,2013,,,%,Lower is better,,,,,,,,,
Dallas,"Dallas County, TX",Insufficient Sleep,Health behaviors,2013,,,%,Lower is better,,,,,,,,,
Nashville,"Davidson County, TN",Insufficient Sleep,Health behaviors,2013,,,%,Lower is better,,,,,,,,,
Austin,"Travis County, TX",Food Insecurity,Health behaviors,2013,,,%,Lower is better,,,,,,,,,
Raleigh,"Wake County, NC",Food Insecurity,Health behaviors,2013,,,%,Lower is better,,,,,,,,,
Durham,"Durham County, NC",Food Insecurity,Health behaviors,2013,,,%,Lower is better,,,,,,,,,
Charlotte,"Mecklenburg County, NC",Food Insecurity,Health behaviors,2013,,,%,Lower is better,,,,,,,,,
Denver,"Denver County, CO",Food Insecurity,Health behaviors,2013,,,%,Lower is better,,,,,,,,,
Atlanta,"Fulton County, GA",Food Insecurity,Health behaviors,2013,,,%,Lower is better,,,,,,,,,
Fort Worth,"Tarrant County, TX",Food Insecurity,Health behaviors,2013,,,%,Lower is better,,,,,,,,,
Dallas,"Dallas County, TX",Food Insecurity,Health behaviors,2013,,,%,Lower is better,,,,,,,,,
Nashville,"Davidson County, TN",Food Insecurity,Health behaviors,2013,,,%,Lower is better,,,,,,,,,
Austin,"Travis County, TX",Drug Overdose Deaths,Health behaviors,2013,,,"deaths per 100,000 population",Lower is better,,,,,,,,,
Raleigh,"Wake County, NC",Drug Overdose Deaths,Health behaviors,2013,,,"deaths per 100,000 population",Lower is better,,,,,,,,,
Durham,"Durham County, NC",Drug Overdose Deaths,Health behaviors,2013,,,"deaths per 100,000 population",Lower is better,,,,,,,,,
Charlotte,"Mecklenburg County, NC",Drug Overdose Deaths,Health behaviors,2013,,,"deaths per 100,000 population",Lower is better,,,,,,,,,
Denver,"Denver County, CO",Drug Overdose Deaths,Health behaviors,2013,,,"deaths per 100,000 population",Lower is better,,,,,,,,,
Atlanta,"Fulton County, GA",Drug Overdose Deaths,Health behaviors,2013,,,"deaths per 100,000 population",Lower is better,,,,,,,,,
Fort Worth,"Tarrant County, TX",Drug Overdose Deaths,Health behaviors,2013,,,"deaths per 100,000 population",Lower is better,,,,,,,,,
Dallas,"Dallas County, TX",Drug Overdose Deaths,Health behaviors,2013,,,"deaths per 100,000 population",Lower is better,,,,,,,,,
Nashville,"Davidson County, TN",Drug Overdose Deaths,Health behaviors,2013,,,"deaths per 100,000 population",Lower is better,,,,,,,,,
Austin,"Travis County, TX",Access to Exercise Opportunities,Health behaviors,2013,,,%,Higher is better,,,,,,,,,
Raleigh,"Wake County, NC",Access to Exercise Opportunities,Health behaviors,2013,,,%,Higher is better,,,,,,,,,
Durham,"Durham County, NC",Access to Exercise Opportunities,Health behaviors,2013,,,%,Higher is better,,,,,,,,,
Charlotte,"Mecklenburg County, NC",Access to Exercise Opportunities,Health behaviors,2013,,,%,Higher is better,,,,,,,,,
Denver,"Denver County, CO",Access to Exercise Opportunities,Health behaviors,2013,,,%,Higher is better,,,,,,,,,
Atlanta,"Fulton County, GA",Access to Exercise Opportunities,Health behaviors,2013,,,%,Higher is better,,,,,,,,,
Fort Worth,"Tarrant County, TX",Access to Exercise Opportunities,Health behaviors,2013,,,%,Higher is better,,,,,,,,,
Dallas,"Dallas County, TX",Access to Exercise Opportunities,Health behaviors,2013,,,%,Higher is better,,,,,,,,,
Nashville,"Davidson County, TN",Access to Exercise Opportunities,Health behaviors,2013,,,%,Higher is better,,,,,,,,,
Austin,"Travis County, TX",Uninsured,Clinical care,2013,2010,22.7,%,Lower is better,4,21.7375,-1.9375,-8.91,Better,Raleigh,15.5,Dallas,31
Raleigh,"Wake County, NC",Uninsured,Clinical care,2013,2010,15.5,%,Lower is better,4,21.7375,-1.9375,-8.91,Better,Raleigh,15.5,Dallas,31
Durham,"Durham County, NC",Uninsured,Clinical care,2013,2010,19.1,%,Lower is better,4,21.7375,-1.9375,-8.91,Better,Raleigh,15.5,Dallas,31
Charlotte,"Mecklenburg County, NC",Uninsured,Clinical care,2013,2010,18.4,%,Lower is better,4,21.7375,-1.9375,-8.91,Better,Raleigh,15.5,Dallas,31
Denver,"Denver County, CO",Uninsured,Clinical care,2013,2010,20.7,%,Lower is better,4,21.7375,-1.9375,-8.91,Better,Raleigh,15.5,Dallas,31
Atlanta,"Fulton County, GA",Uninsured,Clinical care,2013,2010,22.9,%,Lower is better,4,21.7375,-1.9375,-8.91,Better,Raleigh,15.5,Dallas,31
Fort Worth,"Tarrant County, TX",Uninsured,Clinical care,2013,2010,23.6,%,Lower is better,4,21.7375,-1.9375,-8.91,Better,Raleigh,15.5,Dallas,31
Dallas,"Dallas County, TX",Uninsured,Clinical care,2013,2010,31,%,Lower is better,4,21.7375,-1.9375,-8.91,Better,Raleigh,15.5,Dallas,31
Nashville,"Davidson County, TN",Uninsured,Clinical care,2013,2010,19.8,%,Lower is better,4,21.7375,-1.9375,-8.91,Better,Raleigh,15.5,Dallas,31
Austin,"Travis County, TX",Primary Care Physicians,Clinical care,2013,2011-2012,1271,residents per primary care physician,Lower is better,4,1202.125,-117.125,-9.74,Better,Durham,844,Fort Worth,1739
Raleigh,"Wake County, NC",Primary Care Physicians,Clinical care,2013,2011-2012,1240,residents per primary care physician,Lower is better,4,1202.125,-117.125,-9.74,Better,Durham,844,Fort Worth,1739
Durham,"Durham County, NC",Primary Care Physicians,Clinical care,2013,2011-2012,844,residents per primary care physician,Lower is better,4,1202.125,-117.125,-9.74,Better,Durham,844,Fort Worth,1739
Charlotte,"Mecklenburg County, NC",Primary Care Physicians,Clinical care,2013,2011-2012,1148,residents per primary care physician,Lower is better,4,1202.125,-117.125,-9.74,Better,Durham,844,Fort Worth,1739
Denver,"Denver County, CO",Primary Care Physicians,Clinical care,2013,2011-2012,868,residents per primary care physician,Lower is better,4,1202.125,-117.125,-9.74,Better,Durham,844,Fort Worth,1739
Atlanta,"Fulton County, GA",Primary Care Physicians,Clinical care,2013,2011-2012,922,residents per primary care physician,Lower is better,4,1202.125,-117.125,-9.74,Better,Durham,844,Fort Worth,1739
Fort Worth,"Tarrant County, TX",Primary Care Physicians,Clinical care,2013,2011-2012,1739,residents per primary care physician,Lower is better,4,1202.125,-117.125,-9.74,Better,Durham,844,Fort Worth,1739
Dallas,"Dallas County, TX",Primary Care Physicians,Clinical care,2013,2011-2012,1585,residents per primary care physician,Lower is better,4,1202.125,-117.125,-9.74,Better,Durham,844,Fort Worth,1739
Nashville,"Davidson County, TN",Primary Care Physicians,Clinical care,2013,2011-2012,1085,residents per primary care physician,Lower is better,4,1202.125,-117.125,-9.74,Better,Durham,844,Fort Worth,1739
Austin,"Travis County, TX",Mental Health Providers,Clinical care,2013,2011-2012,1534,residents per mental health provider,Lower is better,4,2164.375,-765.375,-35.36,Better,Durham,659,Fort Worth,5328
Raleigh,"Wake County, NC",Mental Health Providers,Clinical care,2013,2011-2012,1954,residents per mental health provider,Lower is better,4,2164.375,-765.375,-35.36,Better,Durham,659,Fort Worth,5328
Durham,"Durham County, NC",Mental Health Providers,Clinical care,2013,2011-2012,659,residents per mental health provider,Lower is better,4,2164.375,-765.375,-35.36,Better,Durham,659,Fort Worth,5328
Charlotte,"Mecklenburg County, NC",Mental Health Providers,Clinical care,2013,2011-2012,3027,residents per mental health provider,Lower is better,4,2164.375,-765.375,-35.36,Better,Durham,659,Fort Worth,5328
Denver,"Denver County, CO",Mental Health Providers,Clinical care,2013,2011-2012,712,residents per mental health provider,Lower is better,4,2164.375,-765.375,-35.36,Better,Durham,659,Fort Worth,5328
Atlanta,"Fulton County, GA",Mental Health Providers,Clinical care,2013,2011-2012,1246,residents per mental health provider,Lower is better,4,2164.375,-765.375,-35.36,Better,Durham,659,Fort Worth,5328
Fort Worth,"Tarrant County, TX",Mental Health Providers,Clinical care,2013,2011-2012,5328,residents per mental health provider,Lower is better,4,2164.375,-765.375,-35.36,Better,Durham,659,Fort Worth,5328
Dallas,"Dallas County, TX",Mental Health Providers,Clinical care,2013,2011-2012,2855,residents per mental health provider,Lower is better,4,2164.375,-765.375,-35.36,Better,Durham,659,Fort Worth,5328
Nashville,"Davidson County, TN",Mental Health Providers,Clinical care,2013,2011-2012,1399,residents per mental health provider,Lower is better,4,2164.375,-765.375,-35.36,Better,Durham,659,Fort Worth,5328
Austin,"Travis County, TX",Preventable Hospital Stays,Clinical care,2013,2010,5726.9999981,"hospital stays per 100,000 Medicare enrollees",Lower is better,8,5275.499995,1193.499987,22.62,Worse,Denver,4116.9999957,Fort Worth,6704.9999952
Raleigh,"Wake County, NC",Preventable Hospital Stays,Clinical care,2013,2010,4983.9999914,"hospital stays per 100,000 Medicare enrollees",Lower is better,8,5275.499995,1193.499987,22.62,Worse,Denver,4116.9999957,Fort Worth,6704.9999952
Durham,"Durham County, NC",Preventable Hospital Stays,Clinical care,2013,2010,4945.9999919,"hospital stays per 100,000 Medicare enrollees",Lower is better,8,5275.499995,1193.499987,22.62,Worse,Denver,4116.9999957,Fort Worth,6704.9999952
Charlotte,"Mecklenburg County, NC",Preventable Hospital Stays,Clinical care,2013,2010,4709.9999905,"hospital stays per 100,000 Medicare enrollees",Lower is better,8,5275.499995,1193.499987,22.62,Worse,Denver,4116.9999957,Fort Worth,6704.9999952
Denver,"Denver County, CO",Preventable Hospital Stays,Clinical care,2013,2010,4116.9999957,"hospital stays per 100,000 Medicare enrollees",Lower is better,8,5275.499995,1193.499987,22.62,Worse,Denver,4116.9999957,Fort Worth,6704.9999952
Atlanta,"Fulton County, GA",Preventable Hospital Stays,Clinical care,2013,2010,5076.9999981,"hospital stays per 100,000 Medicare enrollees",Lower is better,8,5275.499995,1193.499987,22.62,Worse,Denver,4116.9999957,Fort Worth,6704.9999952
Fort Worth,"Tarrant County, TX",Preventable Hospital Stays,Clinical care,2013,2010,6704.9999952,"hospital stays per 100,000 Medicare enrollees",Lower is better,8,5275.499995,1193.499987,22.62,Worse,Denver,4116.9999957,Fort Worth,6704.9999952
Dallas,"Dallas County, TX",Preventable Hospital Stays,Clinical care,2013,2010,5937.9999995,"hospital stays per 100,000 Medicare enrollees",Lower is better,8,5275.499995,1193.499987,22.62,Worse,Denver,4116.9999957,Fort Worth,6704.9999952
Nashville,"Davidson County, TN",Preventable Hospital Stays,Clinical care,2013,2010,6468.9999819,"hospital stays per 100,000 Medicare enrollees",Lower is better,8,5275.499995,1193.499987,22.62,Worse,Denver,4116.9999957,Fort Worth,6704.9999952
Austin,"Travis County, TX",Children in Poverty,Social & economic,2013,2011,24.1,%,Lower is better,7,24.8125,4.5875,18.49,Worse,Raleigh,16.4,Dallas,30
Raleigh,"Wake County, NC",Children in Poverty,Social & economic,2013,2011,16.4,%,Lower is better,7,24.8125,4.5875,18.49,Worse,Raleigh,16.4,Dallas,30
Durham,"Durham County, NC",Children in Poverty,Social & economic,2013,2011,27.2,%,Lower is better,7,24.8125,4.5875,18.49,Worse,Raleigh,16.4,Dallas,30
Charlotte,"Mecklenburg County, NC",Children in Poverty,Social & economic,2013,2011,23.8,%,Lower is better,7,24.8125,4.5875,18.49,Worse,Raleigh,16.4,Dallas,30
Denver,"Denver County, CO",Children in Poverty,Social & economic,2013,2011,26.2,%,Lower is better,7,24.8125,4.5875,18.49,Worse,Raleigh,16.4,Dallas,30
Atlanta,"Fulton County, GA",Children in Poverty,Social & economic,2013,2011,27,%,Lower is better,7,24.8125,4.5875,18.49,Worse,Raleigh,16.4,Dallas,30
Fort Worth,"Tarrant County, TX",Children in Poverty,Social & economic,2013,2011,23.8,%,Lower is better,7,24.8125,4.5875,18.49,Worse,Raleigh,16.4,Dallas,30
Dallas,"Dallas County, TX",Children in Poverty,Social & economic,2013,2011,30,%,Lower is better,7,24.8125,4.5875,18.49,Worse,Raleigh,16.4,Dallas,30
Nashville,"Davidson County, TN",Children in Poverty,Social & economic,2013,2011,29.4,%,Lower is better,7,24.8125,4.5875,18.49,Worse,Raleigh,16.4,Dallas,30
Austin,"Travis County, TX",Unemployment,Social & economic,2013,2011,6.6,%,Lower is better,3,8.7375,-0.5375,-6.15,Better,Austin,6.6,Charlotte,10.7
Raleigh,"Wake County, NC",Unemployment,Social & economic,2013,2011,8.3,%,Lower is better,3,8.7375,-0.5375,-6.15,Better,Austin,6.6,Charlotte,10.7
Durham,"Durham County, NC",Unemployment,Social & economic,2013,2011,8.5,%,Lower is better,3,8.7375,-0.5375,-6.15,Better,Austin,6.6,Charlotte,10.7
Charlotte,"Mecklenburg County, NC",Unemployment,Social & economic,2013,2011,10.7,%,Lower is better,3,8.7375,-0.5375,-6.15,Better,Austin,6.6,Charlotte,10.7
Denver,"Denver County, CO",Unemployment,Social & economic,2013,2011,9.1,%,Lower is better,3,8.7375,-0.5375,-6.15,Better,Austin,6.6,Charlotte,10.7
Atlanta,"Fulton County, GA",Unemployment,Social & economic,2013,2011,10.5,%,Lower is better,3,8.7375,-0.5375,-6.15,Better,Austin,6.6,Charlotte,10.7
Fort Worth,"Tarrant County, TX",Unemployment,Social & economic,2013,2011,7.8,%,Lower is better,3,8.7375,-0.5375,-6.15,Better,Austin,6.6,Charlotte,10.7
Dallas,"Dallas County, TX",Unemployment,Social & economic,2013,2011,8.4,%,Lower is better,3,8.7375,-0.5375,-6.15,Better,Austin,6.6,Charlotte,10.7
Nashville,"Davidson County, TN",Unemployment,Social & economic,2013,2011,8.2,%,Lower is better,3,8.7375,-0.5375,-6.15,Better,Austin,6.6,Charlotte,10.7
Austin,"Travis County, TX",Median Household Income,Social & economic,2013,2011,53303,USD,Higher is better,9,52193.875,-8300.875,-15.90,Worse,Raleigh,62436,Nashville,43893
Raleigh,"Wake County, NC",Median Household Income,Social & economic,2013,2011,62436,USD,Higher is better,9,52193.875,-8300.875,-15.90,Worse,Raleigh,62436,Nashville,43893
Durham,"Durham County, NC",Median Household Income,Social & economic,2013,2011,47007,USD,Higher is better,9,52193.875,-8300.875,-15.90,Worse,Raleigh,62436,Nashville,43893
Charlotte,"Mecklenburg County, NC",Median Household Income,Social & economic,2013,2011,52111,USD,Higher is better,9,52193.875,-8300.875,-15.90,Worse,Raleigh,62436,Nashville,43893
Denver,"Denver County, CO",Median Household Income,Social & economic,2013,2011,47584,USD,Higher is better,9,52193.875,-8300.875,-15.90,Worse,Raleigh,62436,Nashville,43893
Atlanta,"Fulton County, GA",Median Household Income,Social & economic,2013,2011,54893,USD,Higher is better,9,52193.875,-8300.875,-15.90,Worse,Raleigh,62436,Nashville,43893
Fort Worth,"Tarrant County, TX",Median Household Income,Social & economic,2013,2011,52882,USD,Higher is better,9,52193.875,-8300.875,-15.90,Worse,Raleigh,62436,Nashville,43893
Dallas,"Dallas County, TX",Median Household Income,Social & economic,2013,2011,47335,USD,Higher is better,9,52193.875,-8300.875,-15.90,Worse,Raleigh,62436,Nashville,43893
Nashville,"Davidson County, TN",Median Household Income,Social & economic,2013,2011,43893,USD,Higher is better,9,52193.875,-8300.875,-15.90,Worse,Raleigh,62436,Nashville,43893
Austin,"Travis County, TX",High School Completion,Social & economic,2013,,,%,Higher is better,,,,,,,,,
Raleigh,"Wake County, NC",High School Completion,Social & economic,2013,,,%,Higher is better,,,,,,,,,
Durham,"Durham County, NC",High School Completion,Social & economic,2013,,,%,Higher is better,,,,,,,,,
Charlotte,"Mecklenburg County, NC",High School Completion,Social & economic,2013,,,%,Higher is better,,,,,,,,,
Denver,"Denver County, CO",High School Completion,Social & economic,2013,,,%,Higher is better,,,,,,,,,
Atlanta,"Fulton County, GA",High School Completion,Social & economic,2013,,,%,Higher is better,,,,,,,,,
Fort Worth,"Tarrant County, TX",High School Completion,Social & economic,2013,,,%,Higher is better,,,,,,,,,
Dallas,"Dallas County, TX",High School Completion,Social & economic,2013,,,%,Higher is better,,,,,,,,,
Nashville,"Davidson County, TN",High School Completion,Social & economic,2013,,,%,Higher is better,,,,,,,,,
Austin,"Travis County, TX",Income Inequality,Social & economic,2013,,,80th/20th percentile income ratio,Lower is better,,,,,,,,,
Raleigh,"Wake County, NC",Income Inequality,Social & economic,2013,,,80th/20th percentile income ratio,Lower is better,,,,,,,,,
Durham,"Durham County, NC",Income Inequality,Social & economic,2013,,,80th/20th percentile income ratio,Lower is better,,,,,,,,,
Charlotte,"Mecklenburg County, NC",Income Inequality,Social & economic,2013,,,80th/20th percentile income ratio,Lower is better,,,,,,,,,
Denver,"Denver County, CO",Income Inequality,Social & economic,2013,,,80th/20th percentile income ratio,Lower is better,,,,,,,,,
Atlanta,"Fulton County, GA",Income Inequality,Social & economic,2013,,,80th/20th percentile income ratio,Lower is better,,,,,,,,,
Fort Worth,"Tarrant County, TX",Income Inequality,Social & economic,2013,,,80th/20th percentile income ratio,Lower is better,,,,,,,,,
Dallas,"Dallas County, TX",Income Inequality,Social & economic,2013,,,80th/20th percentile income ratio,Lower is better,,,,,,,,,
Nashville,"Davidson County, TN",Income Inequality,Social & economic,2013,,,80th/20th percentile income ratio,Lower is better,,,,,,,,,
Austin,"Travis County, TX",Severe Housing Problems,Physical environment,2013,,,%,Lower is better,,,,,,,,,
Raleigh,"Wake County, NC",Severe Housing Problems,Physical environment,2013,,,%,Lower is better,,,,,,,,,
Durham,"Durham County, NC",Severe Housing Problems,Physical environment,2013,,,%,Lower is better,,,,,,,,,
Charlotte,"Mecklenburg County, NC",Severe Housing Problems,Physical environment,2013,,,%,Lower is better,,,,,,,,,
Denver,"Denver County, CO",Severe Housing Problems,Physical environment,2013,,,%,Lower is better,,,,,,,,,
Atlanta,"Fulton County, GA",Severe Housing Problems,Physical environment,2013,,,%,Lower is better,,,,,,,,,
Fort Worth,"Tarrant County, TX",Severe Housing Problems,Physical environment,2013,,,%,Lower is better,,,,,,,,,
Dallas,"Dallas County, TX",Severe Housing Problems,Physical environment,2013,,,%,Lower is better,,,,,,,,,
Nashville,"Davidson County, TN",Severe Housing Problems,Physical environment,2013,,,%,Lower is better,,,,,,,,,
Austin,"Travis County, TX",Air Pollution – Particulate Matter,Physical environment,2013,2008,9.43,µg/m³ PM2.5,Lower is better,9,11.2975,3.0725,27.20,Worse,Denver,8.45,Nashville,14.37
Raleigh,"Wake County, NC",Air Pollution – Particulate Matter,Physical environment,2013,2008,12.63,µg/m³ PM2.5,Lower is better,9,11.2975,3.0725,27.20,Worse,Denver,8.45,Nashville,14.37
Durham,"Durham County, NC",Air Pollution – Particulate Matter,Physical environment,2013,2008,12.6,µg/m³ PM2.5,Lower is better,9,11.2975,3.0725,27.20,Worse,Denver,8.45,Nashville,14.37
Charlotte,"Mecklenburg County, NC",Air Pollution – Particulate Matter,Physical environment,2013,2008,13.22,µg/m³ PM2.5,Lower is better,9,11.2975,3.0725,27.20,Worse,Denver,8.45,Nashville,14.37
Denver,"Denver County, CO",Air Pollution – Particulate Matter,Physical environment,2013,2008,8.45,µg/m³ PM2.5,Lower is better,9,11.2975,3.0725,27.20,Worse,Denver,8.45,Nashville,14.37
Atlanta,"Fulton County, GA",Air Pollution – Particulate Matter,Physical environment,2013,2008,12.91,µg/m³ PM2.5,Lower is better,9,11.2975,3.0725,27.20,Worse,Denver,8.45,Nashville,14.37
Fort Worth,"Tarrant County, TX",Air Pollution – Particulate Matter,Physical environment,2013,2008,10.49,µg/m³ PM2.5,Lower is better,9,11.2975,3.0725,27.20,Worse,Denver,8.45,Nashville,14.37
Dallas,"Dallas County, TX",Air Pollution – Particulate Matter,Physical environment,2013,2008,10.65,µg/m³ PM2.5,Lower is better,9,11.2975,3.0725,27.20,Worse,Denver,8.45,Nashville,14.37
Nashville,"Davidson County, TN",Air Pollution – Particulate Matter,Physical environment,2013,2008,14.37,µg/m³ PM2.5,Lower is better,9,11.2975,3.0725,27.20,Worse,Denver,8.45,Nashville,14.37
Austin,"Travis County, TX",Suicide Rate,Health outcomes / well-being,2013,,,"deaths per 100,000 population",Lower is better,,,,,,,,,
Raleigh,"Wake County, NC",Suicide Rate,Health outcomes / well-being,2013,,,"deaths per 100,000 population",Lower is better,,,,,,,,,
Durham,"Durham County, NC",Suicide Rate,Health outcomes / well-being,2013,,,"deaths per 100,000 population",Lower is better,,,,,,,,,
Charlotte,"Mecklenburg County, NC",Suicide Rate,Health outcomes / well-being,2013,,,"deaths per 100,000 population",Lower is better,,,,,,,,,
Denver,"Denver County, CO",Suicide Rate,Health outcomes / well-being,2013,,,"deaths per 100,000 population",Lower is better,,,,,,,,,
Atlanta,"Fulton County, GA",Suicide Rate,Health outcomes / well-being,2013,,,"deaths per 100,000 population",Lower is better,,,,,,,,,
Fort Worth,"Tarrant County, TX",Suicide Rate,Health outcomes / well-being,2013,,,"deaths per 100,000 population",Lower is better,,,,,,,,,
Dallas,"Dallas County, TX",Suicide Rate,Health outcomes / well-being,2013,,,"deaths per 100,000 population",Lower is better,,,,,,,,,
Nashville,"Davidson County, TN",Suicide Rate,Health outcomes / well-being,2013,,,"deaths per 100,000 population",Lower is better,,,,,,,,,
Austin,"Travis County, TX",Teen Birth Rate,Health behaviors,2013,2004-2010,49.36102599,"births per 1,000 females ages 15–19",Lower is better,6,51.513423,-1.324784,-2.57,Better,Raleigh,27.898992824,Denver,77.540842333
Raleigh,"Wake County, NC",Teen Birth Rate,Health behaviors,2013,2004-2010,27.898992824,"births per 1,000 females ages 15–19",Lower is better,6,51.513423,-1.324784,-2.57,Better,Raleigh,27.898992824,Denver,77.540842333
Durham,"Durham County, NC",Teen Birth Rate,Health behaviors,2013,2004-2010,43.104444114,"births per 1,000 females ages 15–19",Lower is better,6,51.513423,-1.324784,-2.57,Better,Raleigh,27.898992824,Denver,77.540842333
Charlotte,"Mecklenburg County, NC",Teen Birth Rate,Health behaviors,2013,2004-2010,42.111424303,"births per 1,000 females ages 15–19",Lower is better,6,51.513423,-1.324784,-2.57,Better,Raleigh,27.898992824,Denver,77.540842333
Denver,"Denver County, CO",Teen Birth Rate,Health behaviors,2013,2004-2010,77.540842333,"births per 1,000 females ages 15–19",Lower is better,6,51.513423,-1.324784,-2.57,Better,Raleigh,27.898992824,Denver,77.540842333
Atlanta,"Fulton County, GA",Teen Birth Rate,Health behaviors,2013,2004-2010,45.892921378,"births per 1,000 females ages 15–19",Lower is better,6,51.513423,-1.324784,-2.57,Better,Raleigh,27.898992824,Denver,77.540842333
Fort Worth,"Tarrant County, TX",Teen Birth Rate,Health behaviors,2013,2004-2010,55.185499363,"births per 1,000 females ages 15–19",Lower is better,6,51.513423,-1.324784,-2.57,Better,Raleigh,27.898992824,Denver,77.540842333
Dallas,"Dallas County, TX",Teen Birth Rate,Health behaviors,2013,2004-2010,71.01223479,"births per 1,000 females ages 15–19",Lower is better,6,51.513423,-1.324784,-2.57,Better,Raleigh,27.898992824,Denver,77.540842333
Nashville,"Davidson County, TN",Teen Birth Rate,Health behaviors,2013,2004-2010,50.188639541,"births per 1,000 females ages 15–19",Lower is better,6,51.513423,-1.324784,-2.57,Better,Raleigh,27.898992824,Denver,77.540842333
Austin,"Travis County, TX",Injury Deaths,Health outcomes / well-being,2013,,,"deaths per 100,000 population",Lower is better,,,,,,,,,
Raleigh,"Wake County, NC",Injury Deaths,Health outcomes / well-being,2013,,,"deaths per 100,000 population",Lower is better,,,,,,,,,
Durham,"Durham County, NC",Injury Deaths,Health outcomes / well-being,2013,,,"deaths per 100,000 population",Lower is better,,,,,,,,,
Charlotte,"Mecklenburg County, NC",Injury Deaths,Health outcomes / well-being,2013,,,"deaths per 100,000 population",Lower is better,,,,,,,,,
Denver,"Denver County, CO",Injury Deaths,Health outcomes / well-being,2013,,,"deaths per 100,000 population",Lower is better,,,,,,,,,
Atlanta,"Fulton County, GA",Injury Deaths,Health outcomes / well-being,2013,,,"deaths per 100,000 population",Lower is better,,,,,,,,,
Fort Worth,"Tarrant County, TX",Injury Deaths,Health outcomes / well-being,2013,,,"deaths per 100,000 population",Lower is better,,,,,,,,,
Dallas,"Dallas County, TX",Injury Deaths,Health outcomes / well-being,2013,,,"deaths per 100,000 population",Lower is better,,,,,,,,,
Nashville,"Davidson County, TN",Injury Deaths,Health outcomes / well-being,2013,,,"deaths per 100,000 population",Lower is better,,,,,,,,,
Austin,"Travis County, TX",Broadband Access,Physical environment,2013,,,%,Higher is better,,,,,,,,,
Raleigh,"Wake County, NC",Broadband Access,Physical environment,2013,,,%,Higher is better,,,,,,,,,
Durham,"Durham County, NC",Broadband Access,Physical environment,2013,,,%,Higher is better,,,,,,,,,
Charlotte,"Mecklenburg County, NC",Broadband Access,Physical environment,2013,,,%,Higher is better,,,,,,,,,
Denver,"Denver County, CO",Broadband Access,Physical environment,2013,,,%,Higher is better,,,,,,,,,
Atlanta,"Fulton County, GA",Broadband Access,Physical environment,2013,,,%,Higher is better,,,,,,,,,
Fort Worth,"Tarrant County, TX",Broadband Access,Physical environment,2013,,,%,Higher is better,,,,,,,,,
Dallas,"Dallas County, TX",Broadband Access,Physical environment,2013,,,%,Higher is better,,,,,,,,,
Nashville,"Davidson County, TN",Broadband Access,Physical environment,2013,,,%,Higher is better,,,,,,,,,
Austin,"Travis County, TX",Severe Housing Cost Burden,Physical environment,2013,,,%,Lower is better,,,,,,,,,
Raleigh,"Wake County, NC",Severe Housing Cost Burden,Physical environment,2013,,,%,Lower is better,,,,,,,,,
Durham,"Durham County, NC",Severe Housing Cost Burden,Physical environment,2013,,,%,Lower is better,,,,,,,,,
Charlotte,"Mecklenburg County, NC",Severe Housing Cost Burden,Physical environment,2013,,,%,Lower is better,,,,,,,,,
Denver,"Denver County, CO",Severe Housing Cost Burden,Physical environment,2013,,,%,Lower is better,,,,,,,,,
Atlanta,"Fulton County, GA",Severe Housing Cost Burden,Physical environment,2013,,,%,Lower is better,,,,,,,,,
Fort Worth,"Tarrant County, TX",Severe Housing Cost Burden,Physical environment,2013,,,%,Lower is better,,,,,,,,,
Dallas,"Dallas County, TX",Severe Housing Cost Burden,Physical environment,2013,,,%,Lower is better,,,,,,,,,
Nashville,"Davidson County, TN",Severe Housing Cost Burden,Physical environment,2013,,,%,Lower is better,,,,,,,,,
Austin,"Travis County, TX",Life Expectancy,Health outcomes / well-being,2014,,,years,Higher is better,,,,,,,,,
Raleigh,"Wake County, NC",Life Expectancy,Health outcomes / well-being,2014,,,years,Higher is better,,,,,,,,,
Durham,"Durham County, NC",Life Expectancy,Health outcomes / well-being,2014,,,years,Higher is better,,,,,,,,,
Charlotte,"Mecklenburg County, NC",Life Expectancy,Health outcomes / well-being,2014,,,years,Higher is better,,,,,,,,,
Denver,"Denver County, CO",Life Expectancy,Health outcomes / well-being,2014,,,years,Higher is better,,,,,,,,,
Atlanta,"Fulton County, GA",Life Expectancy,Health outcomes / well-being,2014,,,years,Higher is better,,,,,,,,,
Fort Worth,"Tarrant County, TX",Life Expectancy,Health outcomes / well-being,2014,,,years,Higher is better,,,,,,,,,
Dallas,"Dallas County, TX",Life Expectancy,Health outcomes / well-being,2014,,,years,Higher is better,,,,,,,,,
Nashville,"Davidson County, TN",Life Expectancy,Health outcomes / well-being,2014,,,years,Higher is better,,,,,,,,,
Austin,"Travis County, TX",Infant Mortality,Health outcomes / well-being,2014,2002-2008,5.6,"deaths per 1,000 live births",Lower is better,7,7.0125,0.8875,12.66,Worse,Austin,5.6,Atlanta,8.1
Raleigh,"Wake County, NC",Infant Mortality,Health outcomes / well-being,2014,2002-2008,6.6,"deaths per 1,000 live births",Lower is better,7,7.0125,0.8875,12.66,Worse,Austin,5.6,Atlanta,8.1
Durham,"Durham County, NC",Infant Mortality,Health outcomes / well-being,2014,2002-2008,6.6,"deaths per 1,000 live births",Lower is better,7,7.0125,0.8875,12.66,Worse,Austin,5.6,Atlanta,8.1
Charlotte,"Mecklenburg County, NC",Infant Mortality,Health outcomes / well-being,2014,2002-2008,7.5,"deaths per 1,000 live births",Lower is better,7,7.0125,0.8875,12.66,Worse,Austin,5.6,Atlanta,8.1
Denver,"Denver County, CO",Infant Mortality,Health outcomes / well-being,2014,2002-2008,7,"deaths per 1,000 live births",Lower is better,7,7.0125,0.8875,12.66,Worse,Austin,5.6,Atlanta,8.1
Atlanta,"Fulton County, GA",Infant Mortality,Health outcomes / well-being,2014,2002-2008,8.1,"deaths per 1,000 live births",Lower is better,7,7.0125,0.8875,12.66,Worse,Austin,5.6,Atlanta,8.1
Fort Worth,"Tarrant County, TX",Infant Mortality,Health outcomes / well-being,2014,2002-2008,7.6,"deaths per 1,000 live births",Lower is better,7,7.0125,0.8875,12.66,Worse,Austin,5.6,Atlanta,8.1
Dallas,"Dallas County, TX",Infant Mortality,Health outcomes / well-being,2014,2002-2008,7.1,"deaths per 1,000 live births",Lower is better,7,7.0125,0.8875,12.66,Worse,Austin,5.6,Atlanta,8.1
Nashville,"Davidson County, TN",Infant Mortality,Health outcomes / well-being,2014,2002-2008,7.9,"deaths per 1,000 live births",Lower is better,7,7.0125,0.8875,12.66,Worse,Austin,5.6,Atlanta,8.1
Austin,"Travis County, TX",Poor or Fair Health,Health outcomes / well-being,2014,2006-2012,13.1,%,Lower is better,4,14.2875,0.1125,0.79,Worse,Raleigh,11.1,Dallas,17.3
Raleigh,"Wake County, NC",Poor or Fair Health,Health outcomes / well-being,2014,2006-2012,11.1,%,Lower is better,4,14.2875,0.1125,0.79,Worse,Raleigh,11.1,Dallas,17.3
Durham,"Durham County, NC",Poor or Fair Health,Health outcomes / well-being,2014,2006-2012,16.6,%,Lower is better,4,14.2875,0.1125,0.79,Worse,Raleigh,11.1,Dallas,17.3
Charlotte,"Mecklenburg County, NC",Poor or Fair Health,Health outcomes / well-being,2014,2006-2012,14.2,%,Lower is better,4,14.2875,0.1125,0.79,Worse,Raleigh,11.1,Dallas,17.3
Denver,"Denver County, CO",Poor or Fair Health,Health outcomes / well-being,2014,2006-2012,16.4,%,Lower is better,4,14.2875,0.1125,0.79,Worse,Raleigh,11.1,Dallas,17.3
Atlanta,"Fulton County, GA",Poor or Fair Health,Health outcomes / well-being,2014,2006-2012,11.1,%,Lower is better,4,14.2875,0.1125,0.79,Worse,Raleigh,11.1,Dallas,17.3
Fort Worth,"Tarrant County, TX",Poor or Fair Health,Health outcomes / well-being,2014,2006-2012,14.5,%,Lower is better,4,14.2875,0.1125,0.79,Worse,Raleigh,11.1,Dallas,17.3
Dallas,"Dallas County, TX",Poor or Fair Health,Health outcomes / well-being,2014,2006-2012,17.3,%,Lower is better,4,14.2875,0.1125,0.79,Worse,Raleigh,11.1,Dallas,17.3
Nashville,"Davidson County, TN",Poor or Fair Health,Health outcomes / well-being,2014,2006-2012,14.4,%,Lower is better,4,14.2875,0.1125,0.79,Worse,Raleigh,11.1,Dallas,17.3
Austin,"Travis County, TX",Poor Physical Health Days,Health outcomes / well-being,2014,2006-2012,2.9,days per month,Lower is better,4,2.9375,0.0625,2.13,Worse,Atlanta,2.4,Dallas,3.6
Raleigh,"Wake County, NC",Poor Physical Health Days,Health outcomes / well-being,2014,2006-2012,2.8,days per month,Lower is better,4,2.9375,0.0625,2.13,Worse,Atlanta,2.4,Dallas,3.6
Durham,"Durham County, NC",Poor Physical Health Days,Health outcomes / well-being,2014,2006-2012,2.8,days per month,Lower is better,4,2.9375,0.0625,2.13,Worse,Atlanta,2.4,Dallas,3.6
Charlotte,"Mecklenburg County, NC",Poor Physical Health Days,Health outcomes / well-being,2014,2006-2012,2.8,days per month,Lower is better,4,2.9375,0.0625,2.13,Worse,Atlanta,2.4,Dallas,3.6
Denver,"Denver County, CO",Poor Physical Health Days,Health outcomes / well-being,2014,2006-2012,3.2,days per month,Lower is better,4,2.9375,0.0625,2.13,Worse,Atlanta,2.4,Dallas,3.6
Atlanta,"Fulton County, GA",Poor Physical Health Days,Health outcomes / well-being,2014,2006-2012,2.4,days per month,Lower is better,4,2.9375,0.0625,2.13,Worse,Atlanta,2.4,Dallas,3.6
Fort Worth,"Tarrant County, TX",Poor Physical Health Days,Health outcomes / well-being,2014,2006-2012,3,days per month,Lower is better,4,2.9375,0.0625,2.13,Worse,Atlanta,2.4,Dallas,3.6
Dallas,"Dallas County, TX",Poor Physical Health Days,Health outcomes / well-being,2014,2006-2012,3.6,days per month,Lower is better,4,2.9375,0.0625,2.13,Worse,Atlanta,2.4,Dallas,3.6
Nashville,"Davidson County, TN",Poor Physical Health Days,Health outcomes / well-being,2014,2006-2012,3,days per month,Lower is better,4,2.9375,0.0625,2.13,Worse,Atlanta,2.4,Dallas,3.6
Austin,"Travis County, TX",Poor Mental Health Days,Health outcomes / well-being,2014,2006-2012,3.2,days per month,Lower is better,2,3.0125,-0.3125,-10.37,Better,Raleigh,2.6,Dallas,3.3
Raleigh,"Wake County, NC",Poor Mental Health Days,Health outcomes / well-being,2014,2006-2012,2.6,days per month,Lower is better,2,3.0125,-0.3125,-10.37,Better,Raleigh,2.6,Dallas,3.3
Durham,"Durham County, NC",Poor Mental Health Days,Health outcomes / well-being,2014,2006-2012,2.9,days per month,Lower is better,2,3.0125,-0.3125,-10.37,Better,Raleigh,2.6,Dallas,3.3
Charlotte,"Mecklenburg County, NC",Poor Mental Health Days,Health outcomes / well-being,2014,2006-2012,3.2,days per month,Lower is better,2,3.0125,-0.3125,-10.37,Better,Raleigh,2.6,Dallas,3.3
Denver,"Denver County, CO",Poor Mental Health Days,Health outcomes / well-being,2014,2006-2012,3.2,days per month,Lower is better,2,3.0125,-0.3125,-10.37,Better,Raleigh,2.6,Dallas,3.3
Atlanta,"Fulton County, GA",Poor Mental Health Days,Health outcomes / well-being,2014,2006-2012,2.7,days per month,Lower is better,2,3.0125,-0.3125,-10.37,Better,Raleigh,2.6,Dallas,3.3
Fort Worth,"Tarrant County, TX",Poor Mental Health Days,Health outcomes / well-being,2014,2006-2012,3,days per month,Lower is better,2,3.0125,-0.3125,-10.37,Better,Raleigh,2.6,Dallas,3.3
Dallas,"Dallas County, TX",Poor Mental Health Days,Health outcomes / well-being,2014,2006-2012,3.3,days per month,Lower is better,2,3.0125,-0.3125,-10.37,Better,Raleigh,2.6,Dallas,3.3
Nashville,"Davidson County, TN",Poor Mental Health Days,Health outcomes / well-being,2014,2006-2012,2.7,days per month,Lower is better,2,3.0125,-0.3125,-10.37,Better,Raleigh,2.6,Dallas,3.3
Austin,"Travis County, TX",Adult Obesity,Health outcomes / well-being,2014,2010,23.7,%,Lower is better,8,25.3375,4.9625,19.59,Worse,Denver,18.2,Nashville,30.3
Raleigh,"Wake County, NC",Adult Obesity,Health outcomes / well-being,2014,2010,24.8,%,Lower is better,8,25.3375,4.9625,19.59,Worse,Denver,18.2,Nashville,30.3
Durham,"Durham County, NC",Adult Obesity,Health outcomes / well-being,2014,2010,29.4,%,Lower is better,8,25.3375,4.9625,19.59,Worse,Denver,18.2,Nashville,30.3
Charlotte,"Mecklenburg County, NC",Adult Obesity,Health outcomes / well-being,2014,2010,25.5,%,Lower is better,8,25.3375,4.9625,19.59,Worse,Denver,18.2,Nashville,30.3
Denver,"Denver County, CO",Adult Obesity,Health outcomes / well-being,2014,2010,18.2,%,Lower is better,8,25.3375,4.9625,19.59,Worse,Denver,18.2,Nashville,30.3
Atlanta,"Fulton County, GA",Adult Obesity,Health outcomes / well-being,2014,2010,22.9,%,Lower is better,8,25.3375,4.9625,19.59,Worse,Denver,18.2,Nashville,30.3
Fort Worth,"Tarrant County, TX",Adult Obesity,Health outcomes / well-being,2014,2010,27.9,%,Lower is better,8,25.3375,4.9625,19.59,Worse,Denver,18.2,Nashville,30.3
Dallas,"Dallas County, TX",Adult Obesity,Health outcomes / well-being,2014,2010,30.3,%,Lower is better,8,25.3375,4.9625,19.59,Worse,Denver,18.2,Nashville,30.3
Nashville,"Davidson County, TN",Adult Obesity,Health outcomes / well-being,2014,2010,30.3,%,Lower is better,8,25.3375,4.9625,19.59,Worse,Denver,18.2,Nashville,30.3
Austin,"Travis County, TX",Diabetes Prevalence,Health outcomes / well-being,2014,2010,6.5,%,Lower is better,7,7.9375,1.3625,17.17,Worse,Denver,5.9,Durham,9.4
Raleigh,"Wake County, NC",Diabetes Prevalence,Health outcomes / well-being,2014,2010,7,%,Lower is better,7,7.9375,1.3625,17.17,Worse,Denver,5.9,Durham,9.4
Durham,"Durham County, NC",Diabetes Prevalence,Health outcomes / well-being,2014,2010,9.4,%,Lower is better,7,7.9375,1.3625,17.17,Worse,Denver,5.9,Durham,9.4
Charlotte,"Mecklenburg County, NC",Diabetes Prevalence,Health outcomes / well-being,2014,2010,8.4,%,Lower is better,7,7.9375,1.3625,17.17,Worse,Denver,5.9,Durham,9.4
Denver,"Denver County, CO",Diabetes Prevalence,Health outcomes / well-being,2014,2010,5.9,%,Lower is better,7,7.9375,1.3625,17.17,Worse,Denver,5.9,Durham,9.4
Atlanta,"Fulton County, GA",Diabetes Prevalence,Health outcomes / well-being,2014,2010,7.9,%,Lower is better,7,7.9375,1.3625,17.17,Worse,Denver,5.9,Durham,9.4
Fort Worth,"Tarrant County, TX",Diabetes Prevalence,Health outcomes / well-being,2014,2010,9.2,%,Lower is better,7,7.9375,1.3625,17.17,Worse,Denver,5.9,Durham,9.4
Dallas,"Dallas County, TX",Diabetes Prevalence,Health outcomes / well-being,2014,2010,9.2,%,Lower is better,7,7.9375,1.3625,17.17,Worse,Denver,5.9,Durham,9.4
Nashville,"Davidson County, TN",Diabetes Prevalence,Health outcomes / well-being,2014,2010,9.3,%,Lower is better,7,7.9375,1.3625,17.17,Worse,Denver,5.9,Durham,9.4
Austin,"Travis County, TX",Adult Smoking,Health behaviors,2014,2006-2012,14.4,%,Lower is better,8,14.825,2.375,16.02,Worse,Raleigh,12.9,Denver,19.5
Raleigh,"Wake County, NC",Adult Smoking,Health behaviors,2014,2006-2012,12.9,%,Lower is better,8,14.825,2.375,16.02,Worse,Raleigh,12.9,Denver,19.5
Durham,"Durham County, NC",Adult Smoking,Health behaviors,2014,2006-2012,13.6,%,Lower is better,8,14.825,2.375,16.02,Worse,Raleigh,12.9,Denver,19.5
Charlotte,"Mecklenburg County, NC",Adult Smoking,Health behaviors,2014,2006-2012,13.8,%,Lower is better,8,14.825,2.375,16.02,Worse,Raleigh,12.9,Denver,19.5
Denver,"Denver County, CO",Adult Smoking,Health behaviors,2014,2006-2012,19.5,%,Lower is better,8,14.825,2.375,16.02,Worse,Raleigh,12.9,Denver,19.5
Atlanta,"Fulton County, GA",Adult Smoking,Health behaviors,2014,2006-2012,13.3,%,Lower is better,8,14.825,2.375,16.02,Worse,Raleigh,12.9,Denver,19.5
Fort Worth,"Tarrant County, TX",Adult Smoking,Health behaviors,2014,2006-2012,15.8,%,Lower is better,8,14.825,2.375,16.02,Worse,Raleigh,12.9,Denver,19.5
Dallas,"Dallas County, TX",Adult Smoking,Health behaviors,2014,2006-2012,15.3,%,Lower is better,8,14.825,2.375,16.02,Worse,Raleigh,12.9,Denver,19.5
Nashville,"Davidson County, TN",Adult Smoking,Health behaviors,2014,2006-2012,17.2,%,Lower is better,8,14.825,2.375,16.02,Worse,Raleigh,12.9,Denver,19.5
Austin,"Travis County, TX",Physical Inactivity,Health behaviors,2014,2010,17.8,%,Lower is better,9,19.9375,6.9625,34.92,Worse,Denver,14.3,Nashville,26.9
Raleigh,"Wake County, NC",Physical Inactivity,Health behaviors,2014,2010,18.6,%,Lower is better,9,19.9375,6.9625,34.92,Worse,Denver,14.3,Nashville,26.9
Durham,"Durham County, NC",Physical Inactivity,Health behaviors,2014,2010,20.3,%,Lower is better,9,19.9375,6.9625,34.92,Worse,Denver,14.3,Nashville,26.9
Charlotte,"Mecklenburg County, NC",Physical Inactivity,Health behaviors,2014,2010,20.6,%,Lower is better,9,19.9375,6.9625,34.92,Worse,Denver,14.3,Nashville,26.9
Denver,"Denver County, CO",Physical Inactivity,Health behaviors,2014,2010,14.3,%,Lower is better,9,19.9375,6.9625,34.92,Worse,Denver,14.3,Nashville,26.9
Atlanta,"Fulton County, GA",Physical Inactivity,Health behaviors,2014,2010,19.6,%,Lower is better,9,19.9375,6.9625,34.92,Worse,Denver,14.3,Nashville,26.9
Fort Worth,"Tarrant County, TX",Physical Inactivity,Health behaviors,2014,2010,23.4,%,Lower is better,9,19.9375,6.9625,34.92,Worse,Denver,14.3,Nashville,26.9
Dallas,"Dallas County, TX",Physical Inactivity,Health behaviors,2014,2010,24.9,%,Lower is better,9,19.9375,6.9625,34.92,Worse,Denver,14.3,Nashville,26.9
Nashville,"Davidson County, TN",Physical Inactivity,Health behaviors,2014,2010,26.9,%,Lower is better,9,19.9375,6.9625,34.92,Worse,Denver,14.3,Nashville,26.9
Austin,"Travis County, TX",Excessive Drinking,Health behaviors,2014,2006-2012,21.7,%,Lower is better,1,17.2125,-6.3125,-36.67,Better,Nashville,10.9,Denver,22
Raleigh,"Wake County, NC",Excessive Drinking,Health behaviors,2014,2006-2012,15,%,Lower is better,1,17.2125,-6.3125,-36.67,Better,Nashville,10.9,Denver,22
Durham,"Durham County, NC",Excessive Drinking,Health behaviors,2014,2006-2012,14.9,%,Lower is better,1,17.2125,-6.3125,-36.67,Better,Nashville,10.9,Denver,22
Charlotte,"Mecklenburg County, NC",Excessive Drinking,Health behaviors,2014,2006-2012,15.6,%,Lower is better,1,17.2125,-6.3125,-36.67,Better,Nashville,10.9,Denver,22
Denver,"Denver County, CO",Excessive Drinking,Health behaviors,2014,2006-2012,22,%,Lower is better,1,17.2125,-6.3125,-36.67,Better,Nashville,10.9,Denver,22
Atlanta,"Fulton County, GA",Excessive Drinking,Health behaviors,2014,2006-2012,17.9,%,Lower is better,1,17.2125,-6.3125,-36.67,Better,Nashville,10.9,Denver,22
Fort Worth,"Tarrant County, TX",Excessive Drinking,Health behaviors,2014,2006-2012,15.6,%,Lower is better,1,17.2125,-6.3125,-36.67,Better,Nashville,10.9,Denver,22
Dallas,"Dallas County, TX",Excessive Drinking,Health behaviors,2014,2006-2012,15,%,Lower is better,1,17.2125,-6.3125,-36.67,Better,Nashville,10.9,Denver,22
Nashville,"Davidson County, TN",Excessive Drinking,Health behaviors,2014,2006-2012,10.9,%,Lower is better,1,17.2125,-6.3125,-36.67,Better,Nashville,10.9,Denver,22
Austin,"Travis County, TX",Insufficient Sleep,Health behaviors,2014,,,%,Lower is better,,,,,,,,,
Raleigh,"Wake County, NC",Insufficient Sleep,Health behaviors,2014,,,%,Lower is better,,,,,,,,,
Durham,"Durham County, NC",Insufficient Sleep,Health behaviors,2014,,,%,Lower is better,,,,,,,,,
Charlotte,"Mecklenburg County, NC",Insufficient Sleep,Health behaviors,2014,,,%,Lower is better,,,,,,,,,
Denver,"Denver County, CO",Insufficient Sleep,Health behaviors,2014,,,%,Lower is better,,,,,,,,,
Atlanta,"Fulton County, GA",Insufficient Sleep,Health behaviors,2014,,,%,Lower is better,,,,,,,,,
Fort Worth,"Tarrant County, TX",Insufficient Sleep,Health behaviors,2014,,,%,Lower is better,,,,,,,,,
Dallas,"Dallas County, TX",Insufficient Sleep,Health behaviors,2014,,,%,Lower is better,,,,,,,,,
Nashville,"Davidson County, TN",Insufficient Sleep,Health behaviors,2014,,,%,Lower is better,,,,,,,,,
Austin,"Travis County, TX",Food Insecurity,Health behaviors,2014,2011,18,%,Lower is better,4,18.6125,-0.5125,-2.75,Better,Raleigh,15,Atlanta,20.7
Raleigh,"Wake County, NC",Food Insecurity,Health behaviors,2014,2011,15,%,Lower is better,4,18.6125,-0.5125,-2.75,Better,Raleigh,15,Atlanta,20.7
Durham,"Durham County, NC",Food Insecurity,Health behaviors,2014,2011,19.7,%,Lower is better,4,18.6125,-0.5125,-2.75,Better,Raleigh,15,Atlanta,20.7
Charlotte,"Mecklenburg County, NC",Food Insecurity,Health behaviors,2014,2011,18.8,%,Lower is better,4,18.6125,-0.5125,-2.75,Better,Raleigh,15,Atlanta,20.7
Denver,"Denver County, CO",Food Insecurity,Health behaviors,2014,2011,18.2,%,Lower is better,4,18.6125,-0.5125,-2.75,Better,Raleigh,15,Atlanta,20.7
Atlanta,"Fulton County, GA",Food Insecurity,Health behaviors,2014,2011,20.7,%,Lower is better,4,18.6125,-0.5125,-2.75,Better,Raleigh,15,Atlanta,20.7
Fort Worth,"Tarrant County, TX",Food Insecurity,Health behaviors,2014,2011,17.9,%,Lower is better,4,18.6125,-0.5125,-2.75,Better,Raleigh,15,Atlanta,20.7
Dallas,"Dallas County, TX",Food Insecurity,Health behaviors,2014,2011,20.6,%,Lower is better,4,18.6125,-0.5125,-2.75,Better,Raleigh,15,Atlanta,20.7
Nashville,"Davidson County, TN",Food Insecurity,Health behaviors,2014,2011,18.1,%,Lower is better,4,18.6125,-0.5125,-2.75,Better,Raleigh,15,Atlanta,20.7
Austin,"Travis County, TX",Drug Overdose Deaths,Health behaviors,2014,2004-2010,10.444699225,"deaths per 100,000 population",Lower is better,8,10.768138,5.002327,46.45,Worse,Raleigh,6.655996054,Denver,25.422281903
Raleigh,"Wake County, NC",Drug Overdose Deaths,Health behaviors,2014,2004-2010,6.655996054,"deaths per 100,000 population",Lower is better,8,10.768138,5.002327,46.45,Worse,Raleigh,6.655996054,Denver,25.422281903
Durham,"Durham County, NC",Drug Overdose Deaths,Health behaviors,2014,2004-2010,8.8591202386,"deaths per 100,000 population",Lower is better,8,10.768138,5.002327,46.45,Worse,Raleigh,6.655996054,Denver,25.422281903
Charlotte,"Mecklenburg County, NC",Drug Overdose Deaths,Health behaviors,2014,2004-2010,6.9044413613,"deaths per 100,000 population",Lower is better,8,10.768138,5.002327,46.45,Worse,Raleigh,6.655996054,Denver,25.422281903
Denver,"Denver County, CO",Drug Overdose Deaths,Health behaviors,2014,2004-2010,25.422281903,"deaths per 100,000 population",Lower is better,8,10.768138,5.002327,46.45,Worse,Raleigh,6.655996054,Denver,25.422281903
Atlanta,"Fulton County, GA",Drug Overdose Deaths,Health behaviors,2014,2004-2010,10.813016693,"deaths per 100,000 population",Lower is better,8,10.768138,5.002327,46.45,Worse,Raleigh,6.655996054,Denver,25.422281903
Fort Worth,"Tarrant County, TX",Drug Overdose Deaths,Health behaviors,2014,2004-2010,7.797979231,"deaths per 100,000 population",Lower is better,8,10.768138,5.002327,46.45,Worse,Raleigh,6.655996054,Denver,25.422281903
Dallas,"Dallas County, TX",Drug Overdose Deaths,Health behaviors,2014,2004-2010,9.2475720462,"deaths per 100,000 population",Lower is better,8,10.768138,5.002327,46.45,Worse,Raleigh,6.655996054,Denver,25.422281903
Nashville,"Davidson County, TN",Drug Overdose Deaths,Health behaviors,2014,2004-2010,15.77046513,"deaths per 100,000 population",Lower is better,8,10.768138,5.002327,46.45,Worse,Raleigh,6.655996054,Denver,25.422281903
Austin,"Travis County, TX",Access to Exercise Opportunities,Health behaviors,2014,2010 & 2012,90.949714234,%,Higher is better,8,90.593811,-5.040555,-5.56,Worse,Denver,98.598535719,Durham,85.50564863
Raleigh,"Wake County, NC",Access to Exercise Opportunities,Health behaviors,2014,2010 & 2012,85.69578232,%,Higher is better,8,90.593811,-5.040555,-5.56,Worse,Denver,98.598535719,Durham,85.50564863
Durham,"Durham County, NC",Access to Exercise Opportunities,Health behaviors,2014,2010 & 2012,85.50564863,%,Higher is better,8,90.593811,-5.040555,-5.56,Worse,Denver,98.598535719,Durham,85.50564863
Charlotte,"Mecklenburg County, NC",Access to Exercise Opportunities,Health behaviors,2014,2010 & 2012,86.84054857,%,Higher is better,8,90.593811,-5.040555,-5.56,Worse,Denver,98.598535719,Durham,85.50564863
Denver,"Denver County, CO",Access to Exercise Opportunities,Health behaviors,2014,2010 & 2012,98.598535719,%,Higher is better,8,90.593811,-5.040555,-5.56,Worse,Denver,98.598535719,Durham,85.50564863
Atlanta,"Fulton County, GA",Access to Exercise Opportunities,Health behaviors,2014,2010 & 2012,90.872503343,%,Higher is better,8,90.593811,-5.040555,-5.56,Worse,Denver,98.598535719,Durham,85.50564863
Fort Worth,"Tarrant County, TX",Access to Exercise Opportunities,Health behaviors,2014,2010 & 2012,90.309137363,%,Higher is better,8,90.593811,-5.040555,-5.56,Worse,Denver,98.598535719,Durham,85.50564863
Dallas,"Dallas County, TX",Access to Exercise Opportunities,Health behaviors,2014,2010 & 2012,95.978614431,%,Higher is better,8,90.593811,-5.040555,-5.56,Worse,Denver,98.598535719,Durham,85.50564863
Nashville,"Davidson County, TN",Access to Exercise Opportunities,Health behaviors,2014,2010 & 2012,85.553255963,%,Higher is better,8,90.593811,-5.040555,-5.56,Worse,Denver,98.598535719,Durham,85.50564863
Austin,"Travis County, TX",Uninsured,Clinical care,2014,2011,22.447452604,%,Lower is better,4,21.408404,-1.971914,-9.21,Better,Raleigh,15.43859521,Dallas,30.480911944
Raleigh,"Wake County, NC",Uninsured,Clinical care,2014,2011,15.43859521,%,Lower is better,4,21.408404,-1.971914,-9.21,Better,Raleigh,15.43859521,Dallas,30.480911944
Durham,"Durham County, NC",Uninsured,Clinical care,2014,2011,19.302297108,%,Lower is better,4,21.408404,-1.971914,-9.21,Better,Raleigh,15.43859521,Dallas,30.480911944
Charlotte,"Mecklenburg County, NC",Uninsured,Clinical care,2014,2011,18.186587101,%,Lower is better,4,21.408404,-1.971914,-9.21,Better,Raleigh,15.43859521,Dallas,30.480911944
Denver,"Denver County, CO",Uninsured,Clinical care,2014,2011,19.559787871,%,Lower is better,4,21.408404,-1.971914,-9.21,Better,Raleigh,15.43859521,Dallas,30.480911944
Atlanta,"Fulton County, GA",Uninsured,Clinical care,2014,2011,22.400718323,%,Lower is better,4,21.408404,-1.971914,-9.21,Better,Raleigh,15.43859521,Dallas,30.480911944
Fort Worth,"Tarrant County, TX",Uninsured,Clinical care,2014,2011,23.45087967,%,Lower is better,4,21.408404,-1.971914,-9.21,Better,Raleigh,15.43859521,Dallas,30.480911944
Dallas,"Dallas County, TX",Uninsured,Clinical care,2014,2011,30.480911944,%,Lower is better,4,21.408404,-1.971914,-9.21,Better,Raleigh,15.43859521,Dallas,30.480911944
Nashville,"Davidson County, TN",Uninsured,Clinical care,2014,2011,19.436489319,%,Lower is better,4,21.408404,-1.971914,-9.21,Better,Raleigh,15.43859521,Dallas,30.480911944
Austin,"Travis County, TX",Primary Care Physicians,Clinical care,2014,2011,1275,residents per primary care physician,Lower is better,4,1212.5,-139.5,-11.51,Better,Durham,809,Fort Worth,1735
Raleigh,"Wake County, NC",Primary Care Physicians,Clinical care,2014,2011,1243,residents per primary care physician,Lower is better,4,1212.5,-139.5,-11.51,Better,Durham,809,Fort Worth,1735
Durham,"Durham County, NC",Primary Care Physicians,Clinical care,2014,2011,809,residents per primary care physician,Lower is better,4,1212.5,-139.5,-11.51,Better,Durham,809,Fort Worth,1735
Charlotte,"Mecklenburg County, NC",Primary Care Physicians,Clinical care,2014,2011,1156,residents per primary care physician,Lower is better,4,1212.5,-139.5,-11.51,Better,Durham,809,Fort Worth,1735
Denver,"Denver County, CO",Primary Care Physicians,Clinical care,2014,2011,842,residents per primary care physician,Lower is better,4,1212.5,-139.5,-11.51,Better,Durham,809,Fort Worth,1735
Atlanta,"Fulton County, GA",Primary Care Physicians,Clinical care,2014,2011,1039,residents per primary care physician,Lower is better,4,1212.5,-139.5,-11.51,Better,Durham,809,Fort Worth,1735
Fort Worth,"Tarrant County, TX",Primary Care Physicians,Clinical care,2014,2011,1735,residents per primary care physician,Lower is better,4,1212.5,-139.5,-11.51,Better,Durham,809,Fort Worth,1735
Dallas,"Dallas County, TX",Primary Care Physicians,Clinical care,2014,2011,1601,residents per primary care physician,Lower is better,4,1212.5,-139.5,-11.51,Better,Durham,809,Fort Worth,1735
Nashville,"Davidson County, TN",Primary Care Physicians,Clinical care,2014,2011,1073,residents per primary care physician,Lower is better,4,1212.5,-139.5,-11.51,Better,Durham,809,Fort Worth,1735
Austin,"Travis County, TX",Mental Health Providers,Clinical care,2014,2013,688,residents per mental health provider,Lower is better,3,815.125,-305.125,-37.43,Better,Durham,265,Fort Worth,1976
Raleigh,"Wake County, NC",Mental Health Providers,Clinical care,2014,2013,565,residents per mental health provider,Lower is better,3,815.125,-305.125,-37.43,Better,Durham,265,Fort Worth,1976
Durham,"Durham County, NC",Mental Health Providers,Clinical care,2014,2013,265,residents per mental health provider,Lower is better,3,815.125,-305.125,-37.43,Better,Durham,265,Fort Worth,1976
Charlotte,"Mecklenburg County, NC",Mental Health Providers,Clinical care,2014,2013,672,residents per mental health provider,Lower is better,3,815.125,-305.125,-37.43,Better,Durham,265,Fort Worth,1976
Denver,"Denver County, CO",Mental Health Providers,Clinical care,2014,2013,348,residents per mental health provider,Lower is better,3,815.125,-305.125,-37.43,Better,Durham,265,Fort Worth,1976
Atlanta,"Fulton County, GA",Mental Health Providers,Clinical care,2014,2013,758,residents per mental health provider,Lower is better,3,815.125,-305.125,-37.43,Better,Durham,265,Fort Worth,1976
Fort Worth,"Tarrant County, TX",Mental Health Providers,Clinical care,2014,2013,1976,residents per mental health provider,Lower is better,3,815.125,-305.125,-37.43,Better,Durham,265,Fort Worth,1976
Dallas,"Dallas County, TX",Mental Health Providers,Clinical care,2014,2013,1249,residents per mental health provider,Lower is better,3,815.125,-305.125,-37.43,Better,Durham,265,Fort Worth,1976
Nashville,"Davidson County, TN",Mental Health Providers,Clinical care,2014,2013,510,residents per mental health provider,Lower is better,3,815.125,-305.125,-37.43,Better,Durham,265,Fort Worth,1976
Austin,"Travis County, TX",Preventable Hospital Stays,Clinical care,2014,2011,5998.8298042,"hospital stays per 100,000 Medicare enrollees",Lower is better,9,5011.946288,1284.490046,25.63,Worse,Denver,3901.7634634,Nashville,6296.4363336
Raleigh,"Wake County, NC",Preventable Hospital Stays,Clinical care,2014,2011,4649.9889316,"hospital stays per 100,000 Medicare enrollees",Lower is better,9,5011.946288,1284.490046,25.63,Worse,Denver,3901.7634634,Nashville,6296.4363336
Durham,"Durham County, NC",Preventable Hospital Stays,Clinical care,2014,2011,4609.3424751,"hospital stays per 100,000 Medicare enrollees",Lower is better,9,5011.946288,1284.490046,25.63,Worse,Denver,3901.7634634,Nashville,6296.4363336
Charlotte,"Mecklenburg County, NC",Preventable Hospital Stays,Clinical care,2014,2011,4545.7484664,"hospital stays per 100,000 Medicare enrollees",Lower is better,9,5011.946288,1284.490046,25.63,Worse,Denver,3901.7634634,Nashville,6296.4363336
Denver,"Denver County, CO",Preventable Hospital Stays,Clinical care,2014,2011,3901.7634634,"hospital stays per 100,000 Medicare enrollees",Lower is better,9,5011.946288,1284.490046,25.63,Worse,Denver,3901.7634634,Nashville,6296.4363336
Atlanta,"Fulton County, GA",Preventable Hospital Stays,Clinical care,2014,2011,4849.4531849,"hospital stays per 100,000 Medicare enrollees",Lower is better,9,5011.946288,1284.490046,25.63,Worse,Denver,3901.7634634,Nashville,6296.4363336
Fort Worth,"Tarrant County, TX",Preventable Hospital Stays,Clinical care,2014,2011,6074.0590688,"hospital stays per 100,000 Medicare enrollees",Lower is better,9,5011.946288,1284.490046,25.63,Worse,Denver,3901.7634634,Nashville,6296.4363336
Dallas,"Dallas County, TX",Preventable Hospital Stays,Clinical care,2014,2011,5466.3849103,"hospital stays per 100,000 Medicare enrollees",Lower is better,9,5011.946288,1284.490046,25.63,Worse,Denver,3901.7634634,Nashville,6296.4363336
Nashville,"Davidson County, TN",Preventable Hospital Stays,Clinical care,2014,2011,6296.4363336,"hospital stays per 100,000 Medicare enrollees",Lower is better,9,5011.946288,1284.490046,25.63,Worse,Denver,3901.7634634,Nashville,6296.4363336
Austin,"Travis County, TX",Children in Poverty,Social & economic,2014,2012,24.8,%,Lower is better,7,24.5875,4.0125,16.32,Worse,Raleigh,15.4,Denver,29.1
Raleigh,"Wake County, NC",Children in Poverty,Social & economic,2014,2012,15.4,%,Lower is better,7,24.5875,4.0125,16.32,Worse,Raleigh,15.4,Denver,29.1
Durham,"Durham County, NC",Children in Poverty,Social & economic,2014,2012,27.6,%,Lower is better,7,24.5875,4.0125,16.32,Worse,Raleigh,15.4,Denver,29.1
Charlotte,"Mecklenburg County, NC",Children in Poverty,Social & economic,2014,2012,22.3,%,Lower is better,7,24.5875,4.0125,16.32,Worse,Raleigh,15.4,Denver,29.1
Denver,"Denver County, CO",Children in Poverty,Social & economic,2014,2012,29.1,%,Lower is better,7,24.5875,4.0125,16.32,Worse,Raleigh,15.4,Denver,29.1
Atlanta,"Fulton County, GA",Children in Poverty,Social & economic,2014,2012,25.9,%,Lower is better,7,24.5875,4.0125,16.32,Worse,Raleigh,15.4,Denver,29.1
Fort Worth,"Tarrant County, TX",Children in Poverty,Social & economic,2014,2012,22.6,%,Lower is better,7,24.5875,4.0125,16.32,Worse,Raleigh,15.4,Denver,29.1
Dallas,"Dallas County, TX",Children in Poverty,Social & economic,2014,2012,29,%,Lower is better,7,24.5875,4.0125,16.32,Worse,Raleigh,15.4,Denver,29.1
Nashville,"Davidson County, TN",Children in Poverty,Social & economic,2014,2012,28.6,%,Lower is better,7,24.5875,4.0125,16.32,Worse,Raleigh,15.4,Denver,29.1
Austin,"Travis County, TX",Unemployment,Social & economic,2014,2012,5.6782654938,%,Lower is better,3,7.759798,-1.115717,-14.38,Better,Austin,5.6782654938,Atlanta,9.6296152552
Raleigh,"Wake County, NC",Unemployment,Social & economic,2014,2012,7.5453846609,%,Lower is better,3,7.759798,-1.115717,-14.38,Better,Austin,5.6782654938,Atlanta,9.6296152552
Durham,"Durham County, NC",Unemployment,Social & economic,2014,2012,7.6051713803,%,Lower is better,3,7.759798,-1.115717,-14.38,Better,Austin,5.6782654938,Atlanta,9.6296152552
Charlotte,"Mecklenburg County, NC",Unemployment,Social & economic,2014,2012,9.383385521,%,Lower is better,3,7.759798,-1.115717,-14.38,Better,Austin,5.6782654938,Atlanta,9.6296152552
Denver,"Denver County, CO",Unemployment,Social & economic,2014,2012,8.4758902269,%,Lower is better,3,7.759798,-1.115717,-14.38,Better,Austin,5.6782654938,Atlanta,9.6296152552
Atlanta,"Fulton County, GA",Unemployment,Social & economic,2014,2012,9.6296152552,%,Lower is better,3,7.759798,-1.115717,-14.38,Better,Austin,5.6782654938,Atlanta,9.6296152552
Fort Worth,"Tarrant County, TX",Unemployment,Social & economic,2014,2012,6.570989376,%,Lower is better,3,7.759798,-1.115717,-14.38,Better,Austin,5.6782654938,Atlanta,9.6296152552
Dallas,"Dallas County, TX",Unemployment,Social & economic,2014,2012,7.1896787833,%,Lower is better,3,7.759798,-1.115717,-14.38,Better,Austin,5.6782654938,Atlanta,9.6296152552
Nashville,"Davidson County, TN",Unemployment,Social & economic,2014,2012,6.6440809504,%,Lower is better,3,7.759798,-1.115717,-14.38,Better,Austin,5.6782654938,Atlanta,9.6296152552
Austin,"Travis County, TX",Median Household Income,Social & economic,2014,2012,57293,USD,Higher is better,9,54665.625,-9801.625,-17.93,Worse,Raleigh,64107,Nashville,44864
Raleigh,"Wake County, NC",Median Household Income,Social & economic,2014,2012,64107,USD,Higher is better,9,54665.625,-9801.625,-17.93,Worse,Raleigh,64107,Nashville,44864
Durham,"Durham County, NC",Median Household Income,Social & economic,2014,2012,50889,USD,Higher is better,9,54665.625,-9801.625,-17.93,Worse,Raleigh,64107,Nashville,44864
Charlotte,"Mecklenburg County, NC",Median Household Income,Social & economic,2014,2012,55392,USD,Higher is better,9,54665.625,-9801.625,-17.93,Worse,Raleigh,64107,Nashville,44864
Denver,"Denver County, CO",Median Household Income,Social & economic,2014,2012,50455,USD,Higher is better,9,54665.625,-9801.625,-17.93,Worse,Raleigh,64107,Nashville,44864
Atlanta,"Fulton County, GA",Median Household Income,Social & economic,2014,2012,55816,USD,Higher is better,9,54665.625,-9801.625,-17.93,Worse,Raleigh,64107,Nashville,44864
Fort Worth,"Tarrant County, TX",Median Household Income,Social & economic,2014,2012,56030,USD,Higher is better,9,54665.625,-9801.625,-17.93,Worse,Raleigh,64107,Nashville,44864
Dallas,"Dallas County, TX",Median Household Income,Social & economic,2014,2012,47343,USD,Higher is better,9,54665.625,-9801.625,-17.93,Worse,Raleigh,64107,Nashville,44864
Nashville,"Davidson County, TN",Median Household Income,Social & economic,2014,2012,44864,USD,Higher is better,9,54665.625,-9801.625,-17.93,Worse,Raleigh,64107,Nashville,44864
Austin,"Travis County, TX",High School Completion,Social & economic,2014,,,%,Higher is better,,,,,,,,,
Raleigh,"Wake County, NC",High School Completion,Social & economic,2014,,,%,Higher is better,,,,,,,,,
Durham,"Durham County, NC",High School Completion,Social & economic,2014,,,%,Higher is better,,,,,,,,,
Charlotte,"Mecklenburg County, NC",High School Completion,Social & economic,2014,,,%,Higher is better,,,,,,,,,
Denver,"Denver County, CO",High School Completion,Social & economic,2014,,,%,Higher is better,,,,,,,,,
Atlanta,"Fulton County, GA",High School Completion,Social & economic,2014,,,%,Higher is better,,,,,,,,,
Fort Worth,"Tarrant County, TX",High School Completion,Social & economic,2014,,,%,Higher is better,,,,,,,,,
Dallas,"Dallas County, TX",High School Completion,Social & economic,2014,,,%,Higher is better,,,,,,,,,
Nashville,"Davidson County, TN",High School Completion,Social & economic,2014,,,%,Higher is better,,,,,,,,,
Austin,"Travis County, TX",Income Inequality,Social & economic,2014,,,80th/20th percentile income ratio,Lower is better,,,,,,,,,
Raleigh,"Wake County, NC",Income Inequality,Social & economic,2014,,,80th/20th percentile income ratio,Lower is better,,,,,,,,,
Durham,"Durham County, NC",Income Inequality,Social & economic,2014,,,80th/20th percentile income ratio,Lower is better,,,,,,,,,
Charlotte,"Mecklenburg County, NC",Income Inequality,Social & economic,2014,,,80th/20th percentile income ratio,Lower is better,,,,,,,,,
Denver,"Denver County, CO",Income Inequality,Social & economic,2014,,,80th/20th percentile income ratio,Lower is better,,,,,,,,,
Atlanta,"Fulton County, GA",Income Inequality,Social & economic,2014,,,80th/20th percentile income ratio,Lower is better,,,,,,,,,
Fort Worth,"Tarrant County, TX",Income Inequality,Social & economic,2014,,,80th/20th percentile income ratio,Lower is better,,,,,,,,,
Dallas,"Dallas County, TX",Income Inequality,Social & economic,2014,,,80th/20th percentile income ratio,Lower is better,,,,,,,,,
Nashville,"Davidson County, TN",Income Inequality,Social & economic,2014,,,80th/20th percentile income ratio,Lower is better,,,,,,,,,
Austin,"Travis County, TX",Severe Housing Problems,Physical environment,2014,2006-2010,20.694110423,%,Lower is better,5,18.781121,-0.773398,-4.12,Better,Raleigh,14.355500253,Dallas,21.89917824
Raleigh,"Wake County, NC",Severe Housing Problems,Physical environment,2014,2006-2010,14.355500253,%,Lower is better,5,18.781121,-0.773398,-4.12,Better,Raleigh,14.355500253,Dallas,21.89917824
Durham,"Durham County, NC",Severe Housing Problems,Physical environment,2014,2006-2010,17.946768061,%,Lower is better,5,18.781121,-0.773398,-4.12,Better,Raleigh,14.355500253,Dallas,21.89917824
Charlotte,"Mecklenburg County, NC",Severe Housing Problems,Physical environment,2014,2006-2010,16.37746511,%,Lower is better,5,18.781121,-0.773398,-4.12,Better,Raleigh,14.355500253,Dallas,21.89917824
Denver,"Denver County, CO",Severe Housing Problems,Physical environment,2014,2006-2010,21.142497443,%,Lower is better,5,18.781121,-0.773398,-4.12,Better,Raleigh,14.355500253,Dallas,21.89917824
Atlanta,"Fulton County, GA",Severe Housing Problems,Physical environment,2014,2006-2010,20.562852307,%,Lower is better,5,18.781121,-0.773398,-4.12,Better,Raleigh,14.355500253,Dallas,21.89917824
Fort Worth,"Tarrant County, TX",Severe Housing Problems,Physical environment,2014,2006-2010,17.270600139,%,Lower is better,5,18.781121,-0.773398,-4.12,Better,Raleigh,14.355500253,Dallas,21.89917824
Dallas,"Dallas County, TX",Severe Housing Problems,Physical environment,2014,2006-2010,21.89917824,%,Lower is better,5,18.781121,-0.773398,-4.12,Better,Raleigh,14.355500253,Dallas,21.89917824
Nashville,"Davidson County, TN",Severe Housing Problems,Physical environment,2014,2006-2010,18.007723537,%,Lower is better,5,18.781121,-0.773398,-4.12,Better,Raleigh,14.355500253,Dallas,21.89917824
Austin,"Travis County, TX",Air Pollution – Particulate Matter,Physical environment,2014,2011,8.77,µg/m³ PM2.5,Lower is better,9,11.4975,2.9625,25.77,Worse,Austin,8.77,Nashville,14.46
Raleigh,"Wake County, NC",Air Pollution – Particulate Matter,Physical environment,2014,2011,12.15,µg/m³ PM2.5,Lower is better,9,11.4975,2.9625,25.77,Worse,Austin,8.77,Nashville,14.46
Durham,"Durham County, NC",Air Pollution – Particulate Matter,Physical environment,2014,2011,12.27,µg/m³ PM2.5,Lower is better,9,11.4975,2.9625,25.77,Worse,Austin,8.77,Nashville,14.46
Charlotte,"Mecklenburg County, NC",Air Pollution – Particulate Matter,Physical environment,2014,2011,12.64,µg/m³ PM2.5,Lower is better,9,11.4975,2.9625,25.77,Worse,Austin,8.77,Nashville,14.46
Denver,"Denver County, CO",Air Pollution – Particulate Matter,Physical environment,2014,2011,13.26,µg/m³ PM2.5,Lower is better,9,11.4975,2.9625,25.77,Worse,Austin,8.77,Nashville,14.46
Atlanta,"Fulton County, GA",Air Pollution – Particulate Matter,Physical environment,2014,2011,13.21,µg/m³ PM2.5,Lower is better,9,11.4975,2.9625,25.77,Worse,Austin,8.77,Nashville,14.46
Fort Worth,"Tarrant County, TX",Air Pollution – Particulate Matter,Physical environment,2014,2011,9.82,µg/m³ PM2.5,Lower is better,9,11.4975,2.9625,25.77,Worse,Austin,8.77,Nashville,14.46
Dallas,"Dallas County, TX",Air Pollution – Particulate Matter,Physical environment,2014,2011,9.86,µg/m³ PM2.5,Lower is better,9,11.4975,2.9625,25.77,Worse,Austin,8.77,Nashville,14.46
Nashville,"Davidson County, TN",Air Pollution – Particulate Matter,Physical environment,2014,2011,14.46,µg/m³ PM2.5,Lower is better,9,11.4975,2.9625,25.77,Worse,Austin,8.77,Nashville,14.46
Austin,"Travis County, TX",Suicide Rate,Health outcomes / well-being,2014,,,"deaths per 100,000 population",Lower is better,,,,,,,,,
Raleigh,"Wake County, NC",Suicide Rate,Health outcomes / well-being,2014,,,"deaths per 100,000 population",Lower is better,,,,,,,,,
Durham,"Durham County, NC",Suicide Rate,Health outcomes / well-being,2014,,,"deaths per 100,000 population",Lower is better,,,,,,,,,
Charlotte,"Mecklenburg County, NC",Suicide Rate,Health outcomes / well-being,2014,,,"deaths per 100,000 population",Lower is better,,,,,,,,,
Denver,"Denver County, CO",Suicide Rate,Health outcomes / well-being,2014,,,"deaths per 100,000 population",Lower is better,,,,,,,,,
Atlanta,"Fulton County, GA",Suicide Rate,Health outcomes / well-being,2014,,,"deaths per 100,000 population",Lower is better,,,,,,,,,
Fort Worth,"Tarrant County, TX",Suicide Rate,Health outcomes / well-being,2014,,,"deaths per 100,000 population",Lower is better,,,,,,,,,
Dallas,"Dallas County, TX",Suicide Rate,Health outcomes / well-being,2014,,,"deaths per 100,000 population",Lower is better,,,,,,,,,
Nashville,"Davidson County, TN",Suicide Rate,Health outcomes / well-being,2014,,,"deaths per 100,000 population",Lower is better,,,,,,,,,
Austin,"Travis County, TX",Teen Birth Rate,Health behaviors,2014,2005-2011,47.367833791,"births per 1,000 females ages 15–19",Lower is better,6,48.865375,-0.952842,-1.95,Better,Raleigh,26.246261216,Denver,71.60747953
Raleigh,"Wake County, NC",Teen Birth Rate,Health behaviors,2014,2005-2011,26.246261216,"births per 1,000 females ages 15–19",Lower is better,6,48.865375,-0.952842,-1.95,Better,Raleigh,26.246261216,Denver,71.60747953
Durham,"Durham County, NC",Teen Birth Rate,Health behaviors,2014,2005-2011,41.270976974,"births per 1,000 females ages 15–19",Lower is better,6,48.865375,-0.952842,-1.95,Better,Raleigh,26.246261216,Denver,71.60747953
Charlotte,"Mecklenburg County, NC",Teen Birth Rate,Health behaviors,2014,2005-2011,39.742700448,"births per 1,000 females ages 15–19",Lower is better,6,48.865375,-0.952842,-1.95,Better,Raleigh,26.246261216,Denver,71.60747953
Denver,"Denver County, CO",Teen Birth Rate,Health behaviors,2014,2005-2011,71.60747953,"births per 1,000 females ages 15–19",Lower is better,6,48.865375,-0.952842,-1.95,Better,Raleigh,26.246261216,Denver,71.60747953
Atlanta,"Fulton County, GA",Teen Birth Rate,Health behaviors,2014,2005-2011,44.167862505,"births per 1,000 females ages 15–19",Lower is better,6,48.865375,-0.952842,-1.95,Better,Raleigh,26.246261216,Denver,71.60747953
Fort Worth,"Tarrant County, TX",Teen Birth Rate,Health behaviors,2014,2005-2011,52.728198718,"births per 1,000 females ages 15–19",Lower is better,6,48.865375,-0.952842,-1.95,Better,Raleigh,26.246261216,Denver,71.60747953
Dallas,"Dallas County, TX",Teen Birth Rate,Health behaviors,2014,2005-2011,67.791684427,"births per 1,000 females ages 15–19",Lower is better,6,48.865375,-0.952842,-1.95,Better,Raleigh,26.246261216,Denver,71.60747953
Nashville,"Davidson County, TN",Teen Birth Rate,Health behaviors,2014,2005-2011,47.912532295,"births per 1,000 females ages 15–19",Lower is better,6,48.865375,-0.952842,-1.95,Better,Raleigh,26.246261216,Denver,71.60747953
Austin,"Travis County, TX",Injury Deaths,Health outcomes / well-being,2014,2006-2010,50.5,"deaths per 100,000 population",Lower is better,8,53.8625,20.9375,38.87,Worse,Raleigh,38.4,Denver,87.6
Raleigh,"Wake County, NC",Injury Deaths,Health outcomes / well-being,2014,2006-2010,38.4,"deaths per 100,000 population",Lower is better,8,53.8625,20.9375,38.87,Worse,Raleigh,38.4,Denver,87.6
Durham,"Durham County, NC",Injury Deaths,Health outcomes / well-being,2014,2006-2010,53.6,"deaths per 100,000 population",Lower is better,8,53.8625,20.9375,38.87,Worse,Raleigh,38.4,Denver,87.6
Charlotte,"Mecklenburg County, NC",Injury Deaths,Health outcomes / well-being,2014,2006-2010,44.3,"deaths per 100,000 population",Lower is better,8,53.8625,20.9375,38.87,Worse,Raleigh,38.4,Denver,87.6
Denver,"Denver County, CO",Injury Deaths,Health outcomes / well-being,2014,2006-2010,87.6,"deaths per 100,000 population",Lower is better,8,53.8625,20.9375,38.87,Worse,Raleigh,38.4,Denver,87.6
Atlanta,"Fulton County, GA",Injury Deaths,Health outcomes / well-being,2014,2006-2010,59.8,"deaths per 100,000 population",Lower is better,8,53.8625,20.9375,38.87,Worse,Raleigh,38.4,Denver,87.6
Fort Worth,"Tarrant County, TX",Injury Deaths,Health outcomes / well-being,2014,2006-2010,44.7,"deaths per 100,000 population",Lower is better,8,53.8625,20.9375,38.87,Worse,Raleigh,38.4,Denver,87.6
Dallas,"Dallas County, TX",Injury Deaths,Health outcomes / well-being,2014,2006-2010,52,"deaths per 100,000 population",Lower is better,8,53.8625,20.9375,38.87,Worse,Raleigh,38.4,Denver,87.6
Nashville,"Davidson County, TN",Injury Deaths,Health outcomes / well-being,2014,2006-2010,74.8,"deaths per 100,000 population",Lower is better,8,53.8625,20.9375,38.87,Worse,Raleigh,38.4,Denver,87.6
Austin,"Travis County, TX",Broadband Access,Physical environment,2014,,,%,Higher is better,,,,,,,,,
Raleigh,"Wake County, NC",Broadband Access,Physical environment,2014,,,%,Higher is better,,,,,,,,,
Durham,"Durham County, NC",Broadband Access,Physical environment,2014,,,%,Higher is better,,,,,,,,,
Charlotte,"Mecklenburg County, NC",Broadband Access,Physical environment,2014,,,%,Higher is better,,,,,,,,,
Denver,"Denver County, CO",Broadband Access,Physical environment,2014,,,%,Higher is better,,,,,,,,,
Atlanta,"Fulton County, GA",Broadband Access,Physical environment,2014,,,%,Higher is better,,,,,,,,,
Fort Worth,"Tarrant County, TX",Broadband Access,Physical environment,2014,,,%,Higher is better,,,,,,,,,
Dallas,"Dallas County, TX",Broadband Access,Physical environment,2014,,,%,Higher is better,,,,,,,,,
Nashville,"Davidson County, TN",Broadband Access,Physical environment,2014,,,%,Higher is better,,,,,,,,,
Austin,"Travis County, TX",Severe Housing Cost Burden,Physical environment,2014,,,%,Lower is better,,,,,,,,,
Raleigh,"Wake County, NC",Severe Housing Cost Burden,Physical environment,2014,,,%,Lower is better,,,,,,,,,
Durham,"Durham County, NC",Severe Housing Cost Burden,Physical environment,2014,,,%,Lower is better,,,,,,,,,
Charlotte,"Mecklenburg County, NC",Severe Housing Cost Burden,Physical environment,2014,,,%,Lower is better,,,,,,,,,
Denver,"Denver County, CO",Severe Housing Cost Burden,Physical environment,2014,,,%,Lower is better,,,,,,,,,
Atlanta,"Fulton County, GA",Severe Housing Cost Burden,Physical environment,2014,,,%,Lower is better,,,,,,,,,
Fort Worth,"Tarrant County, TX",Severe Housing Cost Burden,Physical environment,2014,,,%,Lower is better,,,,,,,,,
Dallas,"Dallas County, TX",Severe Housing Cost Burden,Physical environment,2014,,,%,Lower is better,,,,,,,,,
Nashville,"Davidson County, TN",Severe Housing Cost Burden,Physical environment,2014,,,%,Lower is better,,,,,,,,,
Austin,"Travis County, TX",Life Expectancy,Health outcomes / well-being,2015,,,years,Higher is better,,,,,,,,,
Raleigh,"Wake County, NC",Life Expectancy,Health outcomes / well-being,2015,,,years,Higher is better,,,,,,,,,
Durham,"Durham County, NC",Life Expectancy,Health outcomes / well-being,2015,,,years,Higher is better,,,,,,,,,
Charlotte,"Mecklenburg County, NC",Life Expectancy,Health outcomes / well-being,2015,,,years,Higher is better,,,,,,,,,
Denver,"Denver County, CO",Life Expectancy,Health outcomes / well-being,2015,,,years,Higher is better,,,,,,,,,
Atlanta,"Fulton County, GA",Life Expectancy,Health outcomes / well-being,2015,,,years,Higher is better,,,,,,,,,
Fort Worth,"Tarrant County, TX",Life Expectancy,Health outcomes / well-being,2015,,,years,Higher is better,,,,,,,,,
Dallas,"Dallas County, TX",Life Expectancy,Health outcomes / well-being,2015,,,years,Higher is better,,,,,,,,,
Nashville,"Davidson County, TN",Life Expectancy,Health outcomes / well-being,2015,,,years,Higher is better,,,,,,,,,
Austin,"Travis County, TX",Infant Mortality,Health outcomes / well-being,2015,2004-2010,5.6,"deaths per 1,000 live births",Lower is better,9,6.8625,0.7375,10.75,Worse,Austin,5.6,Nashville,7.6
Raleigh,"Wake County, NC",Infant Mortality,Health outcomes / well-being,2015,2004-2010,6.8,"deaths per 1,000 live births",Lower is better,9,6.8625,0.7375,10.75,Worse,Austin,5.6,Nashville,7.6
Durham,"Durham County, NC",Infant Mortality,Health outcomes / well-being,2015,2004-2010,6.7,"deaths per 1,000 live births",Lower is better,9,6.8625,0.7375,10.75,Worse,Austin,5.6,Nashville,7.6
Charlotte,"Mecklenburg County, NC",Infant Mortality,Health outcomes / well-being,2015,2004-2010,7,"deaths per 1,000 live births",Lower is better,9,6.8625,0.7375,10.75,Worse,Austin,5.6,Nashville,7.6
Denver,"Denver County, CO",Infant Mortality,Health outcomes / well-being,2015,2004-2010,6.9,"deaths per 1,000 live births",Lower is better,9,6.8625,0.7375,10.75,Worse,Austin,5.6,Nashville,7.6
Atlanta,"Fulton County, GA",Infant Mortality,Health outcomes / well-being,2015,2004-2010,7.3,"deaths per 1,000 live births",Lower is better,9,6.8625,0.7375,10.75,Worse,Austin,5.6,Nashville,7.6
Fort Worth,"Tarrant County, TX",Infant Mortality,Health outcomes / well-being,2015,2004-2010,7.5,"deaths per 1,000 live births",Lower is better,9,6.8625,0.7375,10.75,Worse,Austin,5.6,Nashville,7.6
Dallas,"Dallas County, TX",Infant Mortality,Health outcomes / well-being,2015,2004-2010,7.1,"deaths per 1,000 live births",Lower is better,9,6.8625,0.7375,10.75,Worse,Austin,5.6,Nashville,7.6
Nashville,"Davidson County, TN",Infant Mortality,Health outcomes / well-being,2015,2004-2010,7.6,"deaths per 1,000 live births",Lower is better,9,6.8625,0.7375,10.75,Worse,Austin,5.6,Nashville,7.6
Austin,"Travis County, TX",Poor or Fair Health,Health outcomes / well-being,2015,2006-2012,13.1,%,Lower is better,4,14.2875,0.1125,0.79,Worse,Raleigh,11.1,Dallas,17.3
Raleigh,"Wake County, NC",Poor or Fair Health,Health outcomes / well-being,2015,2006-2012,11.1,%,Lower is better,4,14.2875,0.1125,0.79,Worse,Raleigh,11.1,Dallas,17.3
Durham,"Durham County, NC",Poor or Fair Health,Health outcomes / well-being,2015,2006-2012,16.6,%,Lower is better,4,14.2875,0.1125,0.79,Worse,Raleigh,11.1,Dallas,17.3
Charlotte,"Mecklenburg County, NC",Poor or Fair Health,Health outcomes / well-being,2015,2006-2012,14.2,%,Lower is better,4,14.2875,0.1125,0.79,Worse,Raleigh,11.1,Dallas,17.3
Denver,"Denver County, CO",Poor or Fair Health,Health outcomes / well-being,2015,2006-2012,16.4,%,Lower is better,4,14.2875,0.1125,0.79,Worse,Raleigh,11.1,Dallas,17.3
Atlanta,"Fulton County, GA",Poor or Fair Health,Health outcomes / well-being,2015,2006-2012,11.1,%,Lower is better,4,14.2875,0.1125,0.79,Worse,Raleigh,11.1,Dallas,17.3
Fort Worth,"Tarrant County, TX",Poor or Fair Health,Health outcomes / well-being,2015,2006-2012,14.5,%,Lower is better,4,14.2875,0.1125,0.79,Worse,Raleigh,11.1,Dallas,17.3
Dallas,"Dallas County, TX",Poor or Fair Health,Health outcomes / well-being,2015,2006-2012,17.3,%,Lower is better,4,14.2875,0.1125,0.79,Worse,Raleigh,11.1,Dallas,17.3
Nashville,"Davidson County, TN",Poor or Fair Health,Health outcomes / well-being,2015,2006-2012,14.4,%,Lower is better,4,14.2875,0.1125,0.79,Worse,Raleigh,11.1,Dallas,17.3
Austin,"Travis County, TX",Poor Physical Health Days,Health outcomes / well-being,2015,2006-2012,2.9,days per month,Lower is better,4,2.9375,0.0625,2.13,Worse,Atlanta,2.4,Dallas,3.6
Raleigh,"Wake County, NC",Poor Physical Health Days,Health outcomes / well-being,2015,2006-2012,2.8,days per month,Lower is better,4,2.9375,0.0625,2.13,Worse,Atlanta,2.4,Dallas,3.6
Durham,"Durham County, NC",Poor Physical Health Days,Health outcomes / well-being,2015,2006-2012,2.8,days per month,Lower is better,4,2.9375,0.0625,2.13,Worse,Atlanta,2.4,Dallas,3.6
Charlotte,"Mecklenburg County, NC",Poor Physical Health Days,Health outcomes / well-being,2015,2006-2012,2.8,days per month,Lower is better,4,2.9375,0.0625,2.13,Worse,Atlanta,2.4,Dallas,3.6
Denver,"Denver County, CO",Poor Physical Health Days,Health outcomes / well-being,2015,2006-2012,3.2,days per month,Lower is better,4,2.9375,0.0625,2.13,Worse,Atlanta,2.4,Dallas,3.6
Atlanta,"Fulton County, GA",Poor Physical Health Days,Health outcomes / well-being,2015,2006-2012,2.4,days per month,Lower is better,4,2.9375,0.0625,2.13,Worse,Atlanta,2.4,Dallas,3.6
Fort Worth,"Tarrant County, TX",Poor Physical Health Days,Health outcomes / well-being,2015,2006-2012,3,days per month,Lower is better,4,2.9375,0.0625,2.13,Worse,Atlanta,2.4,Dallas,3.6
Dallas,"Dallas County, TX",Poor Physical Health Days,Health outcomes / well-being,2015,2006-2012,3.6,days per month,Lower is better,4,2.9375,0.0625,2.13,Worse,Atlanta,2.4,Dallas,3.6
Nashville,"Davidson County, TN",Poor Physical Health Days,Health outcomes / well-being,2015,2006-2012,3,days per month,Lower is better,4,2.9375,0.0625,2.13,Worse,Atlanta,2.4,Dallas,3.6
Austin,"Travis County, TX",Poor Mental Health Days,Health outcomes / well-being,2015,2006-2012,3.2,days per month,Lower is better,2,3.0125,-0.3125,-10.37,Better,Raleigh,2.6,Dallas,3.3
Raleigh,"Wake County, NC",Poor Mental Health Days,Health outcomes / well-being,2015,2006-2012,2.6,days per month,Lower is better,2,3.0125,-0.3125,-10.37,Better,Raleigh,2.6,Dallas,3.3
Durham,"Durham County, NC",Poor Mental Health Days,Health outcomes / well-being,2015,2006-2012,2.9,days per month,Lower is better,2,3.0125,-0.3125,-10.37,Better,Raleigh,2.6,Dallas,3.3
Charlotte,"Mecklenburg County, NC",Poor Mental Health Days,Health outcomes / well-being,2015,2006-2012,3.2,days per month,Lower is better,2,3.0125,-0.3125,-10.37,Better,Raleigh,2.6,Dallas,3.3
Denver,"Denver County, CO",Poor Mental Health Days,Health outcomes / well-being,2015,2006-2012,3.2,days per month,Lower is better,2,3.0125,-0.3125,-10.37,Better,Raleigh,2.6,Dallas,3.3
Atlanta,"Fulton County, GA",Poor Mental Health Days,Health outcomes / well-being,2015,2006-2012,2.7,days per month,Lower is better,2,3.0125,-0.3125,-10.37,Better,Raleigh,2.6,Dallas,3.3
Fort Worth,"Tarrant County, TX",Poor Mental Health Days,Health outcomes / well-being,2015,2006-2012,3,days per month,Lower is better,2,3.0125,-0.3125,-10.37,Better,Raleigh,2.6,Dallas,3.3
Dallas,"Dallas County, TX",Poor Mental Health Days,Health outcomes / well-being,2015,2006-2012,3.3,days per month,Lower is better,2,3.0125,-0.3125,-10.37,Better,Raleigh,2.6,Dallas,3.3
Nashville,"Davidson County, TN",Poor Mental Health Days,Health outcomes / well-being,2015,2006-2012,2.7,days per month,Lower is better,2,3.0125,-0.3125,-10.37,Better,Raleigh,2.6,Dallas,3.3
Austin,"Travis County, TX",Adult Obesity,Health outcomes / well-being,2015,2011,21.4,%,Lower is better,9,24.5625,6.2375,25.39,Worse,Denver,17,Nashville,30.8
Raleigh,"Wake County, NC",Adult Obesity,Health outcomes / well-being,2015,2011,25.3,%,Lower is better,9,24.5625,6.2375,25.39,Worse,Denver,17,Nashville,30.8
Durham,"Durham County, NC",Adult Obesity,Health outcomes / well-being,2015,2011,28.8,%,Lower is better,9,24.5625,6.2375,25.39,Worse,Denver,17,Nashville,30.8
Charlotte,"Mecklenburg County, NC",Adult Obesity,Health outcomes / well-being,2015,2011,24.4,%,Lower is better,9,24.5625,6.2375,25.39,Worse,Denver,17,Nashville,30.8
Denver,"Denver County, CO",Adult Obesity,Health outcomes / well-being,2015,2011,17,%,Lower is better,9,24.5625,6.2375,25.39,Worse,Denver,17,Nashville,30.8
Atlanta,"Fulton County, GA",Adult Obesity,Health outcomes / well-being,2015,2011,21.8,%,Lower is better,9,24.5625,6.2375,25.39,Worse,Denver,17,Nashville,30.8
Fort Worth,"Tarrant County, TX",Adult Obesity,Health outcomes / well-being,2015,2011,28.6,%,Lower is better,9,24.5625,6.2375,25.39,Worse,Denver,17,Nashville,30.8
Dallas,"Dallas County, TX",Adult Obesity,Health outcomes / well-being,2015,2011,29.2,%,Lower is better,9,24.5625,6.2375,25.39,Worse,Denver,17,Nashville,30.8
Nashville,"Davidson County, TN",Adult Obesity,Health outcomes / well-being,2015,2011,30.8,%,Lower is better,9,24.5625,6.2375,25.39,Worse,Denver,17,Nashville,30.8
Austin,"Travis County, TX",Diabetes Prevalence,Health outcomes / well-being,2015,2011,6.2,%,Lower is better,9,8.1125,2.3875,29.43,Worse,Austin,6.2,Nashville,10.5
Raleigh,"Wake County, NC",Diabetes Prevalence,Health outcomes / well-being,2015,2011,7.3,%,Lower is better,9,8.1125,2.3875,29.43,Worse,Austin,6.2,Nashville,10.5
Durham,"Durham County, NC",Diabetes Prevalence,Health outcomes / well-being,2015,2011,9.2,%,Lower is better,9,8.1125,2.3875,29.43,Worse,Austin,6.2,Nashville,10.5
Charlotte,"Mecklenburg County, NC",Diabetes Prevalence,Health outcomes / well-being,2015,2011,8.6,%,Lower is better,9,8.1125,2.3875,29.43,Worse,Austin,6.2,Nashville,10.5
Denver,"Denver County, CO",Diabetes Prevalence,Health outcomes / well-being,2015,2011,6.3,%,Lower is better,9,8.1125,2.3875,29.43,Worse,Austin,6.2,Nashville,10.5
Atlanta,"Fulton County, GA",Diabetes Prevalence,Health outcomes / well-being,2015,2011,8,%,Lower is better,9,8.1125,2.3875,29.43,Worse,Austin,6.2,Nashville,10.5
Fort Worth,"Tarrant County, TX",Diabetes Prevalence,Health outcomes / well-being,2015,2011,10,%,Lower is better,9,8.1125,2.3875,29.43,Worse,Austin,6.2,Nashville,10.5
Dallas,"Dallas County, TX",Diabetes Prevalence,Health outcomes / well-being,2015,2011,9.3,%,Lower is better,9,8.1125,2.3875,29.43,Worse,Austin,6.2,Nashville,10.5
Nashville,"Davidson County, TN",Diabetes Prevalence,Health outcomes / well-being,2015,2011,10.5,%,Lower is better,9,8.1125,2.3875,29.43,Worse,Austin,6.2,Nashville,10.5
Austin,"Travis County, TX",Adult Smoking,Health behaviors,2015,2006-2012,14.4,%,Lower is better,8,14.825,2.375,16.02,Worse,Raleigh,12.9,Denver,19.5
Raleigh,"Wake County, NC",Adult Smoking,Health behaviors,2015,2006-2012,12.9,%,Lower is better,8,14.825,2.375,16.02,Worse,Raleigh,12.9,Denver,19.5
Durham,"Durham County, NC",Adult Smoking,Health behaviors,2015,2006-2012,13.6,%,Lower is better,8,14.825,2.375,16.02,Worse,Raleigh,12.9,Denver,19.5
Charlotte,"Mecklenburg County, NC",Adult Smoking,Health behaviors,2015,2006-2012,13.8,%,Lower is better,8,14.825,2.375,16.02,Worse,Raleigh,12.9,Denver,19.5
Denver,"Denver County, CO",Adult Smoking,Health behaviors,2015,2006-2012,19.5,%,Lower is better,8,14.825,2.375,16.02,Worse,Raleigh,12.9,Denver,19.5
Atlanta,"Fulton County, GA",Adult Smoking,Health behaviors,2015,2006-2012,13.3,%,Lower is better,8,14.825,2.375,16.02,Worse,Raleigh,12.9,Denver,19.5
Fort Worth,"Tarrant County, TX",Adult Smoking,Health behaviors,2015,2006-2012,15.8,%,Lower is better,8,14.825,2.375,16.02,Worse,Raleigh,12.9,Denver,19.5
Dallas,"Dallas County, TX",Adult Smoking,Health behaviors,2015,2006-2012,15.3,%,Lower is better,8,14.825,2.375,16.02,Worse,Raleigh,12.9,Denver,19.5
Nashville,"Davidson County, TN",Adult Smoking,Health behaviors,2015,2006-2012,17.2,%,Lower is better,8,14.825,2.375,16.02,Worse,Raleigh,12.9,Denver,19.5
Austin,"Travis County, TX",Physical Inactivity,Health behaviors,2015,2011,16.1,%,Lower is better,9,19.3625,6.3375,32.73,Worse,Denver,13.8,Nashville,25.7
Raleigh,"Wake County, NC",Physical Inactivity,Health behaviors,2015,2011,18.1,%,Lower is better,9,19.3625,6.3375,32.73,Worse,Denver,13.8,Nashville,25.7
Durham,"Durham County, NC",Physical Inactivity,Health behaviors,2015,2011,20.1,%,Lower is better,9,19.3625,6.3375,32.73,Worse,Denver,13.8,Nashville,25.7
Charlotte,"Mecklenburg County, NC",Physical Inactivity,Health behaviors,2015,2011,20.3,%,Lower is better,9,19.3625,6.3375,32.73,Worse,Denver,13.8,Nashville,25.7
Denver,"Denver County, CO",Physical Inactivity,Health behaviors,2015,2011,13.8,%,Lower is better,9,19.3625,6.3375,32.73,Worse,Denver,13.8,Nashville,25.7
Atlanta,"Fulton County, GA",Physical Inactivity,Health behaviors,2015,2011,18.4,%,Lower is better,9,19.3625,6.3375,32.73,Worse,Denver,13.8,Nashville,25.7
Fort Worth,"Tarrant County, TX",Physical Inactivity,Health behaviors,2015,2011,24.2,%,Lower is better,9,19.3625,6.3375,32.73,Worse,Denver,13.8,Nashville,25.7
Dallas,"Dallas County, TX",Physical Inactivity,Health behaviors,2015,2011,23.9,%,Lower is better,9,19.3625,6.3375,32.73,Worse,Denver,13.8,Nashville,25.7
Nashville,"Davidson County, TN",Physical Inactivity,Health behaviors,2015,2011,25.7,%,Lower is better,9,19.3625,6.3375,32.73,Worse,Denver,13.8,Nashville,25.7
Austin,"Travis County, TX",Excessive Drinking,Health behaviors,2015,2006-2012,21.7,%,Lower is better,1,17.2125,-6.3125,-36.67,Better,Nashville,10.9,Denver,22
Raleigh,"Wake County, NC",Excessive Drinking,Health behaviors,2015,2006-2012,15,%,Lower is better,1,17.2125,-6.3125,-36.67,Better,Nashville,10.9,Denver,22
Durham,"Durham County, NC",Excessive Drinking,Health behaviors,2015,2006-2012,14.9,%,Lower is better,1,17.2125,-6.3125,-36.67,Better,Nashville,10.9,Denver,22
Charlotte,"Mecklenburg County, NC",Excessive Drinking,Health behaviors,2015,2006-2012,15.6,%,Lower is better,1,17.2125,-6.3125,-36.67,Better,Nashville,10.9,Denver,22
Denver,"Denver County, CO",Excessive Drinking,Health behaviors,2015,2006-2012,22,%,Lower is better,1,17.2125,-6.3125,-36.67,Better,Nashville,10.9,Denver,22
Atlanta,"Fulton County, GA",Excessive Drinking,Health behaviors,2015,2006-2012,17.9,%,Lower is better,1,17.2125,-6.3125,-36.67,Better,Nashville,10.9,Denver,22
Fort Worth,"Tarrant County, TX",Excessive Drinking,Health behaviors,2015,2006-2012,15.6,%,Lower is better,1,17.2125,-6.3125,-36.67,Better,Nashville,10.9,Denver,22
Dallas,"Dallas County, TX",Excessive Drinking,Health behaviors,2015,2006-2012,15,%,Lower is better,1,17.2125,-6.3125,-36.67,Better,Nashville,10.9,Denver,22
Nashville,"Davidson County, TN",Excessive Drinking,Health behaviors,2015,2006-2012,10.9,%,Lower is better,1,17.2125,-6.3125,-36.67,Better,Nashville,10.9,Denver,22
Austin,"Travis County, TX",Insufficient Sleep,Health behaviors,2015,,,%,Lower is better,,,,,,,,,
Raleigh,"Wake County, NC",Insufficient Sleep,Health behaviors,2015,,,%,Lower is better,,,,,,,,,
Durham,"Durham County, NC",Insufficient Sleep,Health behaviors,2015,,,%,Lower is better,,,,,,,,,
Charlotte,"Mecklenburg County, NC",Insufficient Sleep,Health behaviors,2015,,,%,Lower is better,,,,,,,,,
Denver,"Denver County, CO",Insufficient Sleep,Health behaviors,2015,,,%,Lower is better,,,,,,,,,
Atlanta,"Fulton County, GA",Insufficient Sleep,Health behaviors,2015,,,%,Lower is better,,,,,,,,,
Fort Worth,"Tarrant County, TX",Insufficient Sleep,Health behaviors,2015,,,%,Lower is better,,,,,,,,,
Dallas,"Dallas County, TX",Insufficient Sleep,Health behaviors,2015,,,%,Lower is better,,,,,,,,,
Nashville,"Davidson County, TN",Insufficient Sleep,Health behaviors,2015,,,%,Lower is better,,,,,,,,,
Austin,"Travis County, TX",Food Insecurity,Health behaviors,2015,2012,18.1,%,Lower is better,3,18.1625,-0.6625,-3.65,Better,Raleigh,14.9,Dallas,20
Raleigh,"Wake County, NC",Food Insecurity,Health behaviors,2015,2012,14.9,%,Lower is better,3,18.1625,-0.6625,-3.65,Better,Raleigh,14.9,Dallas,20
Durham,"Durham County, NC",Food Insecurity,Health behaviors,2015,2012,19.1,%,Lower is better,3,18.1625,-0.6625,-3.65,Better,Raleigh,14.9,Dallas,20
Charlotte,"Mecklenburg County, NC",Food Insecurity,Health behaviors,2015,2012,18.1,%,Lower is better,3,18.1625,-0.6625,-3.65,Better,Raleigh,14.9,Dallas,20
Denver,"Denver County, CO",Food Insecurity,Health behaviors,2015,2012,17.3,%,Lower is better,3,18.1625,-0.6625,-3.65,Better,Raleigh,14.9,Dallas,20
Atlanta,"Fulton County, GA",Food Insecurity,Health behaviors,2015,2012,19.8,%,Lower is better,3,18.1625,-0.6625,-3.65,Better,Raleigh,14.9,Dallas,20
Fort Worth,"Tarrant County, TX",Food Insecurity,Health behaviors,2015,2012,18,%,Lower is better,3,18.1625,-0.6625,-3.65,Better,Raleigh,14.9,Dallas,20
Dallas,"Dallas County, TX",Food Insecurity,Health behaviors,2015,2012,20,%,Lower is better,3,18.1625,-0.6625,-3.65,Better,Raleigh,14.9,Dallas,20
Nashville,"Davidson County, TN",Food Insecurity,Health behaviors,2015,2012,17.5,%,Lower is better,3,18.1625,-0.6625,-3.65,Better,Raleigh,14.9,Dallas,20
Austin,"Travis County, TX",Drug Overdose Deaths,Health behaviors,2015,2006-2012,11.729278605,"deaths per 100,000 population",Lower is better,8,11.155307,4.925725,44.16,Worse,Raleigh,6.5430022917,Denver,25.287332447
Raleigh,"Wake County, NC",Drug Overdose Deaths,Health behaviors,2015,2006-2012,6.5430022917,"deaths per 100,000 population",Lower is better,8,11.155307,4.925725,44.16,Worse,Raleigh,6.5430022917,Denver,25.287332447
Durham,"Durham County, NC",Drug Overdose Deaths,Health behaviors,2015,2006-2012,9.4848018246,"deaths per 100,000 population",Lower is better,8,11.155307,4.925725,44.16,Worse,Raleigh,6.5430022917,Denver,25.287332447
Charlotte,"Mecklenburg County, NC",Drug Overdose Deaths,Health behaviors,2015,2006-2012,7.4326973211,"deaths per 100,000 population",Lower is better,8,11.155307,4.925725,44.16,Worse,Raleigh,6.5430022917,Denver,25.287332447
Denver,"Denver County, CO",Drug Overdose Deaths,Health behaviors,2015,2006-2012,25.287332447,"deaths per 100,000 population",Lower is better,8,11.155307,4.925725,44.16,Worse,Raleigh,6.5430022917,Denver,25.287332447
Atlanta,"Fulton County, GA",Drug Overdose Deaths,Health behaviors,2015,2006-2012,10.776085836,"deaths per 100,000 population",Lower is better,8,11.155307,4.925725,44.16,Worse,Raleigh,6.5430022917,Denver,25.287332447
Fort Worth,"Tarrant County, TX",Drug Overdose Deaths,Health behaviors,2015,2006-2012,8.4178576287,"deaths per 100,000 population",Lower is better,8,11.155307,4.925725,44.16,Worse,Raleigh,6.5430022917,Denver,25.287332447
Dallas,"Dallas County, TX",Drug Overdose Deaths,Health behaviors,2015,2006-2012,9.571402205,"deaths per 100,000 population",Lower is better,8,11.155307,4.925725,44.16,Worse,Raleigh,6.5430022917,Denver,25.287332447
Nashville,"Davidson County, TN",Drug Overdose Deaths,Health behaviors,2015,2006-2012,16.081031836,"deaths per 100,000 population",Lower is better,8,11.155307,4.925725,44.16,Worse,Raleigh,6.5430022917,Denver,25.287332447
Austin,"Travis County, TX",Access to Exercise Opportunities,Health behaviors,2015,2010 & 2013,97.002731712,%,Higher is better,9,94.07113,-7.270668,-7.73,Worse,Denver,99.686249288,Nashville,86.800461479
Raleigh,"Wake County, NC",Access to Exercise Opportunities,Health behaviors,2015,2010 & 2013,90.659971831,%,Higher is better,9,94.07113,-7.270668,-7.73,Worse,Denver,99.686249288,Nashville,86.800461479
Durham,"Durham County, NC",Access to Exercise Opportunities,Health behaviors,2015,2010 & 2013,92.050435933,%,Higher is better,9,94.07113,-7.270668,-7.73,Worse,Denver,99.686249288,Nashville,86.800461479
Charlotte,"Mecklenburg County, NC",Access to Exercise Opportunities,Health behaviors,2015,2010 & 2013,89.268378083,%,Higher is better,9,94.07113,-7.270668,-7.73,Worse,Denver,99.686249288,Nashville,86.800461479
Denver,"Denver County, CO",Access to Exercise Opportunities,Health behaviors,2015,2010 & 2013,99.686249288,%,Higher is better,9,94.07113,-7.270668,-7.73,Worse,Denver,99.686249288,Nashville,86.800461479
Atlanta,"Fulton County, GA",Access to Exercise Opportunities,Health behaviors,2015,2010 & 2013,89.838916945,%,Higher is better,9,94.07113,-7.270668,-7.73,Worse,Denver,99.686249288,Nashville,86.800461479
Fort Worth,"Tarrant County, TX",Access to Exercise Opportunities,Health behaviors,2015,2010 & 2013,96.715152949,%,Higher is better,9,94.07113,-7.270668,-7.73,Worse,Denver,99.686249288,Nashville,86.800461479
Dallas,"Dallas County, TX",Access to Exercise Opportunities,Health behaviors,2015,2010 & 2013,97.347199637,%,Higher is better,9,94.07113,-7.270668,-7.73,Worse,Denver,99.686249288,Nashville,86.800461479
Nashville,"Davidson County, TN",Access to Exercise Opportunities,Health behaviors,2015,2010 & 2013,86.800461479,%,Higher is better,9,94.07113,-7.270668,-7.73,Worse,Denver,99.686249288,Nashville,86.800461479
Austin,"Travis County, TX",Uninsured,Clinical care,2015,2012,21.627341986,%,Lower is better,3,21.154023,-2.495539,-11.80,Better,Raleigh,15.114344098,Dallas,28.892340194
Raleigh,"Wake County, NC",Uninsured,Clinical care,2015,2012,15.114344098,%,Lower is better,3,21.154023,-2.495539,-11.80,Better,Raleigh,15.114344098,Dallas,28.892340194
Durham,"Durham County, NC",Uninsured,Clinical care,2015,2012,19.797249333,%,Lower is better,3,21.154023,-2.495539,-11.80,Better,Raleigh,15.114344098,Dallas,28.892340194
Charlotte,"Mecklenburg County, NC",Uninsured,Clinical care,2015,2012,18.345593319,%,Lower is better,3,21.154023,-2.495539,-11.80,Better,Raleigh,15.114344098,Dallas,28.892340194
Denver,"Denver County, CO",Uninsured,Clinical care,2015,2012,19.052425703,%,Lower is better,3,21.154023,-2.495539,-11.80,Better,Raleigh,15.114344098,Dallas,28.892340194
Atlanta,"Fulton County, GA",Uninsured,Clinical care,2015,2012,22.046515347,%,Lower is better,3,21.154023,-2.495539,-11.80,Better,Raleigh,15.114344098,Dallas,28.892340194
Fort Worth,"Tarrant County, TX",Uninsured,Clinical care,2015,2012,24.356373626,%,Lower is better,3,21.154023,-2.495539,-11.80,Better,Raleigh,15.114344098,Dallas,28.892340194
Dallas,"Dallas County, TX",Uninsured,Clinical care,2015,2012,28.892340194,%,Lower is better,3,21.154023,-2.495539,-11.80,Better,Raleigh,15.114344098,Dallas,28.892340194
Nashville,"Davidson County, TN",Uninsured,Clinical care,2015,2012,18.65848426,%,Lower is better,3,21.154023,-2.495539,-11.80,Better,Raleigh,15.114344098,Dallas,28.892340194
Austin,"Travis County, TX",Primary Care Physicians,Clinical care,2015,2012,1231,residents per primary care physician,Lower is better,4,1200.625,-141.625,-11.80,Better,Durham,820,Fort Worth,1717
Raleigh,"Wake County, NC",Primary Care Physicians,Clinical care,2015,2012,1241,residents per primary care physician,Lower is better,4,1200.625,-141.625,-11.80,Better,Durham,820,Fort Worth,1717
Durham,"Durham County, NC",Primary Care Physicians,Clinical care,2015,2012,820,residents per primary care physician,Lower is better,4,1200.625,-141.625,-11.80,Better,Durham,820,Fort Worth,1717
Charlotte,"Mecklenburg County, NC",Primary Care Physicians,Clinical care,2015,2012,1161,residents per primary care physician,Lower is better,4,1200.625,-141.625,-11.80,Better,Durham,820,Fort Worth,1717
Denver,"Denver County, CO",Primary Care Physicians,Clinical care,2015,2012,853,residents per primary care physician,Lower is better,4,1200.625,-141.625,-11.80,Better,Durham,820,Fort Worth,1717
Atlanta,"Fulton County, GA",Primary Care Physicians,Clinical care,2015,2012,1014,residents per primary care physician,Lower is better,4,1200.625,-141.625,-11.80,Better,Durham,820,Fort Worth,1717
Fort Worth,"Tarrant County, TX",Primary Care Physicians,Clinical care,2015,2012,1717,residents per primary care physician,Lower is better,4,1200.625,-141.625,-11.80,Better,Durham,820,Fort Worth,1717
Dallas,"Dallas County, TX",Primary Care Physicians,Clinical care,2015,2012,1568,residents per primary care physician,Lower is better,4,1200.625,-141.625,-11.80,Better,Durham,820,Fort Worth,1717
Nashville,"Davidson County, TN",Primary Care Physicians,Clinical care,2015,2012,1059,residents per primary care physician,Lower is better,4,1200.625,-141.625,-11.80,Better,Durham,820,Fort Worth,1717
Austin,"Travis County, TX",Mental Health Providers,Clinical care,2015,2014,491,residents per mental health provider,Lower is better,3,579.5,-165.5,-28.56,Better,Durham,218,Fort Worth,1221
Raleigh,"Wake County, NC",Mental Health Providers,Clinical care,2015,2014,438,residents per mental health provider,Lower is better,3,579.5,-165.5,-28.56,Better,Durham,218,Fort Worth,1221
Durham,"Durham County, NC",Mental Health Providers,Clinical care,2015,2014,218,residents per mental health provider,Lower is better,3,579.5,-165.5,-28.56,Better,Durham,218,Fort Worth,1221
Charlotte,"Mecklenburg County, NC",Mental Health Providers,Clinical care,2015,2014,494,residents per mental health provider,Lower is better,3,579.5,-165.5,-28.56,Better,Durham,218,Fort Worth,1221
Denver,"Denver County, CO",Mental Health Providers,Clinical care,2015,2014,262,residents per mental health provider,Lower is better,3,579.5,-165.5,-28.56,Better,Durham,218,Fort Worth,1221
Atlanta,"Fulton County, GA",Mental Health Providers,Clinical care,2015,2014,610,residents per mental health provider,Lower is better,3,579.5,-165.5,-28.56,Better,Durham,218,Fort Worth,1221
Fort Worth,"Tarrant County, TX",Mental Health Providers,Clinical care,2015,2014,1221,residents per mental health provider,Lower is better,3,579.5,-165.5,-28.56,Better,Durham,218,Fort Worth,1221
Dallas,"Dallas County, TX",Mental Health Providers,Clinical care,2015,2014,902,residents per mental health provider,Lower is better,3,579.5,-165.5,-28.56,Better,Durham,218,Fort Worth,1221
Nashville,"Davidson County, TN",Mental Health Providers,Clinical care,2015,2014,414,residents per mental health provider,Lower is better,3,579.5,-165.5,-28.56,Better,Durham,218,Fort Worth,1221
Austin,"Travis County, TX",Preventable Hospital Stays,Clinical care,2015,2012,5634,"hospital stays per 100,000 Medicare enrollees",Lower is better,9,4691.75,1538.25,32.79,Worse,Denver,3738,Nashville,6230
Raleigh,"Wake County, NC",Preventable Hospital Stays,Clinical care,2015,2012,4370,"hospital stays per 100,000 Medicare enrollees",Lower is better,9,4691.75,1538.25,32.79,Worse,Denver,3738,Nashville,6230
Durham,"Durham County, NC",Preventable Hospital Stays,Clinical care,2015,2012,4118,"hospital stays per 100,000 Medicare enrollees",Lower is better,9,4691.75,1538.25,32.79,Worse,Denver,3738,Nashville,6230
Charlotte,"Mecklenburg County, NC",Preventable Hospital Stays,Clinical care,2015,2012,4256,"hospital stays per 100,000 Medicare enrollees",Lower is better,9,4691.75,1538.25,32.79,Worse,Denver,3738,Nashville,6230
Denver,"Denver County, CO",Preventable Hospital Stays,Clinical care,2015,2012,3738,"hospital stays per 100,000 Medicare enrollees",Lower is better,9,4691.75,1538.25,32.79,Worse,Denver,3738,Nashville,6230
Atlanta,"Fulton County, GA",Preventable Hospital Stays,Clinical care,2015,2012,4350,"hospital stays per 100,000 Medicare enrollees",Lower is better,9,4691.75,1538.25,32.79,Worse,Denver,3738,Nashville,6230
Fort Worth,"Tarrant County, TX",Preventable Hospital Stays,Clinical care,2015,2012,5864,"hospital stays per 100,000 Medicare enrollees",Lower is better,9,4691.75,1538.25,32.79,Worse,Denver,3738,Nashville,6230
Dallas,"Dallas County, TX",Preventable Hospital Stays,Clinical care,2015,2012,5204,"hospital stays per 100,000 Medicare enrollees",Lower is better,9,4691.75,1538.25,32.79,Worse,Denver,3738,Nashville,6230
Nashville,"Davidson County, TN",Preventable Hospital Stays,Clinical care,2015,2012,6230,"hospital stays per 100,000 Medicare enrollees",Lower is better,9,4691.75,1538.25,32.79,Worse,Denver,3738,Nashville,6230
Austin,"Travis County, TX",Children in Poverty,Social & economic,2015,2013,21,%,Lower is better,8,22.9625,6.4375,28.03,Worse,Raleigh,14.5,Dallas,29.5
Raleigh,"Wake County, NC",Children in Poverty,Social & economic,2015,2013,14.5,%,Lower is better,8,22.9625,6.4375,28.03,Worse,Raleigh,14.5,Dallas,29.5
Durham,"Durham County, NC",Children in Poverty,Social & economic,2015,2013,22.4,%,Lower is better,8,22.9625,6.4375,28.03,Worse,Raleigh,14.5,Dallas,29.5
Charlotte,"Mecklenburg County, NC",Children in Poverty,Social & economic,2015,2013,20.5,%,Lower is better,8,22.9625,6.4375,28.03,Worse,Raleigh,14.5,Dallas,29.5
Denver,"Denver County, CO",Children in Poverty,Social & economic,2015,2013,28.7,%,Lower is better,8,22.9625,6.4375,28.03,Worse,Raleigh,14.5,Dallas,29.5
Atlanta,"Fulton County, GA",Children in Poverty,Social & economic,2015,2013,25.6,%,Lower is better,8,22.9625,6.4375,28.03,Worse,Raleigh,14.5,Dallas,29.5
Fort Worth,"Tarrant County, TX",Children in Poverty,Social & economic,2015,2013,21.5,%,Lower is better,8,22.9625,6.4375,28.03,Worse,Raleigh,14.5,Dallas,29.5
Dallas,"Dallas County, TX",Children in Poverty,Social & economic,2015,2013,29.5,%,Lower is better,8,22.9625,6.4375,28.03,Worse,Raleigh,14.5,Dallas,29.5
Nashville,"Davidson County, TN",Children in Poverty,Social & economic,2015,2013,29.4,%,Lower is better,8,22.9625,6.4375,28.03,Worse,Raleigh,14.5,Dallas,29.5
Austin,"Travis County, TX",Unemployment,Social & economic,2015,2013,5.1447784592,%,Lower is better,5,6.778792,-0.250254,-3.69,Better,Austin,5.1447784592,Atlanta,8.5750859624
Raleigh,"Wake County, NC",Unemployment,Social & economic,2015,2013,6.2008568953,%,Lower is better,5,6.778792,-0.250254,-3.69,Better,Austin,5.1447784592,Atlanta,8.5750859624
Durham,"Durham County, NC",Unemployment,Social & economic,2015,2013,6.4049261286,%,Lower is better,5,6.778792,-0.250254,-3.69,Better,Austin,5.1447784592,Atlanta,8.5750859624
Charlotte,"Mecklenburg County, NC",Unemployment,Social & economic,2015,2013,8.0322623256,%,Lower is better,5,6.778792,-0.250254,-3.69,Better,Austin,5.1447784592,Atlanta,8.5750859624
Denver,"Denver County, CO",Unemployment,Social & economic,2015,2013,7.0263251586,%,Lower is better,5,6.778792,-0.250254,-3.69,Better,Austin,5.1447784592,Atlanta,8.5750859624
Atlanta,"Fulton County, GA",Unemployment,Social & economic,2015,2013,8.5750859624,%,Lower is better,5,6.778792,-0.250254,-3.69,Better,Austin,5.1447784592,Atlanta,8.5750859624
Fort Worth,"Tarrant County, TX",Unemployment,Social & economic,2015,2013,6.1306558551,%,Lower is better,5,6.778792,-0.250254,-3.69,Better,Austin,5.1447784592,Atlanta,8.5750859624
Dallas,"Dallas County, TX",Unemployment,Social & economic,2015,2013,6.7154489556,%,Lower is better,5,6.778792,-0.250254,-3.69,Better,Austin,5.1447784592,Atlanta,8.5750859624
Nashville,"Davidson County, TN",Unemployment,Social & economic,2015,2013,6.5285382706,%,Lower is better,5,6.778792,-0.250254,-3.69,Better,Austin,5.1447784592,Atlanta,8.5750859624
Austin,"Travis County, TX",Median Household Income,Social & economic,2015,2013,60372,USD,Higher is better,9,55528.875,-8289.875,-14.93,Worse,Raleigh,65433,Nashville,47239
Raleigh,"Wake County, NC",Median Household Income,Social & economic,2015,2013,65433,USD,Higher is better,9,55528.875,-8289.875,-14.93,Worse,Raleigh,65433,Nashville,47239
Durham,"Durham County, NC",Median Household Income,Social & economic,2015,2013,52331,USD,Higher is better,9,55528.875,-8289.875,-14.93,Worse,Raleigh,65433,Nashville,47239
Charlotte,"Mecklenburg County, NC",Median Household Income,Social & economic,2015,2013,54657,USD,Higher is better,9,55528.875,-8289.875,-14.93,Worse,Raleigh,65433,Nashville,47239
Denver,"Denver County, CO",Median Household Income,Social & economic,2015,2013,51156,USD,Higher is better,9,55528.875,-8289.875,-14.93,Worse,Raleigh,65433,Nashville,47239
Atlanta,"Fulton County, GA",Median Household Income,Social & economic,2015,2013,55474,USD,Higher is better,9,55528.875,-8289.875,-14.93,Worse,Raleigh,65433,Nashville,47239
Fort Worth,"Tarrant County, TX",Median Household Income,Social & economic,2015,2013,56906,USD,Higher is better,9,55528.875,-8289.875,-14.93,Worse,Raleigh,65433,Nashville,47239
Dallas,"Dallas County, TX",Median Household Income,Social & economic,2015,2013,47902,USD,Higher is better,9,55528.875,-8289.875,-14.93,Worse,Raleigh,65433,Nashville,47239
Nashville,"Davidson County, TN",Median Household Income,Social & economic,2015,2013,47239,USD,Higher is better,9,55528.875,-8289.875,-14.93,Worse,Raleigh,65433,Nashville,47239
Austin,"Travis County, TX",High School Completion,Social & economic,2015,,,%,Higher is better,,,,,,,,,
Raleigh,"Wake County, NC",High School Completion,Social & economic,2015,,,%,Higher is better,,,,,,,,,
Durham,"Durham County, NC",High School Completion,Social & economic,2015,,,%,Higher is better,,,,,,,,,
Charlotte,"Mecklenburg County, NC",High School Completion,Social & economic,2015,,,%,Higher is better,,,,,,,,,
Denver,"Denver County, CO",High School Completion,Social & economic,2015,,,%,Higher is better,,,,,,,,,
Atlanta,"Fulton County, GA",High School Completion,Social & economic,2015,,,%,Higher is better,,,,,,,,,
Fort Worth,"Tarrant County, TX",High School Completion,Social & economic,2015,,,%,Higher is better,,,,,,,,,
Dallas,"Dallas County, TX",High School Completion,Social & economic,2015,,,%,Higher is better,,,,,,,,,
Nashville,"Davidson County, TN",High School Completion,Social & economic,2015,,,%,Higher is better,,,,,,,,,
Austin,"Travis County, TX",Income Inequality,Social & economic,2015,2009-2013,4.8589597261,80th/20th percentile income ratio,Lower is better,3,4.944219,-0.381299,-7.71,Better,Raleigh,4.252697991,Atlanta,6.3235683143
Raleigh,"Wake County, NC",Income Inequality,Social & economic,2015,2009-2013,4.252697991,80th/20th percentile income ratio,Lower is better,3,4.944219,-0.381299,-7.71,Better,Raleigh,4.252697991,Atlanta,6.3235683143
Durham,"Durham County, NC",Income Inequality,Social & economic,2015,2009-2013,4.8886015149,80th/20th percentile income ratio,Lower is better,3,4.944219,-0.381299,-7.71,Better,Raleigh,4.252697991,Atlanta,6.3235683143
Charlotte,"Mecklenburg County, NC",Income Inequality,Social & economic,2015,2009-2013,4.683642677,80th/20th percentile income ratio,Lower is better,3,4.944219,-0.381299,-7.71,Better,Raleigh,4.252697991,Atlanta,6.3235683143
Denver,"Denver County, CO",Income Inequality,Social & economic,2015,2009-2013,5.4218211316,80th/20th percentile income ratio,Lower is better,3,4.944219,-0.381299,-7.71,Better,Raleigh,4.252697991,Atlanta,6.3235683143
Atlanta,"Fulton County, GA",Income Inequality,Social & economic,2015,2009-2013,6.3235683143,80th/20th percentile income ratio,Lower is better,3,4.944219,-0.381299,-7.71,Better,Raleigh,4.252697991,Atlanta,6.3235683143
Fort Worth,"Tarrant County, TX",Income Inequality,Social & economic,2015,2009-2013,4.4583467612,80th/20th percentile income ratio,Lower is better,3,4.944219,-0.381299,-7.71,Better,Raleigh,4.252697991,Atlanta,6.3235683143
Dallas,"Dallas County, TX",Income Inequality,Social & economic,2015,2009-2013,4.6661137987,80th/20th percentile income ratio,Lower is better,3,4.944219,-0.381299,-7.71,Better,Raleigh,4.252697991,Atlanta,6.3235683143
Nashville,"Davidson County, TN",Income Inequality,Social & economic,2015,2009-2013,4.5629200805,80th/20th percentile income ratio,Lower is better,3,4.944219,-0.381299,-7.71,Better,Raleigh,4.252697991,Atlanta,6.3235683143
Austin,"Travis County, TX",Severe Housing Problems,Physical environment,2015,2007-2011,20.95301241,%,Lower is better,5,19.040427,-0.536629,-2.82,Better,Raleigh,14.313490876,Dallas,22.153295308
Raleigh,"Wake County, NC",Severe Housing Problems,Physical environment,2015,2007-2011,14.313490876,%,Lower is better,5,19.040427,-0.536629,-2.82,Better,Raleigh,14.313490876,Dallas,22.153295308
Durham,"Durham County, NC",Severe Housing Problems,Physical environment,2015,2007-2011,18.34344377,%,Lower is better,5,19.040427,-0.536629,-2.82,Better,Raleigh,14.313490876,Dallas,22.153295308
Charlotte,"Mecklenburg County, NC",Severe Housing Problems,Physical environment,2015,2007-2011,17.157790015,%,Lower is better,5,19.040427,-0.536629,-2.82,Better,Raleigh,14.313490876,Dallas,22.153295308
Denver,"Denver County, CO",Severe Housing Problems,Physical environment,2015,2007-2011,21.020416069,%,Lower is better,5,19.040427,-0.536629,-2.82,Better,Raleigh,14.313490876,Dallas,22.153295308
Atlanta,"Fulton County, GA",Severe Housing Problems,Physical environment,2015,2007-2011,20.94565712,%,Lower is better,5,19.040427,-0.536629,-2.82,Better,Raleigh,14.313490876,Dallas,22.153295308
Fort Worth,"Tarrant County, TX",Severe Housing Problems,Physical environment,2015,2007-2011,17.436307587,%,Lower is better,5,19.040427,-0.536629,-2.82,Better,Raleigh,14.313490876,Dallas,22.153295308
Dallas,"Dallas County, TX",Severe Housing Problems,Physical environment,2015,2007-2011,22.153295308,%,Lower is better,5,19.040427,-0.536629,-2.82,Better,Raleigh,14.313490876,Dallas,22.153295308
Nashville,"Davidson County, TN",Severe Housing Problems,Physical environment,2015,2007-2011,18.503797568,%,Lower is better,5,19.040427,-0.536629,-2.82,Better,Raleigh,14.313490876,Dallas,22.153295308
Austin,"Travis County, TX",Air Pollution – Particulate Matter,Physical environment,2015,2011,8.77,µg/m³ PM2.5,Lower is better,9,11.4975,2.9625,25.77,Worse,Austin,8.77,Nashville,14.46
Raleigh,"Wake County, NC",Air Pollution – Particulate Matter,Physical environment,2015,2011,12.15,µg/m³ PM2.5,Lower is better,9,11.4975,2.9625,25.77,Worse,Austin,8.77,Nashville,14.46
Durham,"Durham County, NC",Air Pollution – Particulate Matter,Physical environment,2015,2011,12.27,µg/m³ PM2.5,Lower is better,9,11.4975,2.9625,25.77,Worse,Austin,8.77,Nashville,14.46
Charlotte,"Mecklenburg County, NC",Air Pollution – Particulate Matter,Physical environment,2015,2011,12.64,µg/m³ PM2.5,Lower is better,9,11.4975,2.9625,25.77,Worse,Austin,8.77,Nashville,14.46
Denver,"Denver County, CO",Air Pollution – Particulate Matter,Physical environment,2015,2011,13.26,µg/m³ PM2.5,Lower is better,9,11.4975,2.9625,25.77,Worse,Austin,8.77,Nashville,14.46
Atlanta,"Fulton County, GA",Air Pollution – Particulate Matter,Physical environment,2015,2011,13.21,µg/m³ PM2.5,Lower is better,9,11.4975,2.9625,25.77,Worse,Austin,8.77,Nashville,14.46
Fort Worth,"Tarrant County, TX",Air Pollution – Particulate Matter,Physical environment,2015,2011,9.82,µg/m³ PM2.5,Lower is better,9,11.4975,2.9625,25.77,Worse,Austin,8.77,Nashville,14.46
Dallas,"Dallas County, TX",Air Pollution – Particulate Matter,Physical environment,2015,2011,9.86,µg/m³ PM2.5,Lower is better,9,11.4975,2.9625,25.77,Worse,Austin,8.77,Nashville,14.46
Nashville,"Davidson County, TN",Air Pollution – Particulate Matter,Physical environment,2015,2011,14.46,µg/m³ PM2.5,Lower is better,9,11.4975,2.9625,25.77,Worse,Austin,8.77,Nashville,14.46
Austin,"Travis County, TX",Suicide Rate,Health outcomes / well-being,2015,,,"deaths per 100,000 population",Lower is better,,,,,,,,,
Raleigh,"Wake County, NC",Suicide Rate,Health outcomes / well-being,2015,,,"deaths per 100,000 population",Lower is better,,,,,,,,,
Durham,"Durham County, NC",Suicide Rate,Health outcomes / well-being,2015,,,"deaths per 100,000 population",Lower is better,,,,,,,,,
Charlotte,"Mecklenburg County, NC",Suicide Rate,Health outcomes / well-being,2015,,,"deaths per 100,000 population",Lower is better,,,,,,,,,
Denver,"Denver County, CO",Suicide Rate,Health outcomes / well-being,2015,,,"deaths per 100,000 population",Lower is better,,,,,,,,,
Atlanta,"Fulton County, GA",Suicide Rate,Health outcomes / well-being,2015,,,"deaths per 100,000 population",Lower is better,,,,,,,,,
Fort Worth,"Tarrant County, TX",Suicide Rate,Health outcomes / well-being,2015,,,"deaths per 100,000 population",Lower is better,,,,,,,,,
Dallas,"Dallas County, TX",Suicide Rate,Health outcomes / well-being,2015,,,"deaths per 100,000 population",Lower is better,,,,,,,,,
Nashville,"Davidson County, TN",Suicide Rate,Health outcomes / well-being,2015,,,"deaths per 100,000 population",Lower is better,,,,,,,,,
Austin,"Travis County, TX",Teen Birth Rate,Health behaviors,2015,2006-2012,44.802387588,"births per 1,000 females ages 15–19",Lower is better,6,45.883771,-0.947341,-2.06,Better,Raleigh,24.471565477,Denver,64.971316193
Raleigh,"Wake County, NC",Teen Birth Rate,Health behaviors,2015,2006-2012,24.471565477,"births per 1,000 females ages 15–19",Lower is better,6,45.883771,-0.947341,-2.06,Better,Raleigh,24.471565477,Denver,64.971316193
Durham,"Durham County, NC",Teen Birth Rate,Health behaviors,2015,2006-2012,39.248434238,"births per 1,000 females ages 15–19",Lower is better,6,45.883771,-0.947341,-2.06,Better,Raleigh,24.471565477,Denver,64.971316193
Charlotte,"Mecklenburg County, NC",Teen Birth Rate,Health behaviors,2015,2006-2012,37.335331818,"births per 1,000 females ages 15–19",Lower is better,6,45.883771,-0.947341,-2.06,Better,Raleigh,24.471565477,Denver,64.971316193
Denver,"Denver County, CO",Teen Birth Rate,Health behaviors,2015,2006-2012,64.971316193,"births per 1,000 females ages 15–19",Lower is better,6,45.883771,-0.947341,-2.06,Better,Raleigh,24.471565477,Denver,64.971316193
Atlanta,"Fulton County, GA",Teen Birth Rate,Health behaviors,2015,2006-2012,41.495208374,"births per 1,000 females ages 15–19",Lower is better,6,45.883771,-0.947341,-2.06,Better,Raleigh,24.471565477,Denver,64.971316193
Fort Worth,"Tarrant County, TX",Teen Birth Rate,Health behaviors,2015,2006-2012,50.112895561,"births per 1,000 females ages 15–19",Lower is better,6,45.883771,-0.947341,-2.06,Better,Raleigh,24.471565477,Denver,64.971316193
Dallas,"Dallas County, TX",Teen Birth Rate,Health behaviors,2015,2006-2012,64.633028165,"births per 1,000 females ages 15–19",Lower is better,6,45.883771,-0.947341,-2.06,Better,Raleigh,24.471565477,Denver,64.971316193
Nashville,"Davidson County, TN",Teen Birth Rate,Health behaviors,2015,2006-2012,44.936429751,"births per 1,000 females ages 15–19",Lower is better,6,45.883771,-0.947341,-2.06,Better,Raleigh,24.471565477,Denver,64.971316193
Austin,"Travis County, TX",Injury Deaths,Health outcomes / well-being,2015,2008-2012,52.764099987,"deaths per 100,000 population",Lower is better,8,52.396745,21.423874,40.89,Worse,Raleigh,36.037709151,Denver,84.362246917
Raleigh,"Wake County, NC",Injury Deaths,Health outcomes / well-being,2015,2008-2012,36.037709151,"deaths per 100,000 population",Lower is better,8,52.396745,21.423874,40.89,Worse,Raleigh,36.037709151,Denver,84.362246917
Durham,"Durham County, NC",Injury Deaths,Health outcomes / well-being,2015,2008-2012,52.106097231,"deaths per 100,000 population",Lower is better,8,52.396745,21.423874,40.89,Worse,Raleigh,36.037709151,Denver,84.362246917
Charlotte,"Mecklenburg County, NC",Injury Deaths,Health outcomes / well-being,2015,2008-2012,42.464706882,"deaths per 100,000 population",Lower is better,8,52.396745,21.423874,40.89,Worse,Raleigh,36.037709151,Denver,84.362246917
Denver,"Denver County, CO",Injury Deaths,Health outcomes / well-being,2015,2008-2012,84.362246917,"deaths per 100,000 population",Lower is better,8,52.396745,21.423874,40.89,Worse,Raleigh,36.037709151,Denver,84.362246917
Atlanta,"Fulton County, GA",Injury Deaths,Health outcomes / well-being,2015,2008-2012,55.986892303,"deaths per 100,000 population",Lower is better,8,52.396745,21.423874,40.89,Worse,Raleigh,36.037709151,Denver,84.362246917
Fort Worth,"Tarrant County, TX",Injury Deaths,Health outcomes / well-being,2015,2008-2012,44.890757003,"deaths per 100,000 population",Lower is better,8,52.396745,21.423874,40.89,Worse,Raleigh,36.037709151,Denver,84.362246917
Dallas,"Dallas County, TX",Injury Deaths,Health outcomes / well-being,2015,2008-2012,50.561454018,"deaths per 100,000 population",Lower is better,8,52.396745,21.423874,40.89,Worse,Raleigh,36.037709151,Denver,84.362246917
Nashville,"Davidson County, TN",Injury Deaths,Health outcomes / well-being,2015,2008-2012,73.820619393,"deaths per 100,000 population",Lower is better,8,52.396745,21.423874,40.89,Worse,Raleigh,36.037709151,Denver,84.362246917
Austin,"Travis County, TX",Broadband Access,Physical environment,2015,,,%,Higher is better,,,,,,,,,
Raleigh,"Wake County, NC",Broadband Access,Physical environment,2015,,,%,Higher is better,,,,,,,,,
Durham,"Durham County, NC",Broadband Access,Physical environment,2015,,,%,Higher is better,,,,,,,,,
Charlotte,"Mecklenburg County, NC",Broadband Access,Physical environment,2015,,,%,Higher is better,,,,,,,,,
Denver,"Denver County, CO",Broadband Access,Physical environment,2015,,,%,Higher is better,,,,,,,,,
Atlanta,"Fulton County, GA",Broadband Access,Physical environment,2015,,,%,Higher is better,,,,,,,,,
Fort Worth,"Tarrant County, TX",Broadband Access,Physical environment,2015,,,%,Higher is better,,,,,,,,,
Dallas,"Dallas County, TX",Broadband Access,Physical environment,2015,,,%,Higher is better,,,,,,,,,
Nashville,"Davidson County, TN",Broadband Access,Physical environment,2015,,,%,Higher is better,,,,,,,,,
Austin,"Travis County, TX",Severe Housing Cost Burden,Physical environment,2015,,,%,Lower is better,,,,,,,,,
Raleigh,"Wake County, NC",Severe Housing Cost Burden,Physical environment,2015,,,%,Lower is better,,,,,,,,,
Durham,"Durham County, NC",Severe Housing Cost Burden,Physical environment,2015,,,%,Lower is better,,,,,,,,,
Charlotte,"Mecklenburg County, NC",Severe Housing Cost Burden,Physical environment,2015,,,%,Lower is better,,,,,,,,,
Denver,"Denver County, CO",Severe Housing Cost Burden,Physical environment,2015,,,%,Lower is better,,,,,,,,,
Atlanta,"Fulton County, GA",Severe Housing Cost Burden,Physical environment,2015,,,%,Lower is better,,,,,,,,,
Fort Worth,"Tarrant County, TX",Severe Housing Cost Burden,Physical environment,2015,,,%,Lower is better,,,,,,,,,
Dallas,"Dallas County, TX",Severe Housing Cost Burden,Physical environment,2015,,,%,Lower is better,,,,,,,,,
Nashville,"Davidson County, TN",Severe Housing Cost Burden,Physical environment,2015,,,%,Lower is better,,,,,,,,,
Austin,"Travis County, TX",Life Expectancy,Health outcomes / well-being,2016,,,years,Higher is better,,,,,,,,,
Raleigh,"Wake County, NC",Life Expectancy,Health outcomes / well-being,2016,,,years,Higher is better,,,,,,,,,
Durham,"Durham County, NC",Life Expectancy,Health outcomes / well-being,2016,,,years,Higher is better,,,,,,,,,
Charlotte,"Mecklenburg County, NC",Life Expectancy,Health outcomes / well-being,2016,,,years,Higher is better,,,,,,,,,
Denver,"Denver County, CO",Life Expectancy,Health outcomes / well-being,2016,,,years,Higher is better,,,,,,,,,
Atlanta,"Fulton County, GA",Life Expectancy,Health outcomes / well-being,2016,,,years,Higher is better,,,,,,,,,
Fort Worth,"Tarrant County, TX",Life Expectancy,Health outcomes / well-being,2016,,,years,Higher is better,,,,,,,,,
Dallas,"Dallas County, TX",Life Expectancy,Health outcomes / well-being,2016,,,years,Higher is better,,,,,,,,,
Nashville,"Davidson County, TN",Life Expectancy,Health outcomes / well-being,2016,,,years,Higher is better,,,,,,,,,
Austin,"Travis County, TX",Infant Mortality,Health outcomes / well-being,2016,2006-2012,5.2049216606,"deaths per 1,000 live births",Lower is better,9,6.561418,0.987453,15.05,Worse,Austin,5.2049216606,Nashville,7.5488713056
Raleigh,"Wake County, NC",Infant Mortality,Health outcomes / well-being,2016,2006-2012,6.7743616467,"deaths per 1,000 live births",Lower is better,9,6.561418,0.987453,15.05,Worse,Austin,5.2049216606,Nashville,7.5488713056
Durham,"Durham County, NC",Infant Mortality,Health outcomes / well-being,2016,2006-2012,6.6697332107,"deaths per 1,000 live births",Lower is better,9,6.561418,0.987453,15.05,Worse,Austin,5.2049216606,Nashville,7.5488713056
Charlotte,"Mecklenburg County, NC",Infant Mortality,Health outcomes / well-being,2016,2006-2012,6.1074187174,"deaths per 1,000 live births",Lower is better,9,6.561418,0.987453,15.05,Worse,Austin,5.2049216606,Nashville,7.5488713056
Denver,"Denver County, CO",Infant Mortality,Health outcomes / well-being,2016,2006-2012,6.1504053676,"deaths per 1,000 live births",Lower is better,9,6.561418,0.987453,15.05,Worse,Austin,5.2049216606,Nashville,7.5488713056
Atlanta,"Fulton County, GA",Infant Mortality,Health outcomes / well-being,2016,2006-2012,6.9972252383,"deaths per 1,000 live births",Lower is better,9,6.561418,0.987453,15.05,Worse,Austin,5.2049216606,Nashville,7.5488713056
Fort Worth,"Tarrant County, TX",Infant Mortality,Health outcomes / well-being,2016,2006-2012,7.4196578464,"deaths per 1,000 live births",Lower is better,9,6.561418,0.987453,15.05,Worse,Austin,5.2049216606,Nashville,7.5488713056
Dallas,"Dallas County, TX",Infant Mortality,Health outcomes / well-being,2016,2006-2012,7.1676213187,"deaths per 1,000 live births",Lower is better,9,6.561418,0.987453,15.05,Worse,Austin,5.2049216606,Nashville,7.5488713056
Nashville,"Davidson County, TN",Infant Mortality,Health outcomes / well-being,2016,2006-2012,7.5488713056,"deaths per 1,000 live births",Lower is better,9,6.561418,0.987453,15.05,Worse,Austin,5.2049216606,Nashville,7.5488713056
Austin,"Travis County, TX",Poor or Fair Health,Health outcomes / well-being,2016,2014,14.8,%,Lower is better,8,16.4625,3.8375,23.31,Worse,Raleigh,13.8,Dallas,21.2
Raleigh,"Wake County, NC",Poor or Fair Health,Health outcomes / well-being,2016,2014,13.8,%,Lower is better,8,16.4625,3.8375,23.31,Worse,Raleigh,13.8,Dallas,21.2
Durham,"Durham County, NC",Poor or Fair Health,Health outcomes / well-being,2016,2014,18.2,%,Lower is better,8,16.4625,3.8375,23.31,Worse,Raleigh,13.8,Dallas,21.2
Charlotte,"Mecklenburg County, NC",Poor or Fair Health,Health outcomes / well-being,2016,2014,16.3,%,Lower is better,8,16.4625,3.8375,23.31,Worse,Raleigh,13.8,Dallas,21.2
Denver,"Denver County, CO",Poor or Fair Health,Health outcomes / well-being,2016,2014,15.2,%,Lower is better,8,16.4625,3.8375,23.31,Worse,Raleigh,13.8,Dallas,21.2
Atlanta,"Fulton County, GA",Poor or Fair Health,Health outcomes / well-being,2016,2014,14.9,%,Lower is better,8,16.4625,3.8375,23.31,Worse,Raleigh,13.8,Dallas,21.2
Fort Worth,"Tarrant County, TX",Poor or Fair Health,Health outcomes / well-being,2016,2014,17.3,%,Lower is better,8,16.4625,3.8375,23.31,Worse,Raleigh,13.8,Dallas,21.2
Dallas,"Dallas County, TX",Poor or Fair Health,Health outcomes / well-being,2016,2014,21.2,%,Lower is better,8,16.4625,3.8375,23.31,Worse,Raleigh,13.8,Dallas,21.2
Nashville,"Davidson County, TN",Poor or Fair Health,Health outcomes / well-being,2016,2014,20.3,%,Lower is better,8,16.4625,3.8375,23.31,Worse,Raleigh,13.8,Dallas,21.2
Austin,"Travis County, TX",Poor Physical Health Days,Health outcomes / well-being,2016,2014,3,days per month,Lower is better,7,3.4375,1.1625,33.82,Worse,Austin,3,Nashville,4.6
Raleigh,"Wake County, NC",Poor Physical Health Days,Health outcomes / well-being,2016,2014,3.2,days per month,Lower is better,7,3.4375,1.1625,33.82,Worse,Austin,3,Nashville,4.6
Durham,"Durham County, NC",Poor Physical Health Days,Health outcomes / well-being,2016,2014,3.6,days per month,Lower is better,7,3.4375,1.1625,33.82,Worse,Austin,3,Nashville,4.6
Charlotte,"Mecklenburg County, NC",Poor Physical Health Days,Health outcomes / well-being,2016,2014,3.4,days per month,Lower is better,7,3.4375,1.1625,33.82,Worse,Austin,3,Nashville,4.6
Denver,"Denver County, CO",Poor Physical Health Days,Health outcomes / well-being,2016,2014,3.7,days per month,Lower is better,7,3.4375,1.1625,33.82,Worse,Austin,3,Nashville,4.6
Atlanta,"Fulton County, GA",Poor Physical Health Days,Health outcomes / well-being,2016,2014,3.5,days per month,Lower is better,7,3.4375,1.1625,33.82,Worse,Austin,3,Nashville,4.6
Fort Worth,"Tarrant County, TX",Poor Physical Health Days,Health outcomes / well-being,2016,2014,3.4,days per month,Lower is better,7,3.4375,1.1625,33.82,Worse,Austin,3,Nashville,4.6
Dallas,"Dallas County, TX",Poor Physical Health Days,Health outcomes / well-being,2016,2014,3.7,days per month,Lower is better,7,3.4375,1.1625,33.82,Worse,Austin,3,Nashville,4.6
Nashville,"Davidson County, TN",Poor Physical Health Days,Health outcomes / well-being,2016,2014,4.6,days per month,Lower is better,7,3.4375,1.1625,33.82,Worse,Austin,3,Nashville,4.6
Austin,"Travis County, TX",Poor Mental Health Days,Health outcomes / well-being,2016,2014,2.8,days per month,Lower is better,7,3.275,1.125,34.35,Worse,Austin,2.8,Nashville,4.4
Raleigh,"Wake County, NC",Poor Mental Health Days,Health outcomes / well-being,2016,2014,3.3,days per month,Lower is better,7,3.275,1.125,34.35,Worse,Austin,2.8,Nashville,4.4
Durham,"Durham County, NC",Poor Mental Health Days,Health outcomes / well-being,2016,2014,3.5,days per month,Lower is better,7,3.275,1.125,34.35,Worse,Austin,2.8,Nashville,4.4
Charlotte,"Mecklenburg County, NC",Poor Mental Health Days,Health outcomes / well-being,2016,2014,3.4,days per month,Lower is better,7,3.275,1.125,34.35,Worse,Austin,2.8,Nashville,4.4
Denver,"Denver County, CO",Poor Mental Health Days,Health outcomes / well-being,2016,2014,3.4,days per month,Lower is better,7,3.275,1.125,34.35,Worse,Austin,2.8,Nashville,4.4
Atlanta,"Fulton County, GA",Poor Mental Health Days,Health outcomes / well-being,2016,2014,3.5,days per month,Lower is better,7,3.275,1.125,34.35,Worse,Austin,2.8,Nashville,4.4
Fort Worth,"Tarrant County, TX",Poor Mental Health Days,Health outcomes / well-being,2016,2014,3.1,days per month,Lower is better,7,3.275,1.125,34.35,Worse,Austin,2.8,Nashville,4.4
Dallas,"Dallas County, TX",Poor Mental Health Days,Health outcomes / well-being,2016,2014,3.2,days per month,Lower is better,7,3.275,1.125,34.35,Worse,Austin,2.8,Nashville,4.4
Nashville,"Davidson County, TN",Poor Mental Health Days,Health outcomes / well-being,2016,2014,4.4,days per month,Lower is better,7,3.275,1.125,34.35,Worse,Austin,2.8,Nashville,4.4
Austin,"Travis County, TX",Adult Obesity,Health outcomes / well-being,2016,2012,20.4,%,Lower is better,9,24.0625,7.4375,30.91,Worse,Denver,17,Nashville,31.5
Raleigh,"Wake County, NC",Adult Obesity,Health outcomes / well-being,2016,2012,24.9,%,Lower is better,9,24.0625,7.4375,30.91,Worse,Denver,17,Nashville,31.5
Durham,"Durham County, NC",Adult Obesity,Health outcomes / well-being,2016,2012,28.2,%,Lower is better,9,24.0625,7.4375,30.91,Worse,Denver,17,Nashville,31.5
Charlotte,"Mecklenburg County, NC",Adult Obesity,Health outcomes / well-being,2016,2012,23.5,%,Lower is better,9,24.0625,7.4375,30.91,Worse,Denver,17,Nashville,31.5
Denver,"Denver County, CO",Adult Obesity,Health outcomes / well-being,2016,2012,17,%,Lower is better,9,24.0625,7.4375,30.91,Worse,Denver,17,Nashville,31.5
Atlanta,"Fulton County, GA",Adult Obesity,Health outcomes / well-being,2016,2012,22.4,%,Lower is better,9,24.0625,7.4375,30.91,Worse,Denver,17,Nashville,31.5
Fort Worth,"Tarrant County, TX",Adult Obesity,Health outcomes / well-being,2016,2012,28.1,%,Lower is better,9,24.0625,7.4375,30.91,Worse,Denver,17,Nashville,31.5
Dallas,"Dallas County, TX",Adult Obesity,Health outcomes / well-being,2016,2012,28,%,Lower is better,9,24.0625,7.4375,30.91,Worse,Denver,17,Nashville,31.5
Nashville,"Davidson County, TN",Adult Obesity,Health outcomes / well-being,2016,2012,31.5,%,Lower is better,9,24.0625,7.4375,30.91,Worse,Denver,17,Nashville,31.5
Austin,"Travis County, TX",Diabetes Prevalence,Health outcomes / well-being,2016,2012,8.1,%,Lower is better,7,9.275,1.425,15.36,Worse,Denver,6.8,Dallas,11.1
Raleigh,"Wake County, NC",Diabetes Prevalence,Health outcomes / well-being,2016,2012,8,%,Lower is better,7,9.275,1.425,15.36,Worse,Denver,6.8,Dallas,11.1
Durham,"Durham County, NC",Diabetes Prevalence,Health outcomes / well-being,2016,2012,9.8,%,Lower is better,7,9.275,1.425,15.36,Worse,Denver,6.8,Dallas,11.1
Charlotte,"Mecklenburg County, NC",Diabetes Prevalence,Health outcomes / well-being,2016,2012,9.4,%,Lower is better,7,9.275,1.425,15.36,Worse,Denver,6.8,Dallas,11.1
Denver,"Denver County, CO",Diabetes Prevalence,Health outcomes / well-being,2016,2012,6.8,%,Lower is better,7,9.275,1.425,15.36,Worse,Denver,6.8,Dallas,11.1
Atlanta,"Fulton County, GA",Diabetes Prevalence,Health outcomes / well-being,2016,2012,10.8,%,Lower is better,7,9.275,1.425,15.36,Worse,Denver,6.8,Dallas,11.1
Fort Worth,"Tarrant County, TX",Diabetes Prevalence,Health outcomes / well-being,2016,2012,10.2,%,Lower is better,7,9.275,1.425,15.36,Worse,Denver,6.8,Dallas,11.1
Dallas,"Dallas County, TX",Diabetes Prevalence,Health outcomes / well-being,2016,2012,11.1,%,Lower is better,7,9.275,1.425,15.36,Worse,Denver,6.8,Dallas,11.1
Nashville,"Davidson County, TN",Diabetes Prevalence,Health outcomes / well-being,2016,2012,10.7,%,Lower is better,7,9.275,1.425,15.36,Worse,Denver,6.8,Dallas,11.1
Austin,"Travis County, TX",Adult Smoking,Health behaviors,2016,2014,11.8,%,Lower is better,9,14.95,7.45,49.83,Worse,Austin,11.8,Nashville,22.4
Raleigh,"Wake County, NC",Adult Smoking,Health behaviors,2016,2014,15.1,%,Lower is better,9,14.95,7.45,49.83,Worse,Austin,11.8,Nashville,22.4
Durham,"Durham County, NC",Adult Smoking,Health behaviors,2016,2014,16.6,%,Lower is better,9,14.95,7.45,49.83,Worse,Austin,11.8,Nashville,22.4
Charlotte,"Mecklenburg County, NC",Adult Smoking,Health behaviors,2016,2014,15.8,%,Lower is better,9,14.95,7.45,49.83,Worse,Austin,11.8,Nashville,22.4
Denver,"Denver County, CO",Adult Smoking,Health behaviors,2016,2014,16.4,%,Lower is better,9,14.95,7.45,49.83,Worse,Austin,11.8,Nashville,22.4
Atlanta,"Fulton County, GA",Adult Smoking,Health behaviors,2016,2014,14.1,%,Lower is better,9,14.95,7.45,49.83,Worse,Austin,11.8,Nashville,22.4
Fort Worth,"Tarrant County, TX",Adult Smoking,Health behaviors,2016,2014,14.5,%,Lower is better,9,14.95,7.45,49.83,Worse,Austin,11.8,Nashville,22.4
Dallas,"Dallas County, TX",Adult Smoking,Health behaviors,2016,2014,15.3,%,Lower is better,9,14.95,7.45,49.83,Worse,Austin,11.8,Nashville,22.4
Nashville,"Davidson County, TN",Adult Smoking,Health behaviors,2016,2014,22.4,%,Lower is better,9,14.95,7.45,49.83,Worse,Austin,11.8,Nashville,22.4
Austin,"Travis County, TX",Physical Inactivity,Health behaviors,2016,2012,15.5,%,Lower is better,8,19.6625,6.1375,31.21,Worse,Denver,12.6,Fort Worth,25.9
Raleigh,"Wake County, NC",Physical Inactivity,Health behaviors,2016,2012,18.3,%,Lower is better,8,19.6625,6.1375,31.21,Worse,Denver,12.6,Fort Worth,25.9
Durham,"Durham County, NC",Physical Inactivity,Health behaviors,2016,2012,20.9,%,Lower is better,8,19.6625,6.1375,31.21,Worse,Denver,12.6,Fort Worth,25.9
Charlotte,"Mecklenburg County, NC",Physical Inactivity,Health behaviors,2016,2012,20.6,%,Lower is better,8,19.6625,6.1375,31.21,Worse,Denver,12.6,Fort Worth,25.9
Denver,"Denver County, CO",Physical Inactivity,Health behaviors,2016,2012,12.6,%,Lower is better,8,19.6625,6.1375,31.21,Worse,Denver,12.6,Fort Worth,25.9
Atlanta,"Fulton County, GA",Physical Inactivity,Health behaviors,2016,2012,18.7,%,Lower is better,8,19.6625,6.1375,31.21,Worse,Denver,12.6,Fort Worth,25.9
Fort Worth,"Tarrant County, TX",Physical Inactivity,Health behaviors,2016,2012,25.9,%,Lower is better,8,19.6625,6.1375,31.21,Worse,Denver,12.6,Fort Worth,25.9
Dallas,"Dallas County, TX",Physical Inactivity,Health behaviors,2016,2012,24.8,%,Lower is better,8,19.6625,6.1375,31.21,Worse,Denver,12.6,Fort Worth,25.9
Nashville,"Davidson County, TN",Physical Inactivity,Health behaviors,2016,2012,25.8,%,Lower is better,8,19.6625,6.1375,31.21,Worse,Denver,12.6,Fort Worth,25.9
Austin,"Travis County, TX",Excessive Drinking,Health behaviors,2016,2014,23,%,Lower is better,1,18.475,-4.575,-24.76,Better,Nashville,13.9,Denver,23.5
Raleigh,"Wake County, NC",Excessive Drinking,Health behaviors,2016,2014,17.7,%,Lower is better,1,18.475,-4.575,-24.76,Better,Nashville,13.9,Denver,23.5
Durham,"Durham County, NC",Excessive Drinking,Health behaviors,2016,2014,15.3,%,Lower is better,1,18.475,-4.575,-24.76,Better,Nashville,13.9,Denver,23.5
Charlotte,"Mecklenburg County, NC",Excessive Drinking,Health behaviors,2016,2014,17,%,Lower is better,1,18.475,-4.575,-24.76,Better,Nashville,13.9,Denver,23.5
Denver,"Denver County, CO",Excessive Drinking,Health behaviors,2016,2014,23.5,%,Lower is better,1,18.475,-4.575,-24.76,Better,Nashville,13.9,Denver,23.5
Atlanta,"Fulton County, GA",Excessive Drinking,Health behaviors,2016,2014,17.7,%,Lower is better,1,18.475,-4.575,-24.76,Better,Nashville,13.9,Denver,23.5
Fort Worth,"Tarrant County, TX",Excessive Drinking,Health behaviors,2016,2014,16.8,%,Lower is better,1,18.475,-4.575,-24.76,Better,Nashville,13.9,Denver,23.5
Dallas,"Dallas County, TX",Excessive Drinking,Health behaviors,2016,2014,16.8,%,Lower is better,1,18.475,-4.575,-24.76,Better,Nashville,13.9,Denver,23.5
Nashville,"Davidson County, TN",Excessive Drinking,Health behaviors,2016,2014,13.9,%,Lower is better,1,18.475,-4.575,-24.76,Better,Nashville,13.9,Denver,23.5
Austin,"Travis County, TX",Insufficient Sleep,Health behaviors,2016,2014,28.5,%,Lower is better,8,32.3125,3.4875,10.79,Worse,Denver,27.9,Atlanta,38.2
Raleigh,"Wake County, NC",Insufficient Sleep,Health behaviors,2016,2014,30.3,%,Lower is better,8,32.3125,3.4875,10.79,Worse,Denver,27.9,Atlanta,38.2
Durham,"Durham County, NC",Insufficient Sleep,Health behaviors,2016,2014,32.9,%,Lower is better,8,32.3125,3.4875,10.79,Worse,Denver,27.9,Atlanta,38.2
Charlotte,"Mecklenburg County, NC",Insufficient Sleep,Health behaviors,2016,2014,33.1,%,Lower is better,8,32.3125,3.4875,10.79,Worse,Denver,27.9,Atlanta,38.2
Denver,"Denver County, CO",Insufficient Sleep,Health behaviors,2016,2014,27.9,%,Lower is better,8,32.3125,3.4875,10.79,Worse,Denver,27.9,Atlanta,38.2
Atlanta,"Fulton County, GA",Insufficient Sleep,Health behaviors,2016,2014,38.2,%,Lower is better,8,32.3125,3.4875,10.79,Worse,Denver,27.9,Atlanta,38.2
Fort Worth,"Tarrant County, TX",Insufficient Sleep,Health behaviors,2016,2014,33.9,%,Lower is better,8,32.3125,3.4875,10.79,Worse,Denver,27.9,Atlanta,38.2
Dallas,"Dallas County, TX",Insufficient Sleep,Health behaviors,2016,2014,33.7,%,Lower is better,8,32.3125,3.4875,10.79,Worse,Denver,27.9,Atlanta,38.2
Nashville,"Davidson County, TN",Insufficient Sleep,Health behaviors,2016,2014,35.8,%,Lower is better,8,32.3125,3.4875,10.79,Worse,Denver,27.9,Atlanta,38.2
Austin,"Travis County, TX",Food Insecurity,Health behaviors,2016,2013,17.8,%,Lower is better,3,17.65,-0.25,-1.42,Better,Raleigh,14.4,Dallas,19.6
Raleigh,"Wake County, NC",Food Insecurity,Health behaviors,2016,2013,14.4,%,Lower is better,3,17.65,-0.25,-1.42,Better,Raleigh,14.4,Dallas,19.6
Durham,"Durham County, NC",Food Insecurity,Health behaviors,2016,2013,18.2,%,Lower is better,3,17.65,-0.25,-1.42,Better,Raleigh,14.4,Dallas,19.6
Charlotte,"Mecklenburg County, NC",Food Insecurity,Health behaviors,2016,2013,17.5,%,Lower is better,3,17.65,-0.25,-1.42,Better,Raleigh,14.4,Dallas,19.6
Denver,"Denver County, CO",Food Insecurity,Health behaviors,2016,2013,15.7,%,Lower is better,3,17.65,-0.25,-1.42,Better,Raleigh,14.4,Dallas,19.6
Atlanta,"Fulton County, GA",Food Insecurity,Health behaviors,2016,2013,19.5,%,Lower is better,3,17.65,-0.25,-1.42,Better,Raleigh,14.4,Dallas,19.6
Fort Worth,"Tarrant County, TX",Food Insecurity,Health behaviors,2016,2013,18.5,%,Lower is better,3,17.65,-0.25,-1.42,Better,Raleigh,14.4,Dallas,19.6
Dallas,"Dallas County, TX",Food Insecurity,Health behaviors,2016,2013,19.6,%,Lower is better,3,17.65,-0.25,-1.42,Better,Raleigh,14.4,Dallas,19.6
Nashville,"Davidson County, TN",Food Insecurity,Health behaviors,2016,2013,17.4,%,Lower is better,3,17.65,-0.25,-1.42,Better,Raleigh,14.4,Dallas,19.6
Austin,"Travis County, TX",Drug Overdose Deaths,Health behaviors,2016,2012-2014,13.154444762,"deaths per 100,000 population",Lower is better,8,11.226422,7.353561,65.50,Worse,Raleigh,7.179165651,Denver,19.459628203
Raleigh,"Wake County, NC",Drug Overdose Deaths,Health behaviors,2016,2012-2014,7.179165651,"deaths per 100,000 population",Lower is better,8,11.226422,7.353561,65.50,Worse,Raleigh,7.179165651,Denver,19.459628203
Durham,"Durham County, NC",Drug Overdose Deaths,Health behaviors,2016,2012-2014,8.3504013992,"deaths per 100,000 population",Lower is better,8,11.226422,7.353561,65.50,Worse,Raleigh,7.179165651,Denver,19.459628203
Charlotte,"Mecklenburg County, NC",Drug Overdose Deaths,Health behaviors,2016,2012-2014,8.9149137087,"deaths per 100,000 population",Lower is better,8,11.226422,7.353561,65.50,Worse,Raleigh,7.179165651,Denver,19.459628203
Denver,"Denver County, CO",Drug Overdose Deaths,Health behaviors,2016,2012-2014,19.459628203,"deaths per 100,000 population",Lower is better,8,11.226422,7.353561,65.50,Worse,Raleigh,7.179165651,Denver,19.459628203
Atlanta,"Fulton County, GA",Drug Overdose Deaths,Health behaviors,2016,2012-2014,12.134999332,"deaths per 100,000 population",Lower is better,8,11.226422,7.353561,65.50,Worse,Raleigh,7.179165651,Denver,19.459628203
Fort Worth,"Tarrant County, TX",Drug Overdose Deaths,Health behaviors,2016,2012-2014,9.1858992438,"deaths per 100,000 population",Lower is better,8,11.226422,7.353561,65.50,Worse,Raleigh,7.179165651,Denver,19.459628203
Dallas,"Dallas County, TX",Drug Overdose Deaths,Health behaviors,2016,2012-2014,11.431926634,"deaths per 100,000 population",Lower is better,8,11.226422,7.353561,65.50,Worse,Raleigh,7.179165651,Denver,19.459628203
Nashville,"Davidson County, TN",Drug Overdose Deaths,Health behaviors,2016,2012-2014,18.57998303,"deaths per 100,000 population",Lower is better,8,11.226422,7.353561,65.50,Worse,Raleigh,7.179165651,Denver,19.459628203
Austin,"Travis County, TX",Access to Exercise Opportunities,Health behaviors,2016,2010 & 2014,96.994921241,%,Higher is better,9,94.121437,-7.721977,-8.20,Worse,Denver,99.69358069,Nashville,86.399460012
Raleigh,"Wake County, NC",Access to Exercise Opportunities,Health behaviors,2016,2010 & 2014,91.290942327,%,Higher is better,9,94.121437,-7.721977,-8.20,Worse,Denver,99.69358069,Nashville,86.399460012
Durham,"Durham County, NC",Access to Exercise Opportunities,Health behaviors,2016,2010 & 2014,90.645659169,%,Higher is better,9,94.121437,-7.721977,-8.20,Worse,Denver,99.69358069,Nashville,86.399460012
Charlotte,"Mecklenburg County, NC",Access to Exercise Opportunities,Health behaviors,2016,2010 & 2014,89.494882713,%,Higher is better,9,94.121437,-7.721977,-8.20,Worse,Denver,99.69358069,Nashville,86.399460012
Denver,"Denver County, CO",Access to Exercise Opportunities,Health behaviors,2016,2010 & 2014,99.69358069,%,Higher is better,9,94.121437,-7.721977,-8.20,Worse,Denver,99.69358069,Nashville,86.399460012
Atlanta,"Fulton County, GA",Access to Exercise Opportunities,Health behaviors,2016,2010 & 2014,90.244964865,%,Higher is better,9,94.121437,-7.721977,-8.20,Worse,Denver,99.69358069,Nashville,86.399460012
Fort Worth,"Tarrant County, TX",Access to Exercise Opportunities,Health behaviors,2016,2010 & 2014,97.013544245,%,Higher is better,9,94.121437,-7.721977,-8.20,Worse,Denver,99.69358069,Nashville,86.399460012
Dallas,"Dallas County, TX",Access to Exercise Opportunities,Health behaviors,2016,2010 & 2014,97.593004465,%,Higher is better,9,94.121437,-7.721977,-8.20,Worse,Denver,99.69358069,Nashville,86.399460012
Nashville,"Davidson County, TN",Access to Exercise Opportunities,Health behaviors,2016,2010 & 2014,86.399460012,%,Higher is better,9,94.121437,-7.721977,-8.20,Worse,Denver,99.69358069,Nashville,86.399460012
Austin,"Travis County, TX",Uninsured,Clinical care,2016,2013,20.959809063,%,Lower is better,4,20.439052,-1.978931,-9.68,Better,Raleigh,14.378381918,Dallas,29.354793549
Raleigh,"Wake County, NC",Uninsured,Clinical care,2016,2013,14.378381918,%,Lower is better,4,20.439052,-1.978931,-9.68,Better,Raleigh,14.378381918,Dallas,29.354793549
Durham,"Durham County, NC",Uninsured,Clinical care,2016,2013,17.829836488,%,Lower is better,4,20.439052,-1.978931,-9.68,Better,Raleigh,14.378381918,Dallas,29.354793549
Charlotte,"Mecklenburg County, NC",Uninsured,Clinical care,2016,2013,18.523342632,%,Lower is better,4,20.439052,-1.978931,-9.68,Better,Raleigh,14.378381918,Dallas,29.354793549
Denver,"Denver County, CO",Uninsured,Clinical care,2016,2013,18.205120074,%,Lower is better,4,20.439052,-1.978931,-9.68,Better,Raleigh,14.378381918,Dallas,29.354793549
Atlanta,"Fulton County, GA",Uninsured,Clinical care,2016,2013,21.037403595,%,Lower is better,4,20.439052,-1.978931,-9.68,Better,Raleigh,14.378381918,Dallas,29.354793549
Fort Worth,"Tarrant County, TX",Uninsured,Clinical care,2016,2013,23.223732271,%,Lower is better,4,20.439052,-1.978931,-9.68,Better,Raleigh,14.378381918,Dallas,29.354793549
Dallas,"Dallas County, TX",Uninsured,Clinical care,2016,2013,29.354793549,%,Lower is better,4,20.439052,-1.978931,-9.68,Better,Raleigh,14.378381918,Dallas,29.354793549
Nashville,"Davidson County, TN",Uninsured,Clinical care,2016,2013,18.460121379,%,Lower is better,4,20.439052,-1.978931,-9.68,Better,Raleigh,14.378381918,Dallas,29.354793549
Austin,"Travis County, TX",Primary Care Physicians,Clinical care,2016,2013,1184,residents per primary care physician,Lower is better,4,1160.5,-116.5,-10.04,Better,Denver,793,Fort Worth,1728
Raleigh,"Wake County, NC",Primary Care Physicians,Clinical care,2016,2013,1188,residents per primary care physician,Lower is better,4,1160.5,-116.5,-10.04,Better,Denver,793,Fort Worth,1728
Durham,"Durham County, NC",Primary Care Physicians,Clinical care,2016,2013,798,residents per primary care physician,Lower is better,4,1160.5,-116.5,-10.04,Better,Denver,793,Fort Worth,1728
Charlotte,"Mecklenburg County, NC",Primary Care Physicians,Clinical care,2016,2013,1107,residents per primary care physician,Lower is better,4,1160.5,-116.5,-10.04,Better,Denver,793,Fort Worth,1728
Denver,"Denver County, CO",Primary Care Physicians,Clinical care,2016,2013,793,residents per primary care physician,Lower is better,4,1160.5,-116.5,-10.04,Better,Denver,793,Fort Worth,1728
Atlanta,"Fulton County, GA",Primary Care Physicians,Clinical care,2016,2013,967,residents per primary care physician,Lower is better,4,1160.5,-116.5,-10.04,Better,Denver,793,Fort Worth,1728
Fort Worth,"Tarrant County, TX",Primary Care Physicians,Clinical care,2016,2013,1728,residents per primary care physician,Lower is better,4,1160.5,-116.5,-10.04,Better,Denver,793,Fort Worth,1728
Dallas,"Dallas County, TX",Primary Care Physicians,Clinical care,2016,2013,1519,residents per primary care physician,Lower is better,4,1160.5,-116.5,-10.04,Better,Denver,793,Fort Worth,1728
Nashville,"Davidson County, TN",Primary Care Physicians,Clinical care,2016,2013,1044,residents per primary care physician,Lower is better,4,1160.5,-116.5,-10.04,Better,Denver,793,Fort Worth,1728
Austin,"Travis County, TX",Mental Health Providers,Clinical care,2016,2015,471,residents per mental health provider,Lower is better,3,549.25,-158.25,-28.81,Better,Durham,208,Fort Worth,1167
Raleigh,"Wake County, NC",Mental Health Providers,Clinical care,2016,2015,418,residents per mental health provider,Lower is better,3,549.25,-158.25,-28.81,Better,Durham,208,Fort Worth,1167
Durham,"Durham County, NC",Mental Health Providers,Clinical care,2016,2015,208,residents per mental health provider,Lower is better,3,549.25,-158.25,-28.81,Better,Durham,208,Fort Worth,1167
Charlotte,"Mecklenburg County, NC",Mental Health Providers,Clinical care,2016,2015,457,residents per mental health provider,Lower is better,3,549.25,-158.25,-28.81,Better,Durham,208,Fort Worth,1167
Denver,"Denver County, CO",Mental Health Providers,Clinical care,2016,2015,235,residents per mental health provider,Lower is better,3,549.25,-158.25,-28.81,Better,Durham,208,Fort Worth,1167
Atlanta,"Fulton County, GA",Mental Health Providers,Clinical care,2016,2015,572,residents per mental health provider,Lower is better,3,549.25,-158.25,-28.81,Better,Durham,208,Fort Worth,1167
Fort Worth,"Tarrant County, TX",Mental Health Providers,Clinical care,2016,2015,1167,residents per mental health provider,Lower is better,3,549.25,-158.25,-28.81,Better,Durham,208,Fort Worth,1167
Dallas,"Dallas County, TX",Mental Health Providers,Clinical care,2016,2015,866,residents per mental health provider,Lower is better,3,549.25,-158.25,-28.81,Better,Durham,208,Fort Worth,1167
Nashville,"Davidson County, TN",Mental Health Providers,Clinical care,2016,2015,391,residents per mental health provider,Lower is better,3,549.25,-158.25,-28.81,Better,Durham,208,Fort Worth,1167
Austin,"Travis County, TX",Preventable Hospital Stays,Clinical care,2016,2013,5015,"hospital stays per 100,000 Medicare enrollees",Lower is better,9,4379.625,1617.375,36.93,Worse,Denver,3120,Nashville,5997
Raleigh,"Wake County, NC",Preventable Hospital Stays,Clinical care,2016,2013,3853,"hospital stays per 100,000 Medicare enrollees",Lower is better,9,4379.625,1617.375,36.93,Worse,Denver,3120,Nashville,5997
Durham,"Durham County, NC",Preventable Hospital Stays,Clinical care,2016,2013,4564,"hospital stays per 100,000 Medicare enrollees",Lower is better,9,4379.625,1617.375,36.93,Worse,Denver,3120,Nashville,5997
Charlotte,"Mecklenburg County, NC",Preventable Hospital Stays,Clinical care,2016,2013,3796,"hospital stays per 100,000 Medicare enrollees",Lower is better,9,4379.625,1617.375,36.93,Worse,Denver,3120,Nashville,5997
Denver,"Denver County, CO",Preventable Hospital Stays,Clinical care,2016,2013,3120,"hospital stays per 100,000 Medicare enrollees",Lower is better,9,4379.625,1617.375,36.93,Worse,Denver,3120,Nashville,5997
Atlanta,"Fulton County, GA",Preventable Hospital Stays,Clinical care,2016,2013,4109,"hospital stays per 100,000 Medicare enrollees",Lower is better,9,4379.625,1617.375,36.93,Worse,Denver,3120,Nashville,5997
Fort Worth,"Tarrant County, TX",Preventable Hospital Stays,Clinical care,2016,2013,5490,"hospital stays per 100,000 Medicare enrollees",Lower is better,9,4379.625,1617.375,36.93,Worse,Denver,3120,Nashville,5997
Dallas,"Dallas County, TX",Preventable Hospital Stays,Clinical care,2016,2013,5090,"hospital stays per 100,000 Medicare enrollees",Lower is better,9,4379.625,1617.375,36.93,Worse,Denver,3120,Nashville,5997
Nashville,"Davidson County, TN",Preventable Hospital Stays,Clinical care,2016,2013,5997,"hospital stays per 100,000 Medicare enrollees",Lower is better,9,4379.625,1617.375,36.93,Worse,Denver,3120,Nashville,5997
Austin,"Travis County, TX",Children in Poverty,Social & economic,2016,2014,23.1,%,Lower is better,9,22.4125,9.0875,40.55,Worse,Raleigh,14.3,Nashville,31.5
Raleigh,"Wake County, NC",Children in Poverty,Social & economic,2016,2014,14.3,%,Lower is better,9,22.4125,9.0875,40.55,Worse,Raleigh,14.3,Nashville,31.5
Durham,"Durham County, NC",Children in Poverty,Social & economic,2016,2014,22.2,%,Lower is better,9,22.4125,9.0875,40.55,Worse,Raleigh,14.3,Nashville,31.5
Charlotte,"Mecklenburg County, NC",Children in Poverty,Social & economic,2016,2014,21.1,%,Lower is better,9,22.4125,9.0875,40.55,Worse,Raleigh,14.3,Nashville,31.5
Denver,"Denver County, CO",Children in Poverty,Social & economic,2016,2014,22.7,%,Lower is better,9,22.4125,9.0875,40.55,Worse,Raleigh,14.3,Nashville,31.5
Atlanta,"Fulton County, GA",Children in Poverty,Social & economic,2016,2014,25.2,%,Lower is better,9,22.4125,9.0875,40.55,Worse,Raleigh,14.3,Nashville,31.5
Fort Worth,"Tarrant County, TX",Children in Poverty,Social & economic,2016,2014,21.7,%,Lower is better,9,22.4125,9.0875,40.55,Worse,Raleigh,14.3,Nashville,31.5
Dallas,"Dallas County, TX",Children in Poverty,Social & economic,2016,2014,29,%,Lower is better,9,22.4125,9.0875,40.55,Worse,Raleigh,14.3,Nashville,31.5
Nashville,"Davidson County, TN",Children in Poverty,Social & economic,2016,2014,31.5,%,Lower is better,9,22.4125,9.0875,40.55,Worse,Raleigh,14.3,Nashville,31.5
Austin,"Travis County, TX",Unemployment,Social & economic,2016,2014,4.0195495715,%,Lower is better,6,5.2554,-0.200703,-3.82,Better,Austin,4.0195495715,Atlanta,7.188746859
Raleigh,"Wake County, NC",Unemployment,Social & economic,2016,2014,4.7627059317,%,Lower is better,6,5.2554,-0.200703,-3.82,Better,Austin,4.0195495715,Atlanta,7.188746859
Durham,"Durham County, NC",Unemployment,Social & economic,2016,2014,4.9927463748,%,Lower is better,6,5.2554,-0.200703,-3.82,Better,Austin,4.0195495715,Atlanta,7.188746859
Charlotte,"Mecklenburg County, NC",Unemployment,Social & economic,2016,2014,5.8709026242,%,Lower is better,6,5.2554,-0.200703,-3.82,Better,Austin,4.0195495715,Atlanta,7.188746859
Denver,"Denver County, CO",Unemployment,Social & economic,2016,2014,4.874664968,%,Lower is better,6,5.2554,-0.200703,-3.82,Better,Austin,4.0195495715,Atlanta,7.188746859
Atlanta,"Fulton County, GA",Unemployment,Social & economic,2016,2014,7.188746859,%,Lower is better,6,5.2554,-0.200703,-3.82,Better,Austin,4.0195495715,Atlanta,7.188746859
Fort Worth,"Tarrant County, TX",Unemployment,Social & economic,2016,2014,4.9807715419,%,Lower is better,6,5.2554,-0.200703,-3.82,Better,Austin,4.0195495715,Atlanta,7.188746859
Dallas,"Dallas County, TX",Unemployment,Social & economic,2016,2014,5.3531099166,%,Lower is better,6,5.2554,-0.200703,-3.82,Better,Austin,4.0195495715,Atlanta,7.188746859
Nashville,"Davidson County, TN",Unemployment,Social & economic,2016,2014,5.0546965543,%,Lower is better,6,5.2554,-0.200703,-3.82,Better,Austin,4.0195495715,Atlanta,7.188746859
Austin,"Travis County, TX",Median Household Income,Social & economic,2016,2014,61779,USD,Higher is better,9,57144.5,-8949.5,-15.66,Worse,Raleigh,66950,Nashville,48195
Raleigh,"Wake County, NC",Median Household Income,Social & economic,2016,2014,66950,USD,Higher is better,9,57144.5,-8949.5,-15.66,Worse,Raleigh,66950,Nashville,48195
Durham,"Durham County, NC",Median Household Income,Social & economic,2016,2014,50745,USD,Higher is better,9,57144.5,-8949.5,-15.66,Worse,Raleigh,66950,Nashville,48195
Charlotte,"Mecklenburg County, NC",Median Household Income,Social & economic,2016,2014,59049,USD,Higher is better,9,57144.5,-8949.5,-15.66,Worse,Raleigh,66950,Nashville,48195
Denver,"Denver County, CO",Median Household Income,Social & economic,2016,2014,54872,USD,Higher is better,9,57144.5,-8949.5,-15.66,Worse,Raleigh,66950,Nashville,48195
Atlanta,"Fulton County, GA",Median Household Income,Social & economic,2016,2014,55516,USD,Higher is better,9,57144.5,-8949.5,-15.66,Worse,Raleigh,66950,Nashville,48195
Fort Worth,"Tarrant County, TX",Median Household Income,Social & economic,2016,2014,58127,USD,Higher is better,9,57144.5,-8949.5,-15.66,Worse,Raleigh,66950,Nashville,48195
Dallas,"Dallas County, TX",Median Household Income,Social & economic,2016,2014,50118,USD,Higher is better,9,57144.5,-8949.5,-15.66,Worse,Raleigh,66950,Nashville,48195
Nashville,"Davidson County, TN",Median Household Income,Social & economic,2016,2014,48195,USD,Higher is better,9,57144.5,-8949.5,-15.66,Worse,Raleigh,66950,Nashville,48195
Austin,"Travis County, TX",High School Completion,Social & economic,2016,,,%,Higher is better,,,,,,,,,
Raleigh,"Wake County, NC",High School Completion,Social & economic,2016,,,%,Higher is better,,,,,,,,,
Durham,"Durham County, NC",High School Completion,Social & economic,2016,,,%,Higher is better,,,,,,,,,
Charlotte,"Mecklenburg County, NC",High School Completion,Social & economic,2016,,,%,Higher is better,,,,,,,,,
Denver,"Denver County, CO",High School Completion,Social & economic,2016,,,%,Higher is better,,,,,,,,,
Atlanta,"Fulton County, GA",High School Completion,Social & economic,2016,,,%,Higher is better,,,,,,,,,
Fort Worth,"Tarrant County, TX",High School Completion,Social & economic,2016,,,%,Higher is better,,,,,,,,,
Dallas,"Dallas County, TX",High School Completion,Social & economic,2016,,,%,Higher is better,,,,,,,,,
Nashville,"Davidson County, TN",High School Completion,Social & economic,2016,,,%,Higher is better,,,,,,,,,
Austin,"Travis County, TX",Income Inequality,Social & economic,2016,2010-2014,4.9151950635,80th/20th percentile income ratio,Lower is better,3,4.969328,-0.312879,-6.30,Better,Raleigh,4.2947215047,Atlanta,6.3232607851
Raleigh,"Wake County, NC",Income Inequality,Social & economic,2016,2010-2014,4.2947215047,80th/20th percentile income ratio,Lower is better,3,4.969328,-0.312879,-6.30,Better,Raleigh,4.2947215047,Atlanta,6.3232607851
Durham,"Durham County, NC",Income Inequality,Social & economic,2016,2010-2014,4.8911867205,80th/20th percentile income ratio,Lower is better,3,4.969328,-0.312879,-6.30,Better,Raleigh,4.2947215047,Atlanta,6.3232607851
Charlotte,"Mecklenburg County, NC",Income Inequality,Social & economic,2016,2010-2014,4.7370926701,80th/20th percentile income ratio,Lower is better,3,4.969328,-0.312879,-6.30,Better,Raleigh,4.2947215047,Atlanta,6.3232607851
Denver,"Denver County, CO",Income Inequality,Social & economic,2016,2010-2014,5.3658370601,80th/20th percentile income ratio,Lower is better,3,4.969328,-0.312879,-6.30,Better,Raleigh,4.2947215047,Atlanta,6.3232607851
Atlanta,"Fulton County, GA",Income Inequality,Social & economic,2016,2010-2014,6.3232607851,80th/20th percentile income ratio,Lower is better,3,4.969328,-0.312879,-6.30,Better,Raleigh,4.2947215047,Atlanta,6.3232607851
Fort Worth,"Tarrant County, TX",Income Inequality,Social & economic,2016,2010-2014,4.5142960842,80th/20th percentile income ratio,Lower is better,3,4.969328,-0.312879,-6.30,Better,Raleigh,4.2947215047,Atlanta,6.3232607851
Dallas,"Dallas County, TX",Income Inequality,Social & economic,2016,2010-2014,4.7130339037,80th/20th percentile income ratio,Lower is better,3,4.969328,-0.312879,-6.30,Better,Raleigh,4.2947215047,Atlanta,6.3232607851
Nashville,"Davidson County, TN",Income Inequality,Social & economic,2016,2010-2014,4.6564489276,80th/20th percentile income ratio,Lower is better,3,4.969328,-0.312879,-6.30,Better,Raleigh,4.2947215047,Atlanta,6.3232607851
Austin,"Travis County, TX",Severe Housing Problems,Physical environment,2016,2008-2012,21.441521442,%,Lower is better,5,19.305358,-0.490265,-2.54,Better,Raleigh,14.629144021,Dallas,22.230327989
Raleigh,"Wake County, NC",Severe Housing Problems,Physical environment,2016,2008-2012,14.629144021,%,Lower is better,5,19.305358,-0.490265,-2.54,Better,Raleigh,14.629144021,Dallas,22.230327989
Durham,"Durham County, NC",Severe Housing Problems,Physical environment,2016,2008-2012,18.527174411,%,Lower is better,5,19.305358,-0.490265,-2.54,Better,Raleigh,14.629144021,Dallas,22.230327989
Charlotte,"Mecklenburg County, NC",Severe Housing Problems,Physical environment,2016,2008-2012,17.569972273,%,Lower is better,5,19.305358,-0.490265,-2.54,Better,Raleigh,14.629144021,Dallas,22.230327989
Denver,"Denver County, CO",Severe Housing Problems,Physical environment,2016,2008-2012,20.852827162,%,Lower is better,5,19.305358,-0.490265,-2.54,Better,Raleigh,14.629144021,Dallas,22.230327989
Atlanta,"Fulton County, GA",Severe Housing Problems,Physical environment,2016,2008-2012,21.301960999,%,Lower is better,5,19.305358,-0.490265,-2.54,Better,Raleigh,14.629144021,Dallas,22.230327989
Fort Worth,"Tarrant County, TX",Severe Housing Problems,Physical environment,2016,2008-2012,17.889932886,%,Lower is better,5,19.305358,-0.490265,-2.54,Better,Raleigh,14.629144021,Dallas,22.230327989
Dallas,"Dallas County, TX",Severe Housing Problems,Physical environment,2016,2008-2012,22.230327989,%,Lower is better,5,19.305358,-0.490265,-2.54,Better,Raleigh,14.629144021,Dallas,22.230327989
Nashville,"Davidson County, TN",Severe Housing Problems,Physical environment,2016,2008-2012,18.815092717,%,Lower is better,5,19.305358,-0.490265,-2.54,Better,Raleigh,14.629144021,Dallas,22.230327989
Austin,"Travis County, TX",Air Pollution – Particulate Matter,Physical environment,2016,2011,8.77,µg/m³ PM2.5,Lower is better,9,11.4975,2.9625,25.77,Worse,Austin,8.77,Nashville,14.46
Raleigh,"Wake County, NC",Air Pollution – Particulate Matter,Physical environment,2016,2011,12.15,µg/m³ PM2.5,Lower is better,9,11.4975,2.9625,25.77,Worse,Austin,8.77,Nashville,14.46
Durham,"Durham County, NC",Air Pollution – Particulate Matter,Physical environment,2016,2011,12.27,µg/m³ PM2.5,Lower is better,9,11.4975,2.9625,25.77,Worse,Austin,8.77,Nashville,14.46
Charlotte,"Mecklenburg County, NC",Air Pollution – Particulate Matter,Physical environment,2016,2011,12.64,µg/m³ PM2.5,Lower is better,9,11.4975,2.9625,25.77,Worse,Austin,8.77,Nashville,14.46
Denver,"Denver County, CO",Air Pollution – Particulate Matter,Physical environment,2016,2011,13.26,µg/m³ PM2.5,Lower is better,9,11.4975,2.9625,25.77,Worse,Austin,8.77,Nashville,14.46
Atlanta,"Fulton County, GA",Air Pollution – Particulate Matter,Physical environment,2016,2011,13.21,µg/m³ PM2.5,Lower is better,9,11.4975,2.9625,25.77,Worse,Austin,8.77,Nashville,14.46
Fort Worth,"Tarrant County, TX",Air Pollution – Particulate Matter,Physical environment,2016,2011,9.82,µg/m³ PM2.5,Lower is better,9,11.4975,2.9625,25.77,Worse,Austin,8.77,Nashville,14.46
Dallas,"Dallas County, TX",Air Pollution – Particulate Matter,Physical environment,2016,2011,9.86,µg/m³ PM2.5,Lower is better,9,11.4975,2.9625,25.77,Worse,Austin,8.77,Nashville,14.46
Nashville,"Davidson County, TN",Air Pollution – Particulate Matter,Physical environment,2016,2011,14.46,µg/m³ PM2.5,Lower is better,9,11.4975,2.9625,25.77,Worse,Austin,8.77,Nashville,14.46
Austin,"Travis County, TX",Suicide Rate,Health outcomes / well-being,2016,,,"deaths per 100,000 population",Lower is better,,,,,,,,,
Raleigh,"Wake County, NC",Suicide Rate,Health outcomes / well-being,2016,,,"deaths per 100,000 population",Lower is better,,,,,,,,,
Durham,"Durham County, NC",Suicide Rate,Health outcomes / well-being,2016,,,"deaths per 100,000 population",Lower is better,,,,,,,,,
Charlotte,"Mecklenburg County, NC",Suicide Rate,Health outcomes / well-being,2016,,,"deaths per 100,000 population",Lower is better,,,,,,,,,
Denver,"Denver County, CO",Suicide Rate,Health outcomes / well-being,2016,,,"deaths per 100,000 population",Lower is better,,,,,,,,,
Atlanta,"Fulton County, GA",Suicide Rate,Health outcomes / well-being,2016,,,"deaths per 100,000 population",Lower is better,,,,,,,,,
Fort Worth,"Tarrant County, TX",Suicide Rate,Health outcomes / well-being,2016,,,"deaths per 100,000 population",Lower is better,,,,,,,,,
Dallas,"Dallas County, TX",Suicide Rate,Health outcomes / well-being,2016,,,"deaths per 100,000 population",Lower is better,,,,,,,,,
Nashville,"Davidson County, TN",Suicide Rate,Health outcomes / well-being,2016,,,"deaths per 100,000 population",Lower is better,,,,,,,,,
Austin,"Travis County, TX",Teen Birth Rate,Health behaviors,2016,2007-2013,41.253295407,"births per 1,000 females ages 15–19",Lower is better,6,42.341336,-0.034885,-0.08,Better,Raleigh,22.524163048,Dallas,60.238000544
Raleigh,"Wake County, NC",Teen Birth Rate,Health behaviors,2016,2007-2013,22.524163048,"births per 1,000 females ages 15–19",Lower is better,6,42.341336,-0.034885,-0.08,Better,Raleigh,22.524163048,Dallas,60.238000544
Durham,"Durham County, NC",Teen Birth Rate,Health behaviors,2016,2007-2013,37.305715967,"births per 1,000 females ages 15–19",Lower is better,6,42.341336,-0.034885,-0.08,Better,Raleigh,22.524163048,Dallas,60.238000544
Charlotte,"Mecklenburg County, NC",Teen Birth Rate,Health behaviors,2016,2007-2013,34.055653668,"births per 1,000 females ages 15–19",Lower is better,6,42.341336,-0.034885,-0.08,Better,Raleigh,22.524163048,Dallas,60.238000544
Denver,"Denver County, CO",Teen Birth Rate,Health behaviors,2016,2007-2013,58.286003233,"births per 1,000 females ages 15–19",Lower is better,6,42.341336,-0.034885,-0.08,Better,Raleigh,22.524163048,Dallas,60.238000544
Atlanta,"Fulton County, GA",Teen Birth Rate,Health behaviors,2016,2007-2013,38.298025652,"births per 1,000 females ages 15–19",Lower is better,6,42.341336,-0.034885,-0.08,Better,Raleigh,22.524163048,Dallas,60.238000544
Fort Worth,"Tarrant County, TX",Teen Birth Rate,Health behaviors,2016,2007-2013,46.76983311,"births per 1,000 females ages 15–19",Lower is better,6,42.341336,-0.034885,-0.08,Better,Raleigh,22.524163048,Dallas,60.238000544
Dallas,"Dallas County, TX",Teen Birth Rate,Health behaviors,2016,2007-2013,60.238000544,"births per 1,000 females ages 15–19",Lower is better,6,42.341336,-0.034885,-0.08,Better,Raleigh,22.524163048,Dallas,60.238000544
Nashville,"Davidson County, TN",Teen Birth Rate,Health behaviors,2016,2007-2013,42.306451734,"births per 1,000 females ages 15–19",Lower is better,6,42.341336,-0.034885,-0.08,Better,Raleigh,22.524163048,Dallas,60.238000544
Austin,"Travis County, TX",Injury Deaths,Health outcomes / well-being,2016,2009-2013,55.325013742,"deaths per 100,000 population",Lower is better,8,51.734052,23.593661,45.61,Worse,Raleigh,35.855601048,Denver,80.442381366
Raleigh,"Wake County, NC",Injury Deaths,Health outcomes / well-being,2016,2009-2013,35.855601048,"deaths per 100,000 population",Lower is better,8,51.734052,23.593661,45.61,Worse,Raleigh,35.855601048,Denver,80.442381366
Durham,"Durham County, NC",Injury Deaths,Health outcomes / well-being,2016,2009-2013,51.451522405,"deaths per 100,000 population",Lower is better,8,51.734052,23.593661,45.61,Worse,Raleigh,35.855601048,Denver,80.442381366
Charlotte,"Mecklenburg County, NC",Injury Deaths,Health outcomes / well-being,2016,2009-2013,41.07580578,"deaths per 100,000 population",Lower is better,8,51.734052,23.593661,45.61,Worse,Raleigh,35.855601048,Denver,80.442381366
Denver,"Denver County, CO",Injury Deaths,Health outcomes / well-being,2016,2009-2013,80.442381366,"deaths per 100,000 population",Lower is better,8,51.734052,23.593661,45.61,Worse,Raleigh,35.855601048,Denver,80.442381366
Atlanta,"Fulton County, GA",Injury Deaths,Health outcomes / well-being,2016,2009-2013,54.793861315,"deaths per 100,000 population",Lower is better,8,51.734052,23.593661,45.61,Worse,Raleigh,35.855601048,Denver,80.442381366
Fort Worth,"Tarrant County, TX",Injury Deaths,Health outcomes / well-being,2016,2009-2013,44.408969247,"deaths per 100,000 population",Lower is better,8,51.734052,23.593661,45.61,Worse,Raleigh,35.855601048,Denver,80.442381366
Dallas,"Dallas County, TX",Injury Deaths,Health outcomes / well-being,2016,2009-2013,50.519262593,"deaths per 100,000 population",Lower is better,8,51.734052,23.593661,45.61,Worse,Raleigh,35.855601048,Denver,80.442381366
Nashville,"Davidson County, TN",Injury Deaths,Health outcomes / well-being,2016,2009-2013,75.327713169,"deaths per 100,000 population",Lower is better,8,51.734052,23.593661,45.61,Worse,Raleigh,35.855601048,Denver,80.442381366
Austin,"Travis County, TX",Broadband Access,Physical environment,2016,,,%,Higher is better,,,,,,,,,
Raleigh,"Wake County, NC",Broadband Access,Physical environment,2016,,,%,Higher is better,,,,,,,,,
Durham,"Durham County, NC",Broadband Access,Physical environment,2016,,,%,Higher is better,,,,,,,,,
Charlotte,"Mecklenburg County, NC",Broadband Access,Physical environment,2016,,,%,Higher is better,,,,,,,,,
Denver,"Denver County, CO",Broadband Access,Physical environment,2016,,,%,Higher is better,,,,,,,,,
Atlanta,"Fulton County, GA",Broadband Access,Physical environment,2016,,,%,Higher is better,,,,,,,,,
Fort Worth,"Tarrant County, TX",Broadband Access,Physical environment,2016,,,%,Higher is better,,,,,,,,,
Dallas,"Dallas County, TX",Broadband Access,Physical environment,2016,,,%,Higher is better,,,,,,,,,
Nashville,"Davidson County, TN",Broadband Access,Physical environment,2016,,,%,Higher is better,,,,,,,,,
Austin,"Travis County, TX",Severe Housing Cost Burden,Physical environment,2016,,,%,Lower is better,,,,,,,,,
Raleigh,"Wake County, NC",Severe Housing Cost Burden,Physical environment,2016,,,%,Lower is better,,,,,,,,,
Durham,"Durham County, NC",Severe Housing Cost Burden,Physical environment,2016,,,%,Lower is better,,,,,,,,,
Charlotte,"Mecklenburg County, NC",Severe Housing Cost Burden,Physical environment,2016,,,%,Lower is better,,,,,,,,,
Denver,"Denver County, CO",Severe Housing Cost Burden,Physical environment,2016,,,%,Lower is better,,,,,,,,,
Atlanta,"Fulton County, GA",Severe Housing Cost Burden,Physical environment,2016,,,%,Lower is better,,,,,,,,,
Fort Worth,"Tarrant County, TX",Severe Housing Cost Burden,Physical environment,2016,,,%,Lower is better,,,,,,,,,
Dallas,"Dallas County, TX",Severe Housing Cost Burden,Physical environment,2016,,,%,Lower is better,,,,,,,,,
Nashville,"Davidson County, TN",Severe Housing Cost Burden,Physical environment,2016,,,%,Lower is better,,,,,,,,,
Austin,"Travis County, TX",Life Expectancy,Health outcomes / well-being,2017,,,years,Higher is better,,,,,,,,,
Raleigh,"Wake County, NC",Life Expectancy,Health outcomes / well-being,2017,,,years,Higher is better,,,,,,,,,
Durham,"Durham County, NC",Life Expectancy,Health outcomes / well-being,2017,,,years,Higher is better,,,,,,,,,
Charlotte,"Mecklenburg County, NC",Life Expectancy,Health outcomes / well-being,2017,,,years,Higher is better,,,,,,,,,
Denver,"Denver County, CO",Life Expectancy,Health outcomes / well-being,2017,,,years,Higher is better,,,,,,,,,
Atlanta,"Fulton County, GA",Life Expectancy,Health outcomes / well-being,2017,,,years,Higher is better,,,,,,,,,
Fort Worth,"Tarrant County, TX",Life Expectancy,Health outcomes / well-being,2017,,,years,Higher is better,,,,,,,,,
Dallas,"Dallas County, TX",Life Expectancy,Health outcomes / well-being,2017,,,years,Higher is better,,,,,,,,,
Nashville,"Davidson County, TN",Life Expectancy,Health outcomes / well-being,2017,,,years,Higher is better,,,,,,,,,
Austin,"Travis County, TX",Infant Mortality,Health outcomes / well-being,2017,2007-2013,4.9493953207,"deaths per 1,000 live births",Lower is better,8,6.504547,0.846896,13.02,Worse,Austin,4.9493953207,Fort Worth,7.3547524369
Raleigh,"Wake County, NC",Infant Mortality,Health outcomes / well-being,2017,2007-2013,6.5722051419,"deaths per 1,000 live births",Lower is better,8,6.504547,0.846896,13.02,Worse,Austin,4.9493953207,Fort Worth,7.3547524369
Durham,"Durham County, NC",Infant Mortality,Health outcomes / well-being,2017,2007-2013,6.6044555431,"deaths per 1,000 live births",Lower is better,8,6.504547,0.846896,13.02,Worse,Austin,4.9493953207,Fort Worth,7.3547524369
Charlotte,"Mecklenburg County, NC",Infant Mortality,Health outcomes / well-being,2017,2007-2013,6.0502683991,"deaths per 1,000 live births",Lower is better,8,6.504547,0.846896,13.02,Worse,Austin,4.9493953207,Fort Worth,7.3547524369
Denver,"Denver County, CO",Infant Mortality,Health outcomes / well-being,2017,2007-2013,6.482762362,"deaths per 1,000 live births",Lower is better,8,6.504547,0.846896,13.02,Worse,Austin,4.9493953207,Fort Worth,7.3547524369
Atlanta,"Fulton County, GA",Infant Mortality,Health outcomes / well-being,2017,2007-2013,7.0155845474,"deaths per 1,000 live births",Lower is better,8,6.504547,0.846896,13.02,Worse,Austin,4.9493953207,Fort Worth,7.3547524369
Fort Worth,"Tarrant County, TX",Infant Mortality,Health outcomes / well-being,2017,2007-2013,7.3547524369,"deaths per 1,000 live births",Lower is better,8,6.504547,0.846896,13.02,Worse,Austin,4.9493953207,Fort Worth,7.3547524369
Dallas,"Dallas County, TX",Infant Mortality,Health outcomes / well-being,2017,2007-2013,7.0069509793,"deaths per 1,000 live births",Lower is better,8,6.504547,0.846896,13.02,Worse,Austin,4.9493953207,Fort Worth,7.3547524369
Nashville,"Davidson County, TN",Infant Mortality,Health outcomes / well-being,2017,2007-2013,7.3514426296,"deaths per 1,000 live births",Lower is better,8,6.504547,0.846896,13.02,Worse,Austin,4.9493953207,Fort Worth,7.3547524369
Austin,"Travis County, TX",Poor or Fair Health,Health outcomes / well-being,2017,2015,15.088748434,%,Lower is better,8,15.892681,1.777619,11.19,Worse,Raleigh,13.02210779,Dallas,19.679962705
Raleigh,"Wake County, NC",Poor or Fair Health,Health outcomes / well-being,2017,2015,13.02210779,%,Lower is better,8,15.892681,1.777619,11.19,Worse,Raleigh,13.02210779,Dallas,19.679962705
Durham,"Durham County, NC",Poor or Fair Health,Health outcomes / well-being,2017,2015,17.638482859,%,Lower is better,8,15.892681,1.777619,11.19,Worse,Raleigh,13.02210779,Dallas,19.679962705
Charlotte,"Mecklenburg County, NC",Poor or Fair Health,Health outcomes / well-being,2017,2015,16.196846326,%,Lower is better,8,15.892681,1.777619,11.19,Worse,Raleigh,13.02210779,Dallas,19.679962705
Denver,"Denver County, CO",Poor or Fair Health,Health outcomes / well-being,2017,2015,15.08822168,%,Lower is better,8,15.892681,1.777619,11.19,Worse,Raleigh,13.02210779,Dallas,19.679962705
Atlanta,"Fulton County, GA",Poor or Fair Health,Health outcomes / well-being,2017,2015,15.244141249,%,Lower is better,8,15.892681,1.777619,11.19,Worse,Raleigh,13.02210779,Dallas,19.679962705
Fort Worth,"Tarrant County, TX",Poor or Fair Health,Health outcomes / well-being,2017,2015,15.182934237,%,Lower is better,8,15.892681,1.777619,11.19,Worse,Raleigh,13.02210779,Dallas,19.679962705
Dallas,"Dallas County, TX",Poor or Fair Health,Health outcomes / well-being,2017,2015,19.679962705,%,Lower is better,8,15.892681,1.777619,11.19,Worse,Raleigh,13.02210779,Dallas,19.679962705
Nashville,"Davidson County, TN",Poor or Fair Health,Health outcomes / well-being,2017,2015,17.670299658,%,Lower is better,8,15.892681,1.777619,11.19,Worse,Raleigh,13.02210779,Dallas,19.679962705
Austin,"Travis County, TX",Poor Physical Health Days,Health outcomes / well-being,2017,2015,3.0259593952,days per month,Lower is better,9,3.434703,0.762811,22.21,Worse,Austin,3.0259593952,Nashville,4.1975137089
Raleigh,"Wake County, NC",Poor Physical Health Days,Health outcomes / well-being,2017,2015,3.2391406572,days per month,Lower is better,9,3.434703,0.762811,22.21,Worse,Austin,3.0259593952,Nashville,4.1975137089
Durham,"Durham County, NC",Poor Physical Health Days,Health outcomes / well-being,2017,2015,3.6659618582,days per month,Lower is better,9,3.434703,0.762811,22.21,Worse,Austin,3.0259593952,Nashville,4.1975137089
Charlotte,"Mecklenburg County, NC",Poor Physical Health Days,Health outcomes / well-being,2017,2015,3.5544458551,days per month,Lower is better,9,3.434703,0.762811,22.21,Worse,Austin,3.0259593952,Nashville,4.1975137089
Denver,"Denver County, CO",Poor Physical Health Days,Health outcomes / well-being,2017,2015,3.3602215308,days per month,Lower is better,9,3.434703,0.762811,22.21,Worse,Austin,3.0259593952,Nashville,4.1975137089
Atlanta,"Fulton County, GA",Poor Physical Health Days,Health outcomes / well-being,2017,2015,3.3870747913,days per month,Lower is better,9,3.434703,0.762811,22.21,Worse,Austin,3.0259593952,Nashville,4.1975137089
Fort Worth,"Tarrant County, TX",Poor Physical Health Days,Health outcomes / well-being,2017,2015,3.3599173121,days per month,Lower is better,9,3.434703,0.762811,22.21,Worse,Austin,3.0259593952,Nashville,4.1975137089
Dallas,"Dallas County, TX",Poor Physical Health Days,Health outcomes / well-being,2017,2015,3.8848993892,days per month,Lower is better,9,3.434703,0.762811,22.21,Worse,Austin,3.0259593952,Nashville,4.1975137089
Nashville,"Davidson County, TN",Poor Physical Health Days,Health outcomes / well-being,2017,2015,4.1975137089,days per month,Lower is better,9,3.434703,0.762811,22.21,Worse,Austin,3.0259593952,Nashville,4.1975137089
Austin,"Travis County, TX",Poor Mental Health Days,Health outcomes / well-being,2017,2015,2.9911735842,days per month,Lower is better,9,3.397945,0.833674,24.53,Worse,Austin,2.9911735842,Nashville,4.2316186004
Raleigh,"Wake County, NC",Poor Mental Health Days,Health outcomes / well-being,2017,2015,3.1243837479,days per month,Lower is better,9,3.397945,0.833674,24.53,Worse,Austin,2.9911735842,Nashville,4.2316186004
Durham,"Durham County, NC",Poor Mental Health Days,Health outcomes / well-being,2017,2015,3.6914096468,days per month,Lower is better,9,3.397945,0.833674,24.53,Worse,Austin,2.9911735842,Nashville,4.2316186004
Charlotte,"Mecklenburg County, NC",Poor Mental Health Days,Health outcomes / well-being,2017,2015,3.5415427808,days per month,Lower is better,9,3.397945,0.833674,24.53,Worse,Austin,2.9911735842,Nashville,4.2316186004
Denver,"Denver County, CO",Poor Mental Health Days,Health outcomes / well-being,2017,2015,3.5767811358,days per month,Lower is better,9,3.397945,0.833674,24.53,Worse,Austin,2.9911735842,Nashville,4.2316186004
Atlanta,"Fulton County, GA",Poor Mental Health Days,Health outcomes / well-being,2017,2015,3.6423548538,days per month,Lower is better,9,3.397945,0.833674,24.53,Worse,Austin,2.9911735842,Nashville,4.2316186004
Fort Worth,"Tarrant County, TX",Poor Mental Health Days,Health outcomes / well-being,2017,2015,3.3931065496,days per month,Lower is better,9,3.397945,0.833674,24.53,Worse,Austin,2.9911735842,Nashville,4.2316186004
Dallas,"Dallas County, TX",Poor Mental Health Days,Health outcomes / well-being,2017,2015,3.2228042593,days per month,Lower is better,9,3.397945,0.833674,24.53,Worse,Austin,2.9911735842,Nashville,4.2316186004
Nashville,"Davidson County, TN",Poor Mental Health Days,Health outcomes / well-being,2017,2015,4.2316186004,days per month,Lower is better,9,3.397945,0.833674,24.53,Worse,Austin,2.9911735842,Nashville,4.2316186004
Austin,"Travis County, TX",Adult Obesity,Health outcomes / well-being,2017,2013,20.3,%,Lower is better,8,24.4,6.5,26.64,Worse,Denver,16.4,Nashville,30.9
Raleigh,"Wake County, NC",Adult Obesity,Health outcomes / well-being,2017,2013,24.8,%,Lower is better,8,24.4,6.5,26.64,Worse,Denver,16.4,Nashville,30.9
Durham,"Durham County, NC",Adult Obesity,Health outcomes / well-being,2017,2013,29.2,%,Lower is better,8,24.4,6.5,26.64,Worse,Denver,16.4,Nashville,30.9
Charlotte,"Mecklenburg County, NC",Adult Obesity,Health outcomes / well-being,2017,2013,23.9,%,Lower is better,8,24.4,6.5,26.64,Worse,Denver,16.4,Nashville,30.9
Denver,"Denver County, CO",Adult Obesity,Health outcomes / well-being,2017,2013,16.4,%,Lower is better,8,24.4,6.5,26.64,Worse,Denver,16.4,Nashville,30.9
Atlanta,"Fulton County, GA",Adult Obesity,Health outcomes / well-being,2017,2013,23.9,%,Lower is better,8,24.4,6.5,26.64,Worse,Denver,16.4,Nashville,30.9
Fort Worth,"Tarrant County, TX",Adult Obesity,Health outcomes / well-being,2017,2013,29.1,%,Lower is better,8,24.4,6.5,26.64,Worse,Denver,16.4,Nashville,30.9
Dallas,"Dallas County, TX",Adult Obesity,Health outcomes / well-being,2017,2013,27.6,%,Lower is better,8,24.4,6.5,26.64,Worse,Denver,16.4,Nashville,30.9
Nashville,"Davidson County, TN",Adult Obesity,Health outcomes / well-being,2017,2013,30.9,%,Lower is better,8,24.4,6.5,26.64,Worse,Denver,16.4,Nashville,30.9
Austin,"Travis County, TX",Diabetes Prevalence,Health outcomes / well-being,2017,2013,6.4,%,Lower is better,7,8.325,2.275,27.33,Worse,Denver,6,Fort Worth,11
Raleigh,"Wake County, NC",Diabetes Prevalence,Health outcomes / well-being,2017,2013,8.2,%,Lower is better,7,8.325,2.275,27.33,Worse,Denver,6,Fort Worth,11
Durham,"Durham County, NC",Diabetes Prevalence,Health outcomes / well-being,2017,2013,8.7,%,Lower is better,7,8.325,2.275,27.33,Worse,Denver,6,Fort Worth,11
Charlotte,"Mecklenburg County, NC",Diabetes Prevalence,Health outcomes / well-being,2017,2013,8.5,%,Lower is better,7,8.325,2.275,27.33,Worse,Denver,6,Fort Worth,11
Denver,"Denver County, CO",Diabetes Prevalence,Health outcomes / well-being,2017,2013,6,%,Lower is better,7,8.325,2.275,27.33,Worse,Denver,6,Fort Worth,11
Atlanta,"Fulton County, GA",Diabetes Prevalence,Health outcomes / well-being,2017,2013,8.7,%,Lower is better,7,8.325,2.275,27.33,Worse,Denver,6,Fort Worth,11
Fort Worth,"Tarrant County, TX",Diabetes Prevalence,Health outcomes / well-being,2017,2013,11,%,Lower is better,7,8.325,2.275,27.33,Worse,Denver,6,Fort Worth,11
Dallas,"Dallas County, TX",Diabetes Prevalence,Health outcomes / well-being,2017,2013,9.1,%,Lower is better,7,8.325,2.275,27.33,Worse,Denver,6,Fort Worth,11
Nashville,"Davidson County, TN",Diabetes Prevalence,Health outcomes / well-being,2017,2013,10.6,%,Lower is better,7,8.325,2.275,27.33,Worse,Denver,6,Fort Worth,11
Austin,"Travis County, TX",Adult Smoking,Health behaviors,2017,2015,13.150041415,%,Lower is better,9,15.166345,5.058309,33.35,Worse,Austin,13.150041415,Nashville,20.22465432
Raleigh,"Wake County, NC",Adult Smoking,Health behaviors,2017,2015,13.820421045,%,Lower is better,9,15.166345,5.058309,33.35,Worse,Austin,13.150041415,Nashville,20.22465432
Durham,"Durham County, NC",Adult Smoking,Health behaviors,2017,2015,16.398711574,%,Lower is better,9,15.166345,5.058309,33.35,Worse,Austin,13.150041415,Nashville,20.22465432
Charlotte,"Mecklenburg County, NC",Adult Smoking,Health behaviors,2017,2015,15.036221118,%,Lower is better,9,15.166345,5.058309,33.35,Worse,Austin,13.150041415,Nashville,20.22465432
Denver,"Denver County, CO",Adult Smoking,Health behaviors,2017,2015,17.131297607,%,Lower is better,9,15.166345,5.058309,33.35,Worse,Austin,13.150041415,Nashville,20.22465432
Atlanta,"Fulton County, GA",Adult Smoking,Health behaviors,2017,2015,15.98307742,%,Lower is better,9,15.166345,5.058309,33.35,Worse,Austin,13.150041415,Nashville,20.22465432
Fort Worth,"Tarrant County, TX",Adult Smoking,Health behaviors,2017,2015,14.303695546,%,Lower is better,9,15.166345,5.058309,33.35,Worse,Austin,13.150041415,Nashville,20.22465432
Dallas,"Dallas County, TX",Adult Smoking,Health behaviors,2017,2015,15.507294432,%,Lower is better,9,15.166345,5.058309,33.35,Worse,Austin,13.150041415,Nashville,20.22465432
Nashville,"Davidson County, TN",Adult Smoking,Health behaviors,2017,2015,20.22465432,%,Lower is better,9,15.166345,5.058309,33.35,Worse,Austin,13.150041415,Nashville,20.22465432
Austin,"Travis County, TX",Physical Inactivity,Health behaviors,2017,2013,15,%,Lower is better,9,18.525,5.775,31.17,Worse,Denver,11.8,Nashville,24.3
Raleigh,"Wake County, NC",Physical Inactivity,Health behaviors,2017,2013,16.6,%,Lower is better,9,18.525,5.775,31.17,Worse,Denver,11.8,Nashville,24.3
Durham,"Durham County, NC",Physical Inactivity,Health behaviors,2017,2013,20.8,%,Lower is better,9,18.525,5.775,31.17,Worse,Denver,11.8,Nashville,24.3
Charlotte,"Mecklenburg County, NC",Physical Inactivity,Health behaviors,2017,2013,19,%,Lower is better,9,18.525,5.775,31.17,Worse,Denver,11.8,Nashville,24.3
Denver,"Denver County, CO",Physical Inactivity,Health behaviors,2017,2013,11.8,%,Lower is better,9,18.525,5.775,31.17,Worse,Denver,11.8,Nashville,24.3
Atlanta,"Fulton County, GA",Physical Inactivity,Health behaviors,2017,2013,17.7,%,Lower is better,9,18.525,5.775,31.17,Worse,Denver,11.8,Nashville,24.3
Fort Worth,"Tarrant County, TX",Physical Inactivity,Health behaviors,2017,2013,24,%,Lower is better,9,18.525,5.775,31.17,Worse,Denver,11.8,Nashville,24.3
Dallas,"Dallas County, TX",Physical Inactivity,Health behaviors,2017,2013,23.3,%,Lower is better,9,18.525,5.775,31.17,Worse,Denver,11.8,Nashville,24.3
Nashville,"Davidson County, TN",Physical Inactivity,Health behaviors,2017,2013,24.3,%,Lower is better,9,18.525,5.775,31.17,Worse,Denver,11.8,Nashville,24.3
Austin,"Travis County, TX",Excessive Drinking,Health behaviors,2017,2015,24.351643944,%,Lower is better,1,19.383274,-5.74135,-29.62,Better,Nashville,13.641923217,Austin,24.351643944
Raleigh,"Wake County, NC",Excessive Drinking,Health behaviors,2017,2015,17.575633736,%,Lower is better,1,19.383274,-5.74135,-29.62,Better,Nashville,13.641923217,Austin,24.351643944
Durham,"Durham County, NC",Excessive Drinking,Health behaviors,2017,2015,17.616322214,%,Lower is better,1,19.383274,-5.74135,-29.62,Better,Nashville,13.641923217,Austin,24.351643944
Charlotte,"Mecklenburg County, NC",Excessive Drinking,Health behaviors,2017,2015,18.293062746,%,Lower is better,1,19.383274,-5.74135,-29.62,Better,Nashville,13.641923217,Austin,24.351643944
Denver,"Denver County, CO",Excessive Drinking,Health behaviors,2017,2015,22.450617642,%,Lower is better,1,19.383274,-5.74135,-29.62,Better,Nashville,13.641923217,Austin,24.351643944
Atlanta,"Fulton County, GA",Excessive Drinking,Health behaviors,2017,2015,18.262399195,%,Lower is better,1,19.383274,-5.74135,-29.62,Better,Nashville,13.641923217,Austin,24.351643944
Fort Worth,"Tarrant County, TX",Excessive Drinking,Health behaviors,2017,2015,18.663675276,%,Lower is better,1,19.383274,-5.74135,-29.62,Better,Nashville,13.641923217,Austin,24.351643944
Dallas,"Dallas County, TX",Excessive Drinking,Health behaviors,2017,2015,17.852833729,%,Lower is better,1,19.383274,-5.74135,-29.62,Better,Nashville,13.641923217,Austin,24.351643944
Nashville,"Davidson County, TN",Excessive Drinking,Health behaviors,2017,2015,13.641923217,%,Lower is better,1,19.383274,-5.74135,-29.62,Better,Nashville,13.641923217,Austin,24.351643944
Austin,"Travis County, TX",Insufficient Sleep,Health behaviors,2017,2014,28.5,%,Lower is better,8,32.3125,3.4875,10.79,Worse,Denver,27.9,Atlanta,38.2
Raleigh,"Wake County, NC",Insufficient Sleep,Health behaviors,2017,2014,30.3,%,Lower is better,8,32.3125,3.4875,10.79,Worse,Denver,27.9,Atlanta,38.2
Durham,"Durham County, NC",Insufficient Sleep,Health behaviors,2017,2014,32.9,%,Lower is better,8,32.3125,3.4875,10.79,Worse,Denver,27.9,Atlanta,38.2
Charlotte,"Mecklenburg County, NC",Insufficient Sleep,Health behaviors,2017,2014,33.1,%,Lower is better,8,32.3125,3.4875,10.79,Worse,Denver,27.9,Atlanta,38.2
Denver,"Denver County, CO",Insufficient Sleep,Health behaviors,2017,2014,27.9,%,Lower is better,8,32.3125,3.4875,10.79,Worse,Denver,27.9,Atlanta,38.2
Atlanta,"Fulton County, GA",Insufficient Sleep,Health behaviors,2017,2014,38.2,%,Lower is better,8,32.3125,3.4875,10.79,Worse,Denver,27.9,Atlanta,38.2
Fort Worth,"Tarrant County, TX",Insufficient Sleep,Health behaviors,2017,2014,33.9,%,Lower is better,8,32.3125,3.4875,10.79,Worse,Denver,27.9,Atlanta,38.2
Dallas,"Dallas County, TX",Insufficient Sleep,Health behaviors,2017,2014,33.7,%,Lower is better,8,32.3125,3.4875,10.79,Worse,Denver,27.9,Atlanta,38.2
Nashville,"Davidson County, TN",Insufficient Sleep,Health behaviors,2017,2014,35.8,%,Lower is better,8,32.3125,3.4875,10.79,Worse,Denver,27.9,Atlanta,38.2
Austin,"Travis County, TX",Food Insecurity,Health behaviors,2017,2014,17.1,%,Lower is better,4,17.2625,0.0375,0.22,Worse,Raleigh,13.8,Atlanta,19.6
Raleigh,"Wake County, NC",Food Insecurity,Health behaviors,2017,2014,13.8,%,Lower is better,4,17.2625,0.0375,0.22,Worse,Raleigh,13.8,Atlanta,19.6
Durham,"Durham County, NC",Food Insecurity,Health behaviors,2017,2014,18.3,%,Lower is better,4,17.2625,0.0375,0.22,Worse,Raleigh,13.8,Atlanta,19.6
Charlotte,"Mecklenburg County, NC",Food Insecurity,Health behaviors,2017,2014,17.1,%,Lower is better,4,17.2625,0.0375,0.22,Worse,Raleigh,13.8,Atlanta,19.6
Denver,"Denver County, CO",Food Insecurity,Health behaviors,2017,2014,14.8,%,Lower is better,4,17.2625,0.0375,0.22,Worse,Raleigh,13.8,Atlanta,19.6
Atlanta,"Fulton County, GA",Food Insecurity,Health behaviors,2017,2014,19.6,%,Lower is better,4,17.2625,0.0375,0.22,Worse,Raleigh,13.8,Atlanta,19.6
Fort Worth,"Tarrant County, TX",Food Insecurity,Health behaviors,2017,2014,18.1,%,Lower is better,4,17.2625,0.0375,0.22,Worse,Raleigh,13.8,Atlanta,19.6
Dallas,"Dallas County, TX",Food Insecurity,Health behaviors,2017,2014,19.3,%,Lower is better,4,17.2625,0.0375,0.22,Worse,Raleigh,13.8,Atlanta,19.6
Nashville,"Davidson County, TN",Food Insecurity,Health behaviors,2017,2014,17.3,%,Lower is better,4,17.2625,0.0375,0.22,Worse,Raleigh,13.8,Atlanta,19.6
Austin,"Travis County, TX",Drug Overdose Deaths,Health behaviors,2017,2013-2015,12.294641073,"deaths per 100,000 population",Lower is better,9,11.361104,9.228794,81.23,Worse,Raleigh,8.0742618557,Nashville,20.589898087
Raleigh,"Wake County, NC",Drug Overdose Deaths,Health behaviors,2017,2013-2015,8.0742618557,"deaths per 100,000 population",Lower is better,9,11.361104,9.228794,81.23,Worse,Raleigh,8.0742618557,Nashville,20.589898087
Durham,"Durham County, NC",Drug Overdose Deaths,Health behaviors,2017,2013-2015,8.4885319933,"deaths per 100,000 population",Lower is better,9,11.361104,9.228794,81.23,Worse,Raleigh,8.0742618557,Nashville,20.589898087
Charlotte,"Mecklenburg County, NC",Drug Overdose Deaths,Health behaviors,2017,2013-2015,9.3166086491,"deaths per 100,000 population",Lower is better,9,11.361104,9.228794,81.23,Worse,Raleigh,8.0742618557,Nashville,20.589898087
Denver,"Denver County, CO",Drug Overdose Deaths,Health behaviors,2017,2013-2015,18.53798433,"deaths per 100,000 population",Lower is better,9,11.361104,9.228794,81.23,Worse,Raleigh,8.0742618557,Nashville,20.589898087
Atlanta,"Fulton County, GA",Drug Overdose Deaths,Health behaviors,2017,2013-2015,13.706992639,"deaths per 100,000 population",Lower is better,9,11.361104,9.228794,81.23,Worse,Raleigh,8.0742618557,Nashville,20.589898087
Fort Worth,"Tarrant County, TX",Drug Overdose Deaths,Health behaviors,2017,2013-2015,8.8707759138,"deaths per 100,000 population",Lower is better,9,11.361104,9.228794,81.23,Worse,Raleigh,8.0742618557,Nashville,20.589898087
Dallas,"Dallas County, TX",Drug Overdose Deaths,Health behaviors,2017,2013-2015,11.599032567,"deaths per 100,000 population",Lower is better,9,11.361104,9.228794,81.23,Worse,Raleigh,8.0742618557,Nashville,20.589898087
Nashville,"Davidson County, TN",Drug Overdose Deaths,Health behaviors,2017,2013-2015,20.589898087,"deaths per 100,000 population",Lower is better,9,11.361104,9.228794,81.23,Worse,Raleigh,8.0742618557,Nashville,20.589898087
Austin,"Travis County, TX",Access to Exercise Opportunities,Health behaviors,2017,2010 & 2014,96.994921241,%,Higher is better,9,94.121437,-7.721977,-8.20,Worse,Denver,99.69358069,Nashville,86.399460012
Raleigh,"Wake County, NC",Access to Exercise Opportunities,Health behaviors,2017,2010 & 2014,91.290942327,%,Higher is better,9,94.121437,-7.721977,-8.20,Worse,Denver,99.69358069,Nashville,86.399460012
Durham,"Durham County, NC",Access to Exercise Opportunities,Health behaviors,2017,2010 & 2014,90.645659169,%,Higher is better,9,94.121437,-7.721977,-8.20,Worse,Denver,99.69358069,Nashville,86.399460012
Charlotte,"Mecklenburg County, NC",Access to Exercise Opportunities,Health behaviors,2017,2010 & 2014,89.494882713,%,Higher is better,9,94.121437,-7.721977,-8.20,Worse,Denver,99.69358069,Nashville,86.399460012
Denver,"Denver County, CO",Access to Exercise Opportunities,Health behaviors,2017,2010 & 2014,99.69358069,%,Higher is better,9,94.121437,-7.721977,-8.20,Worse,Denver,99.69358069,Nashville,86.399460012
Atlanta,"Fulton County, GA",Access to Exercise Opportunities,Health behaviors,2017,2010 & 2014,90.244964865,%,Higher is better,9,94.121437,-7.721977,-8.20,Worse,Denver,99.69358069,Nashville,86.399460012
Fort Worth,"Tarrant County, TX",Access to Exercise Opportunities,Health behaviors,2017,2010 & 2014,97.013544245,%,Higher is better,9,94.121437,-7.721977,-8.20,Worse,Denver,99.69358069,Nashville,86.399460012
Dallas,"Dallas County, TX",Access to Exercise Opportunities,Health behaviors,2017,2010 & 2014,97.593004465,%,Higher is better,9,94.121437,-7.721977,-8.20,Worse,Denver,99.69358069,Nashville,86.399460012
Nashville,"Davidson County, TN",Access to Exercise Opportunities,Health behaviors,2017,2010 & 2014,86.399460012,%,Higher is better,9,94.121437,-7.721977,-8.20,Worse,Denver,99.69358069,Nashville,86.399460012
Austin,"Travis County, TX",Uninsured,Clinical care,2017,2014,18.501530238,%,Lower is better,5,16.966217,-0.531065,-3.13,Better,Raleigh,12.030657724,Dallas,24.961261892
Raleigh,"Wake County, NC",Uninsured,Clinical care,2017,2014,12.030657724,%,Lower is better,5,16.966217,-0.531065,-3.13,Better,Raleigh,12.030657724,Dallas,24.961261892
Durham,"Durham County, NC",Uninsured,Clinical care,2017,2014,15.052943127,%,Lower is better,5,16.966217,-0.531065,-3.13,Better,Raleigh,12.030657724,Dallas,24.961261892
Charlotte,"Mecklenburg County, NC",Uninsured,Clinical care,2017,2014,14.903089044,%,Lower is better,5,16.966217,-0.531065,-3.13,Better,Raleigh,12.030657724,Dallas,24.961261892
Denver,"Denver County, CO",Uninsured,Clinical care,2017,2014,13.963357133,%,Lower is better,5,16.966217,-0.531065,-3.13,Better,Raleigh,12.030657724,Dallas,24.961261892
Atlanta,"Fulton County, GA",Uninsured,Clinical care,2017,2014,16.503338765,%,Lower is better,5,16.966217,-0.531065,-3.13,Better,Raleigh,12.030657724,Dallas,24.961261892
Fort Worth,"Tarrant County, TX",Uninsured,Clinical care,2017,2014,19.813555087,%,Lower is better,5,16.966217,-0.531065,-3.13,Better,Raleigh,12.030657724,Dallas,24.961261892
Dallas,"Dallas County, TX",Uninsured,Clinical care,2017,2014,24.961261892,%,Lower is better,5,16.966217,-0.531065,-3.13,Better,Raleigh,12.030657724,Dallas,24.961261892
Nashville,"Davidson County, TN",Uninsured,Clinical care,2017,2014,16.435151927,%,Lower is better,5,16.966217,-0.531065,-3.13,Better,Raleigh,12.030657724,Dallas,24.961261892
Austin,"Travis County, TX",Primary Care Physicians,Clinical care,2017,2014,1170,residents per primary care physician,Lower is better,4,1155,-77,-6.67,Better,Denver,776,Fort Worth,1756
Raleigh,"Wake County, NC",Primary Care Physicians,Clinical care,2017,2014,1160,residents per primary care physician,Lower is better,4,1155,-77,-6.67,Better,Denver,776,Fort Worth,1756
Durham,"Durham County, NC",Primary Care Physicians,Clinical care,2017,2014,813,residents per primary care physician,Lower is better,4,1155,-77,-6.67,Better,Denver,776,Fort Worth,1756
Charlotte,"Mecklenburg County, NC",Primary Care Physicians,Clinical care,2017,2014,1134,residents per primary care physician,Lower is better,4,1155,-77,-6.67,Better,Denver,776,Fort Worth,1756
Denver,"Denver County, CO",Primary Care Physicians,Clinical care,2017,2014,776,residents per primary care physician,Lower is better,4,1155,-77,-6.67,Better,Denver,776,Fort Worth,1756
Atlanta,"Fulton County, GA",Primary Care Physicians,Clinical care,2017,2014,948,residents per primary care physician,Lower is better,4,1155,-77,-6.67,Better,Denver,776,Fort Worth,1756
Fort Worth,"Tarrant County, TX",Primary Care Physicians,Clinical care,2017,2014,1756,residents per primary care physician,Lower is better,4,1155,-77,-6.67,Better,Denver,776,Fort Worth,1756
Dallas,"Dallas County, TX",Primary Care Physicians,Clinical care,2017,2014,1483,residents per primary care physician,Lower is better,4,1155,-77,-6.67,Better,Denver,776,Fort Worth,1756
Nashville,"Davidson County, TN",Primary Care Physicians,Clinical care,2017,2014,1078,residents per primary care physician,Lower is better,4,1155,-77,-6.67,Better,Denver,776,Fort Worth,1756
Austin,"Travis County, TX",Mental Health Providers,Clinical care,2017,2016,446,residents per mental health provider,Lower is better,3,515.5,-140.5,-27.26,Better,Durham,197,Fort Worth,1086
Raleigh,"Wake County, NC",Mental Health Providers,Clinical care,2017,2016,395,residents per mental health provider,Lower is better,3,515.5,-140.5,-27.26,Better,Durham,197,Fort Worth,1086
Durham,"Durham County, NC",Mental Health Providers,Clinical care,2017,2016,197,residents per mental health provider,Lower is better,3,515.5,-140.5,-27.26,Better,Durham,197,Fort Worth,1086
Charlotte,"Mecklenburg County, NC",Mental Health Providers,Clinical care,2017,2016,433,residents per mental health provider,Lower is better,3,515.5,-140.5,-27.26,Better,Durham,197,Fort Worth,1086
Denver,"Denver County, CO",Mental Health Providers,Clinical care,2017,2016,218,residents per mental health provider,Lower is better,3,515.5,-140.5,-27.26,Better,Durham,197,Fort Worth,1086
Atlanta,"Fulton County, GA",Mental Health Providers,Clinical care,2017,2016,523,residents per mental health provider,Lower is better,3,515.5,-140.5,-27.26,Better,Durham,197,Fort Worth,1086
Fort Worth,"Tarrant County, TX",Mental Health Providers,Clinical care,2017,2016,1086,residents per mental health provider,Lower is better,3,515.5,-140.5,-27.26,Better,Durham,197,Fort Worth,1086
Dallas,"Dallas County, TX",Mental Health Providers,Clinical care,2017,2016,826,residents per mental health provider,Lower is better,3,515.5,-140.5,-27.26,Better,Durham,197,Fort Worth,1086
Nashville,"Davidson County, TN",Mental Health Providers,Clinical care,2017,2016,375,residents per mental health provider,Lower is better,3,515.5,-140.5,-27.26,Better,Durham,197,Fort Worth,1086
Austin,"Travis County, TX",Preventable Hospital Stays,Clinical care,2017,2014,4472,"hospital stays per 100,000 Medicare enrollees",Lower is better,9,4131.875,1479.125,35.80,Worse,Denver,3054,Nashville,5611
Raleigh,"Wake County, NC",Preventable Hospital Stays,Clinical care,2017,2014,3767,"hospital stays per 100,000 Medicare enrollees",Lower is better,9,4131.875,1479.125,35.80,Worse,Denver,3054,Nashville,5611
Durham,"Durham County, NC",Preventable Hospital Stays,Clinical care,2017,2014,4309,"hospital stays per 100,000 Medicare enrollees",Lower is better,9,4131.875,1479.125,35.80,Worse,Denver,3054,Nashville,5611
Charlotte,"Mecklenburg County, NC",Preventable Hospital Stays,Clinical care,2017,2014,3652,"hospital stays per 100,000 Medicare enrollees",Lower is better,9,4131.875,1479.125,35.80,Worse,Denver,3054,Nashville,5611
Denver,"Denver County, CO",Preventable Hospital Stays,Clinical care,2017,2014,3054,"hospital stays per 100,000 Medicare enrollees",Lower is better,9,4131.875,1479.125,35.80,Worse,Denver,3054,Nashville,5611
Atlanta,"Fulton County, GA",Preventable Hospital Stays,Clinical care,2017,2014,4046,"hospital stays per 100,000 Medicare enrollees",Lower is better,9,4131.875,1479.125,35.80,Worse,Denver,3054,Nashville,5611
Fort Worth,"Tarrant County, TX",Preventable Hospital Stays,Clinical care,2017,2014,5059,"hospital stays per 100,000 Medicare enrollees",Lower is better,9,4131.875,1479.125,35.80,Worse,Denver,3054,Nashville,5611
Dallas,"Dallas County, TX",Preventable Hospital Stays,Clinical care,2017,2014,4696,"hospital stays per 100,000 Medicare enrollees",Lower is better,9,4131.875,1479.125,35.80,Worse,Denver,3054,Nashville,5611
Nashville,"Davidson County, TN",Preventable Hospital Stays,Clinical care,2017,2014,5611,"hospital stays per 100,000 Medicare enrollees",Lower is better,9,4131.875,1479.125,35.80,Worse,Denver,3054,Nashville,5611
Austin,"Travis County, TX",Children in Poverty,Social & economic,2017,2015,17.8,%,Lower is better,8,21.175,5.325,25.15,Worse,Raleigh,14.7,Nashville,26.5
Raleigh,"Wake County, NC",Children in Poverty,Social & economic,2017,2015,14.7,%,Lower is better,8,21.175,5.325,25.15,Worse,Raleigh,14.7,Nashville,26.5
Durham,"Durham County, NC",Children in Poverty,Social & economic,2017,2015,26,%,Lower is better,8,21.175,5.325,25.15,Worse,Raleigh,14.7,Nashville,26.5
Charlotte,"Mecklenburg County, NC",Children in Poverty,Social & economic,2017,2015,19.1,%,Lower is better,8,21.175,5.325,25.15,Worse,Raleigh,14.7,Nashville,26.5
Denver,"Denver County, CO",Children in Poverty,Social & economic,2017,2015,23.1,%,Lower is better,8,21.175,5.325,25.15,Worse,Raleigh,14.7,Nashville,26.5
Atlanta,"Fulton County, GA",Children in Poverty,Social & economic,2017,2015,23.8,%,Lower is better,8,21.175,5.325,25.15,Worse,Raleigh,14.7,Nashville,26.5
Fort Worth,"Tarrant County, TX",Children in Poverty,Social & economic,2017,2015,18.4,%,Lower is better,8,21.175,5.325,25.15,Worse,Raleigh,14.7,Nashville,26.5
Dallas,"Dallas County, TX",Children in Poverty,Social & economic,2017,2015,26.5,%,Lower is better,8,21.175,5.325,25.15,Worse,Raleigh,14.7,Nashville,26.5
Nashville,"Davidson County, TN",Children in Poverty,Social & economic,2017,2015,26.5,%,Lower is better,8,21.175,5.325,25.15,Worse,Raleigh,14.7,Nashville,26.5
Austin,"Travis County, TX",Unemployment,Social & economic,2017,2015,3.2709676929,%,Lower is better,5,4.533112,-0.069469,-1.53,Better,Austin,3.2709676929,Atlanta,5.8486526221
Raleigh,"Wake County, NC",Unemployment,Social & economic,2017,2015,4.6508178973,%,Lower is better,5,4.533112,-0.069469,-1.53,Better,Austin,3.2709676929,Atlanta,5.8486526221
Durham,"Durham County, NC",Unemployment,Social & economic,2017,2015,5.0098080695,%,Lower is better,5,4.533112,-0.069469,-1.53,Better,Austin,3.2709676929,Atlanta,5.8486526221
Charlotte,"Mecklenburg County, NC",Unemployment,Social & economic,2017,2015,5.3605281035,%,Lower is better,5,4.533112,-0.069469,-1.53,Better,Austin,3.2709676929,Atlanta,5.8486526221
Denver,"Denver County, CO",Unemployment,Social & economic,2017,2015,3.7034753919,%,Lower is better,5,4.533112,-0.069469,-1.53,Better,Austin,3.2709676929,Atlanta,5.8486526221
Atlanta,"Fulton County, GA",Unemployment,Social & economic,2017,2015,5.8486526221,%,Lower is better,5,4.533112,-0.069469,-1.53,Better,Austin,3.2709676929,Atlanta,5.8486526221
Fort Worth,"Tarrant County, TX",Unemployment,Social & economic,2017,2015,4.1548487168,%,Lower is better,5,4.533112,-0.069469,-1.53,Better,Austin,3.2709676929,Atlanta,5.8486526221
Dallas,"Dallas County, TX",Unemployment,Social & economic,2017,2015,4.2658001319,%,Lower is better,5,4.533112,-0.069469,-1.53,Better,Austin,3.2709676929,Atlanta,5.8486526221
Nashville,"Davidson County, TN",Unemployment,Social & economic,2017,2015,4.4636435015,%,Lower is better,5,4.533112,-0.069469,-1.53,Better,Austin,3.2709676929,Atlanta,5.8486526221
Austin,"Travis County, TX",Median Household Income,Social & economic,2017,2015,65244,USD,Higher is better,8,59641.625,-7642.625,-12.81,Worse,Raleigh,70629,Dallas,51824
Raleigh,"Wake County, NC",Median Household Income,Social & economic,2017,2015,70629,USD,Higher is better,8,59641.625,-7642.625,-12.81,Worse,Raleigh,70629,Dallas,51824
Durham,"Durham County, NC",Median Household Income,Social & economic,2017,2015,53875,USD,Higher is better,8,59641.625,-7642.625,-12.81,Worse,Raleigh,70629,Dallas,51824
Charlotte,"Mecklenburg County, NC",Median Household Income,Social & economic,2017,2015,57029,USD,Higher is better,8,59641.625,-7642.625,-12.81,Worse,Raleigh,70629,Dallas,51824
Denver,"Denver County, CO",Median Household Income,Social & economic,2017,2015,57886,USD,Higher is better,8,59641.625,-7642.625,-12.81,Worse,Raleigh,70629,Dallas,51824
Atlanta,"Fulton County, GA",Median Household Income,Social & economic,2017,2015,59911,USD,Higher is better,8,59641.625,-7642.625,-12.81,Worse,Raleigh,70629,Dallas,51824
Fort Worth,"Tarrant County, TX",Median Household Income,Social & economic,2017,2015,60735,USD,Higher is better,8,59641.625,-7642.625,-12.81,Worse,Raleigh,70629,Dallas,51824
Dallas,"Dallas County, TX",Median Household Income,Social & economic,2017,2015,51824,USD,Higher is better,8,59641.625,-7642.625,-12.81,Worse,Raleigh,70629,Dallas,51824
Nashville,"Davidson County, TN",Median Household Income,Social & economic,2017,2015,51999,USD,Higher is better,8,59641.625,-7642.625,-12.81,Worse,Raleigh,70629,Dallas,51824
Austin,"Travis County, TX",High School Completion,Social & economic,2017,,,%,Higher is better,,,,,,,,,
Raleigh,"Wake County, NC",High School Completion,Social & economic,2017,,,%,Higher is better,,,,,,,,,
Durham,"Durham County, NC",High School Completion,Social & economic,2017,,,%,Higher is better,,,,,,,,,
Charlotte,"Mecklenburg County, NC",High School Completion,Social & economic,2017,,,%,Higher is better,,,,,,,,,
Denver,"Denver County, CO",High School Completion,Social & economic,2017,,,%,Higher is better,,,,,,,,,
Atlanta,"Fulton County, GA",High School Completion,Social & economic,2017,,,%,Higher is better,,,,,,,,,
Fort Worth,"Tarrant County, TX",High School Completion,Social & economic,2017,,,%,Higher is better,,,,,,,,,
Dallas,"Dallas County, TX",High School Completion,Social & economic,2017,,,%,Higher is better,,,,,,,,,
Nashville,"Davidson County, TN",High School Completion,Social & economic,2017,,,%,Higher is better,,,,,,,,,
Austin,"Travis County, TX",Income Inequality,Social & economic,2017,2011-2015,4.8324467052,80th/20th percentile income ratio,Lower is better,3,4.930493,-0.371234,-7.53,Better,Raleigh,4.2752653061,Atlanta,6.1877240989
Raleigh,"Wake County, NC",Income Inequality,Social & economic,2017,2011-2015,4.2752653061,80th/20th percentile income ratio,Lower is better,3,4.930493,-0.371234,-7.53,Better,Raleigh,4.2752653061,Atlanta,6.1877240989
Durham,"Durham County, NC",Income Inequality,Social & economic,2017,2011-2015,4.9615897082,80th/20th percentile income ratio,Lower is better,3,4.930493,-0.371234,-7.53,Better,Raleigh,4.2752653061,Atlanta,6.1877240989
Charlotte,"Mecklenburg County, NC",Income Inequality,Social & economic,2017,2011-2015,4.7419485027,80th/20th percentile income ratio,Lower is better,3,4.930493,-0.371234,-7.53,Better,Raleigh,4.2752653061,Atlanta,6.1877240989
Denver,"Denver County, CO",Income Inequality,Social & economic,2017,2011-2015,5.2245368237,80th/20th percentile income ratio,Lower is better,3,4.930493,-0.371234,-7.53,Better,Raleigh,4.2752653061,Atlanta,6.1877240989
Atlanta,"Fulton County, GA",Income Inequality,Social & economic,2017,2011-2015,6.1877240989,80th/20th percentile income ratio,Lower is better,3,4.930493,-0.371234,-7.53,Better,Raleigh,4.2752653061,Atlanta,6.1877240989
Fort Worth,"Tarrant County, TX",Income Inequality,Social & economic,2017,2011-2015,4.4977235837,80th/20th percentile income ratio,Lower is better,3,4.930493,-0.371234,-7.53,Better,Raleigh,4.2752653061,Atlanta,6.1877240989
Dallas,"Dallas County, TX",Income Inequality,Social & economic,2017,2011-2015,4.7227106227,80th/20th percentile income ratio,Lower is better,3,4.930493,-0.371234,-7.53,Better,Raleigh,4.2752653061,Atlanta,6.1877240989
Nashville,"Davidson County, TN",Income Inequality,Social & economic,2017,2011-2015,4.559258734,80th/20th percentile income ratio,Lower is better,3,4.930493,-0.371234,-7.53,Better,Raleigh,4.2752653061,Atlanta,6.1877240989
Austin,"Travis County, TX",Severe Housing Problems,Physical environment,2017,2009-2013,21.532018209,%,Lower is better,4,19.293488,-1.098392,-5.69,Better,Raleigh,14.541412693,Dallas,22.163387042
Raleigh,"Wake County, NC",Severe Housing Problems,Physical environment,2017,2009-2013,14.541412693,%,Lower is better,4,19.293488,-1.098392,-5.69,Better,Raleigh,14.541412693,Dallas,22.163387042
Durham,"Durham County, NC",Severe Housing Problems,Physical environment,2017,2009-2013,18.476746798,%,Lower is better,4,19.293488,-1.098392,-5.69,Better,Raleigh,14.541412693,Dallas,22.163387042
Charlotte,"Mecklenburg County, NC",Severe Housing Problems,Physical environment,2017,2009-2013,18.050669503,%,Lower is better,4,19.293488,-1.098392,-5.69,Better,Raleigh,14.541412693,Dallas,22.163387042
Denver,"Denver County, CO",Severe Housing Problems,Physical environment,2017,2009-2013,20.44574736,%,Lower is better,4,19.293488,-1.098392,-5.69,Better,Raleigh,14.541412693,Dallas,22.163387042
Atlanta,"Fulton County, GA",Severe Housing Problems,Physical environment,2017,2009-2013,21.26105083,%,Lower is better,4,19.293488,-1.098392,-5.69,Better,Raleigh,14.541412693,Dallas,22.163387042
Fort Worth,"Tarrant County, TX",Severe Housing Problems,Physical environment,2017,2009-2013,17.876874806,%,Lower is better,4,19.293488,-1.098392,-5.69,Better,Raleigh,14.541412693,Dallas,22.163387042
Dallas,"Dallas County, TX",Severe Housing Problems,Physical environment,2017,2009-2013,22.163387042,%,Lower is better,4,19.293488,-1.098392,-5.69,Better,Raleigh,14.541412693,Dallas,22.163387042
Nashville,"Davidson County, TN",Severe Housing Problems,Physical environment,2017,2009-2013,18.195096302,%,Lower is better,4,19.293488,-1.098392,-5.69,Better,Raleigh,14.541412693,Dallas,22.163387042
Austin,"Travis County, TX",Air Pollution – Particulate Matter,Physical environment,2017,2012,10,µg/m³ PM2.5,Lower is better,6,10.0375,0.4625,4.61,Worse,Denver,8.6,Fort Worth,10.9
Raleigh,"Wake County, NC",Air Pollution – Particulate Matter,Physical environment,2017,2012,9.8,µg/m³ PM2.5,Lower is better,6,10.0375,0.4625,4.61,Worse,Denver,8.6,Fort Worth,10.9
Durham,"Durham County, NC",Air Pollution – Particulate Matter,Physical environment,2017,2012,9.4,µg/m³ PM2.5,Lower is better,6,10.0375,0.4625,4.61,Worse,Denver,8.6,Fort Worth,10.9
Charlotte,"Mecklenburg County, NC",Air Pollution – Particulate Matter,Physical environment,2017,2012,10.7,µg/m³ PM2.5,Lower is better,6,10.0375,0.4625,4.61,Worse,Denver,8.6,Fort Worth,10.9
Denver,"Denver County, CO",Air Pollution – Particulate Matter,Physical environment,2017,2012,8.6,µg/m³ PM2.5,Lower is better,6,10.0375,0.4625,4.61,Worse,Denver,8.6,Fort Worth,10.9
Atlanta,"Fulton County, GA",Air Pollution – Particulate Matter,Physical environment,2017,2012,10.8,µg/m³ PM2.5,Lower is better,6,10.0375,0.4625,4.61,Worse,Denver,8.6,Fort Worth,10.9
Fort Worth,"Tarrant County, TX",Air Pollution – Particulate Matter,Physical environment,2017,2012,10.9,µg/m³ PM2.5,Lower is better,6,10.0375,0.4625,4.61,Worse,Denver,8.6,Fort Worth,10.9
Dallas,"Dallas County, TX",Air Pollution – Particulate Matter,Physical environment,2017,2012,10.1,µg/m³ PM2.5,Lower is better,6,10.0375,0.4625,4.61,Worse,Denver,8.6,Fort Worth,10.9
Nashville,"Davidson County, TN",Air Pollution – Particulate Matter,Physical environment,2017,2012,10.5,µg/m³ PM2.5,Lower is better,6,10.0375,0.4625,4.61,Worse,Denver,8.6,Fort Worth,10.9
Austin,"Travis County, TX",Suicide Rate,Health outcomes / well-being,2017,,,"deaths per 100,000 population",Lower is better,,,,,,,,,
Raleigh,"Wake County, NC",Suicide Rate,Health outcomes / well-being,2017,,,"deaths per 100,000 population",Lower is better,,,,,,,,,
Durham,"Durham County, NC",Suicide Rate,Health outcomes / well-being,2017,,,"deaths per 100,000 population",Lower is better,,,,,,,,,
Charlotte,"Mecklenburg County, NC",Suicide Rate,Health outcomes / well-being,2017,,,"deaths per 100,000 population",Lower is better,,,,,,,,,
Denver,"Denver County, CO",Suicide Rate,Health outcomes / well-being,2017,,,"deaths per 100,000 population",Lower is better,,,,,,,,,
Atlanta,"Fulton County, GA",Suicide Rate,Health outcomes / well-being,2017,,,"deaths per 100,000 population",Lower is better,,,,,,,,,
Fort Worth,"Tarrant County, TX",Suicide Rate,Health outcomes / well-being,2017,,,"deaths per 100,000 population",Lower is better,,,,,,,,,
Dallas,"Dallas County, TX",Suicide Rate,Health outcomes / well-being,2017,,,"deaths per 100,000 population",Lower is better,,,,,,,,,
Nashville,"Davidson County, TN",Suicide Rate,Health outcomes / well-being,2017,,,"deaths per 100,000 population",Lower is better,,,,,,,,,
Austin,"Travis County, TX",Teen Birth Rate,Health behaviors,2017,2008-2014,38.038467311,"births per 1,000 females ages 15–19",Lower is better,6,38.474712,0.554935,1.44,Worse,Raleigh,20.055419279,Dallas,55.516824729
Raleigh,"Wake County, NC",Teen Birth Rate,Health behaviors,2017,2008-2014,20.055419279,"births per 1,000 females ages 15–19",Lower is better,6,38.474712,0.554935,1.44,Worse,Raleigh,20.055419279,Dallas,55.516824729
Durham,"Durham County, NC",Teen Birth Rate,Health behaviors,2017,2008-2014,34.10455781,"births per 1,000 females ages 15–19",Lower is better,6,38.474712,0.554935,1.44,Worse,Raleigh,20.055419279,Dallas,55.516824729
Charlotte,"Mecklenburg County, NC",Teen Birth Rate,Health behaviors,2017,2008-2014,30.649109043,"births per 1,000 females ages 15–19",Lower is better,6,38.474712,0.554935,1.44,Worse,Raleigh,20.055419279,Dallas,55.516824729
Denver,"Denver County, CO",Teen Birth Rate,Health behaviors,2017,2008-2014,51.616562677,"births per 1,000 females ages 15–19",Lower is better,6,38.474712,0.554935,1.44,Worse,Raleigh,20.055419279,Dallas,55.516824729
Atlanta,"Fulton County, GA",Teen Birth Rate,Health behaviors,2017,2008-2014,34.597589891,"births per 1,000 females ages 15–19",Lower is better,6,38.474712,0.554935,1.44,Worse,Raleigh,20.055419279,Dallas,55.516824729
Fort Worth,"Tarrant County, TX",Teen Birth Rate,Health behaviors,2017,2008-2014,43.219168242,"births per 1,000 females ages 15–19",Lower is better,6,38.474712,0.554935,1.44,Worse,Raleigh,20.055419279,Dallas,55.516824729
Dallas,"Dallas County, TX",Teen Birth Rate,Health behaviors,2017,2008-2014,55.516824729,"births per 1,000 females ages 15–19",Lower is better,6,38.474712,0.554935,1.44,Worse,Raleigh,20.055419279,Dallas,55.516824729
Nashville,"Davidson County, TN",Teen Birth Rate,Health behaviors,2017,2008-2014,39.029647158,"births per 1,000 females ages 15–19",Lower is better,6,38.474712,0.554935,1.44,Worse,Raleigh,20.055419279,Dallas,55.516824729
Austin,"Travis County, TX",Injury Deaths,Health outcomes / well-being,2017,2011-2015,57.26391209,"deaths per 100,000 population",Lower is better,9,52.374935,24.290734,46.38,Worse,Raleigh,38.408652072,Nashville,76.665669587
Raleigh,"Wake County, NC",Injury Deaths,Health outcomes / well-being,2017,2011-2015,38.408652072,"deaths per 100,000 population",Lower is better,9,52.374935,24.290734,46.38,Worse,Raleigh,38.408652072,Nashville,76.665669587
Durham,"Durham County, NC",Injury Deaths,Health outcomes / well-being,2017,2011-2015,50.049492614,"deaths per 100,000 population",Lower is better,9,52.374935,24.290734,46.38,Worse,Raleigh,38.408652072,Nashville,76.665669587
Charlotte,"Mecklenburg County, NC",Injury Deaths,Health outcomes / well-being,2017,2011-2015,43.66803407,"deaths per 100,000 population",Lower is better,9,52.374935,24.290734,46.38,Worse,Raleigh,38.408652072,Nashville,76.665669587
Denver,"Denver County, CO",Injury Deaths,Health outcomes / well-being,2017,2011-2015,76.150682972,"deaths per 100,000 population",Lower is better,9,52.374935,24.290734,46.38,Worse,Raleigh,38.408652072,Nashville,76.665669587
Atlanta,"Fulton County, GA",Injury Deaths,Health outcomes / well-being,2017,2011-2015,56.92739277,"deaths per 100,000 population",Lower is better,9,52.374935,24.290734,46.38,Worse,Raleigh,38.408652072,Nashville,76.665669587
Fort Worth,"Tarrant County, TX",Injury Deaths,Health outcomes / well-being,2017,2011-2015,45.509802268,"deaths per 100,000 population",Lower is better,9,52.374935,24.290734,46.38,Worse,Raleigh,38.408652072,Nashville,76.665669587
Dallas,"Dallas County, TX",Injury Deaths,Health outcomes / well-being,2017,2011-2015,51.021512998,"deaths per 100,000 population",Lower is better,9,52.374935,24.290734,46.38,Worse,Raleigh,38.408652072,Nashville,76.665669587
Nashville,"Davidson County, TN",Injury Deaths,Health outcomes / well-being,2017,2011-2015,76.665669587,"deaths per 100,000 population",Lower is better,9,52.374935,24.290734,46.38,Worse,Raleigh,38.408652072,Nashville,76.665669587
Austin,"Travis County, TX",Broadband Access,Physical environment,2017,,,%,Higher is better,,,,,,,,,
Raleigh,"Wake County, NC",Broadband Access,Physical environment,2017,,,%,Higher is better,,,,,,,,,
Durham,"Durham County, NC",Broadband Access,Physical environment,2017,,,%,Higher is better,,,,,,,,,
Charlotte,"Mecklenburg County, NC",Broadband Access,Physical environment,2017,,,%,Higher is better,,,,,,,,,
Denver,"Denver County, CO",Broadband Access,Physical environment,2017,,,%,Higher is better,,,,,,,,,
Atlanta,"Fulton County, GA",Broadband Access,Physical environment,2017,,,%,Higher is better,,,,,,,,,
Fort Worth,"Tarrant County, TX",Broadband Access,Physical environment,2017,,,%,Higher is better,,,,,,,,,
Dallas,"Dallas County, TX",Broadband Access,Physical environment,2017,,,%,Higher is better,,,,,,,,,
Nashville,"Davidson County, TN",Broadband Access,Physical environment,2017,,,%,Higher is better,,,,,,,,,
Austin,"Travis County, TX",Severe Housing Cost Burden,Physical environment,2017,,,%,Lower is better,,,,,,,,,
Raleigh,"Wake County, NC",Severe Housing Cost Burden,Physical environment,2017,,,%,Lower is better,,,,,,,,,
Durham,"Durham County, NC",Severe Housing Cost Burden,Physical environment,2017,,,%,Lower is better,,,,,,,,,
Charlotte,"Mecklenburg County, NC",Severe Housing Cost Burden,Physical environment,2017,,,%,Lower is better,,,,,,,,,
Denver,"Denver County, CO",Severe Housing Cost Burden,Physical environment,2017,,,%,Lower is better,,,,,,,,,
Atlanta,"Fulton County, GA",Severe Housing Cost Burden,Physical environment,2017,,,%,Lower is better,,,,,,,,,
Fort Worth,"Tarrant County, TX",Severe Housing Cost Burden,Physical environment,2017,,,%,Lower is better,,,,,,,,,
Dallas,"Dallas County, TX",Severe Housing Cost Burden,Physical environment,2017,,,%,Lower is better,,,,,,,,,
Nashville,"Davidson County, TN",Severe Housing Cost Burden,Physical environment,2017,,,%,Lower is better,,,,,,,,,
Austin,"Travis County, TX",Life Expectancy,Health outcomes / well-being,2018,,,years,Higher is better,,,,,,,,,
Raleigh,"Wake County, NC",Life Expectancy,Health outcomes / well-being,2018,,,years,Higher is better,,,,,,,,,
Durham,"Durham County, NC",Life Expectancy,Health outcomes / well-being,2018,,,years,Higher is better,,,,,,,,,
Charlotte,"Mecklenburg County, NC",Life Expectancy,Health outcomes / well-being,2018,,,years,Higher is better,,,,,,,,,
Denver,"Denver County, CO",Life Expectancy,Health outcomes / well-being,2018,,,years,Higher is better,,,,,,,,,
Atlanta,"Fulton County, GA",Life Expectancy,Health outcomes / well-being,2018,,,years,Higher is better,,,,,,,,,
Fort Worth,"Tarrant County, TX",Life Expectancy,Health outcomes / well-being,2018,,,years,Higher is better,,,,,,,,,
Dallas,"Dallas County, TX",Life Expectancy,Health outcomes / well-being,2018,,,years,Higher is better,,,,,,,,,
Nashville,"Davidson County, TN",Life Expectancy,Health outcomes / well-being,2018,,,years,Higher is better,,,,,,,,,
Austin,"Travis County, TX",Infant Mortality,Health outcomes / well-being,2018,2010-2016,4.3787054795,"deaths per 1,000 live births",Lower is better,9,6.105827,1.357952,22.24,Worse,Austin,4.3787054795,Nashville,7.4637787209
Raleigh,"Wake County, NC",Infant Mortality,Health outcomes / well-being,2018,2010-2016,5.8070313378,"deaths per 1,000 live births",Lower is better,9,6.105827,1.357952,22.24,Worse,Austin,4.3787054795,Nashville,7.4637787209
Durham,"Durham County, NC",Infant Mortality,Health outcomes / well-being,2018,2010-2016,6.7003919729,"deaths per 1,000 live births",Lower is better,9,6.105827,1.357952,22.24,Worse,Austin,4.3787054795,Nashville,7.4637787209
Charlotte,"Mecklenburg County, NC",Infant Mortality,Health outcomes / well-being,2018,2010-2016,6.0970693756,"deaths per 1,000 live births",Lower is better,9,6.105827,1.357952,22.24,Worse,Austin,4.3787054795,Nashville,7.4637787209
Denver,"Denver County, CO",Infant Mortality,Health outcomes / well-being,2018,2010-2016,5.4159750162,"deaths per 1,000 live births",Lower is better,9,6.105827,1.357952,22.24,Worse,Austin,4.3787054795,Nashville,7.4637787209
Atlanta,"Fulton County, GA",Infant Mortality,Health outcomes / well-being,2018,2010-2016,6.7354466243,"deaths per 1,000 live births",Lower is better,9,6.105827,1.357952,22.24,Worse,Austin,4.3787054795,Nashville,7.4637787209
Fort Worth,"Tarrant County, TX",Infant Mortality,Health outcomes / well-being,2018,2010-2016,6.8838731509,"deaths per 1,000 live births",Lower is better,9,6.105827,1.357952,22.24,Worse,Austin,4.3787054795,Nashville,7.4637787209
Dallas,"Dallas County, TX",Infant Mortality,Health outcomes / well-being,2018,2010-2016,6.8281241006,"deaths per 1,000 live births",Lower is better,9,6.105827,1.357952,22.24,Worse,Austin,4.3787054795,Nashville,7.4637787209
Nashville,"Davidson County, TN",Infant Mortality,Health outcomes / well-being,2018,2010-2016,7.4637787209,"deaths per 1,000 live births",Lower is better,9,6.105827,1.357952,22.24,Worse,Austin,4.3787054795,Nashville,7.4637787209
Austin,"Travis County, TX",Poor or Fair Health,Health outcomes / well-being,2018,2016,13.955688638,%,Lower is better,7,15.200057,1.670841,10.99,Worse,Raleigh,12.612270743,Dallas,19.47684227
Raleigh,"Wake County, NC",Poor or Fair Health,Health outcomes / well-being,2018,2016,12.612270743,%,Lower is better,7,15.200057,1.670841,10.99,Worse,Raleigh,12.612270743,Dallas,19.47684227
Durham,"Durham County, NC",Poor or Fair Health,Health outcomes / well-being,2018,2016,16.963408513,%,Lower is better,7,15.200057,1.670841,10.99,Worse,Raleigh,12.612270743,Dallas,19.47684227
Charlotte,"Mecklenburg County, NC",Poor or Fair Health,Health outcomes / well-being,2018,2016,14.454699953,%,Lower is better,7,15.200057,1.670841,10.99,Worse,Raleigh,12.612270743,Dallas,19.47684227
Denver,"Denver County, CO",Poor or Fair Health,Health outcomes / well-being,2018,2016,14.335835413,%,Lower is better,7,15.200057,1.670841,10.99,Worse,Raleigh,12.612270743,Dallas,19.47684227
Atlanta,"Fulton County, GA",Poor or Fair Health,Health outcomes / well-being,2018,2016,13.867739862,%,Lower is better,7,15.200057,1.670841,10.99,Worse,Raleigh,12.612270743,Dallas,19.47684227
Fort Worth,"Tarrant County, TX",Poor or Fair Health,Health outcomes / well-being,2018,2016,15.933967082,%,Lower is better,7,15.200057,1.670841,10.99,Worse,Raleigh,12.612270743,Dallas,19.47684227
Dallas,"Dallas County, TX",Poor or Fair Health,Health outcomes / well-being,2018,2016,19.47684227,%,Lower is better,7,15.200057,1.670841,10.99,Worse,Raleigh,12.612270743,Dallas,19.47684227
Nashville,"Davidson County, TN",Poor or Fair Health,Health outcomes / well-being,2018,2016,16.870897229,%,Lower is better,7,15.200057,1.670841,10.99,Worse,Raleigh,12.612270743,Dallas,19.47684227
Austin,"Travis County, TX",Poor Physical Health Days,Health outcomes / well-being,2018,2016,3.1316792622,days per month,Lower is better,9,3.278623,1.072438,32.71,Worse,Raleigh,2.9146633462,Nashville,4.3510613784
Raleigh,"Wake County, NC",Poor Physical Health Days,Health outcomes / well-being,2018,2016,2.9146633462,days per month,Lower is better,9,3.278623,1.072438,32.71,Worse,Raleigh,2.9146633462,Nashville,4.3510613784
Durham,"Durham County, NC",Poor Physical Health Days,Health outcomes / well-being,2018,2016,3.549927272,days per month,Lower is better,9,3.278623,1.072438,32.71,Worse,Raleigh,2.9146633462,Nashville,4.3510613784
Charlotte,"Mecklenburg County, NC",Poor Physical Health Days,Health outcomes / well-being,2018,2016,3.0913984565,days per month,Lower is better,9,3.278623,1.072438,32.71,Worse,Raleigh,2.9146633462,Nashville,4.3510613784
Denver,"Denver County, CO",Poor Physical Health Days,Health outcomes / well-being,2018,2016,3.1684113592,days per month,Lower is better,9,3.278623,1.072438,32.71,Worse,Raleigh,2.9146633462,Nashville,4.3510613784
Atlanta,"Fulton County, GA",Poor Physical Health Days,Health outcomes / well-being,2018,2016,3.3071099586,days per month,Lower is better,9,3.278623,1.072438,32.71,Worse,Raleigh,2.9146633462,Nashville,4.3510613784
Fort Worth,"Tarrant County, TX",Poor Physical Health Days,Health outcomes / well-being,2018,2016,3.6156579122,days per month,Lower is better,9,3.278623,1.072438,32.71,Worse,Raleigh,2.9146633462,Nashville,4.3510613784
Dallas,"Dallas County, TX",Poor Physical Health Days,Health outcomes / well-being,2018,2016,3.4501401506,days per month,Lower is better,9,3.278623,1.072438,32.71,Worse,Raleigh,2.9146633462,Nashville,4.3510613784
Nashville,"Davidson County, TN",Poor Physical Health Days,Health outcomes / well-being,2018,2016,4.3510613784,days per month,Lower is better,9,3.278623,1.072438,32.71,Worse,Raleigh,2.9146633462,Nashville,4.3510613784
Austin,"Travis County, TX",Poor Mental Health Days,Health outcomes / well-being,2018,2016,3.3319336311,days per month,Lower is better,9,3.529785,0.861346,24.40,Worse,Austin,3.3319336311,Nashville,4.3911303008
Raleigh,"Wake County, NC",Poor Mental Health Days,Health outcomes / well-being,2018,2016,3.6130790243,days per month,Lower is better,9,3.529785,0.861346,24.40,Worse,Austin,3.3319336311,Nashville,4.3911303008
Durham,"Durham County, NC",Poor Mental Health Days,Health outcomes / well-being,2018,2016,3.9885868975,days per month,Lower is better,9,3.529785,0.861346,24.40,Worse,Austin,3.3319336311,Nashville,4.3911303008
Charlotte,"Mecklenburg County, NC",Poor Mental Health Days,Health outcomes / well-being,2018,2016,3.3675250517,days per month,Lower is better,9,3.529785,0.861346,24.40,Worse,Austin,3.3319336311,Nashville,4.3911303008
Denver,"Denver County, CO",Poor Mental Health Days,Health outcomes / well-being,2018,2016,3.6067893531,days per month,Lower is better,9,3.529785,0.861346,24.40,Worse,Austin,3.3319336311,Nashville,4.3911303008
Atlanta,"Fulton County, GA",Poor Mental Health Days,Health outcomes / well-being,2018,2016,3.3375904926,days per month,Lower is better,9,3.529785,0.861346,24.40,Worse,Austin,3.3319336311,Nashville,4.3911303008
Fort Worth,"Tarrant County, TX",Poor Mental Health Days,Health outcomes / well-being,2018,2016,3.4646945935,days per month,Lower is better,9,3.529785,0.861346,24.40,Worse,Austin,3.3319336311,Nashville,4.3911303008
Dallas,"Dallas County, TX",Poor Mental Health Days,Health outcomes / well-being,2018,2016,3.5280781132,days per month,Lower is better,9,3.529785,0.861346,24.40,Worse,Austin,3.3319336311,Nashville,4.3911303008
Nashville,"Davidson County, TN",Poor Mental Health Days,Health outcomes / well-being,2018,2016,4.3911303008,days per month,Lower is better,9,3.529785,0.861346,24.40,Worse,Austin,3.3319336311,Nashville,4.3911303008
Austin,"Travis County, TX",Adult Obesity,Health outcomes / well-being,2018,2014,21,%,Lower is better,9,24.4125,5.9875,24.53,Worse,Denver,16.6,Nashville,30.4
Raleigh,"Wake County, NC",Adult Obesity,Health outcomes / well-being,2018,2014,22.9,%,Lower is better,9,24.4125,5.9875,24.53,Worse,Denver,16.6,Nashville,30.4
Durham,"Durham County, NC",Adult Obesity,Health outcomes / well-being,2018,2014,26.4,%,Lower is better,9,24.4125,5.9875,24.53,Worse,Denver,16.6,Nashville,30.4
Charlotte,"Mecklenburg County, NC",Adult Obesity,Health outcomes / well-being,2018,2014,25.1,%,Lower is better,9,24.4125,5.9875,24.53,Worse,Denver,16.6,Nashville,30.4
Denver,"Denver County, CO",Adult Obesity,Health outcomes / well-being,2018,2014,16.6,%,Lower is better,9,24.4125,5.9875,24.53,Worse,Denver,16.6,Nashville,30.4
Atlanta,"Fulton County, GA",Adult Obesity,Health outcomes / well-being,2018,2014,25.8,%,Lower is better,9,24.4125,5.9875,24.53,Worse,Denver,16.6,Nashville,30.4
Fort Worth,"Tarrant County, TX",Adult Obesity,Health outcomes / well-being,2018,2014,28.8,%,Lower is better,9,24.4125,5.9875,24.53,Worse,Denver,16.6,Nashville,30.4
Dallas,"Dallas County, TX",Adult Obesity,Health outcomes / well-being,2018,2014,28.7,%,Lower is better,9,24.4125,5.9875,24.53,Worse,Denver,16.6,Nashville,30.4
Nashville,"Davidson County, TN",Adult Obesity,Health outcomes / well-being,2018,2014,30.4,%,Lower is better,9,24.4125,5.9875,24.53,Worse,Denver,16.6,Nashville,30.4
Austin,"Travis County, TX",Diabetes Prevalence,Health outcomes / well-being,2018,2014,6.8,%,Lower is better,8,8.2375,2.6625,32.32,Worse,Denver,5.5,Nashville,10.9
Raleigh,"Wake County, NC",Diabetes Prevalence,Health outcomes / well-being,2018,2014,8.4,%,Lower is better,8,8.2375,2.6625,32.32,Worse,Denver,5.5,Nashville,10.9
Durham,"Durham County, NC",Diabetes Prevalence,Health outcomes / well-being,2018,2014,8,%,Lower is better,8,8.2375,2.6625,32.32,Worse,Denver,5.5,Nashville,10.9
Charlotte,"Mecklenburg County, NC",Diabetes Prevalence,Health outcomes / well-being,2018,2014,8.7,%,Lower is better,8,8.2375,2.6625,32.32,Worse,Denver,5.5,Nashville,10.9
Denver,"Denver County, CO",Diabetes Prevalence,Health outcomes / well-being,2018,2014,5.5,%,Lower is better,8,8.2375,2.6625,32.32,Worse,Denver,5.5,Nashville,10.9
Atlanta,"Fulton County, GA",Diabetes Prevalence,Health outcomes / well-being,2018,2014,9,%,Lower is better,8,8.2375,2.6625,32.32,Worse,Denver,5.5,Nashville,10.9
Fort Worth,"Tarrant County, TX",Diabetes Prevalence,Health outcomes / well-being,2018,2014,10.8,%,Lower is better,8,8.2375,2.6625,32.32,Worse,Denver,5.5,Nashville,10.9
Dallas,"Dallas County, TX",Diabetes Prevalence,Health outcomes / well-being,2018,2014,8.7,%,Lower is better,8,8.2375,2.6625,32.32,Worse,Denver,5.5,Nashville,10.9
Nashville,"Davidson County, TN",Diabetes Prevalence,Health outcomes / well-being,2018,2014,10.9,%,Lower is better,8,8.2375,2.6625,32.32,Worse,Denver,5.5,Nashville,10.9
Austin,"Travis County, TX",Adult Smoking,Health behaviors,2018,2016,13.202079894,%,Lower is better,9,14.850159,6.098675,41.07,Worse,Austin,13.202079894,Nashville,20.94883479
Raleigh,"Wake County, NC",Adult Smoking,Health behaviors,2018,2016,13.614062446,%,Lower is better,9,14.850159,6.098675,41.07,Worse,Austin,13.202079894,Nashville,20.94883479
Durham,"Durham County, NC",Adult Smoking,Health behaviors,2018,2016,15.934736319,%,Lower is better,9,14.850159,6.098675,41.07,Worse,Austin,13.202079894,Nashville,20.94883479
Charlotte,"Mecklenburg County, NC",Adult Smoking,Health behaviors,2018,2016,15.415858125,%,Lower is better,9,14.850159,6.098675,41.07,Worse,Austin,13.202079894,Nashville,20.94883479
Denver,"Denver County, CO",Adult Smoking,Health behaviors,2018,2016,15.928435817,%,Lower is better,9,14.850159,6.098675,41.07,Worse,Austin,13.202079894,Nashville,20.94883479
Atlanta,"Fulton County, GA",Adult Smoking,Health behaviors,2018,2016,14.812591334,%,Lower is better,9,14.850159,6.098675,41.07,Worse,Austin,13.202079894,Nashville,20.94883479
Fort Worth,"Tarrant County, TX",Adult Smoking,Health behaviors,2018,2016,15.327161996,%,Lower is better,9,14.850159,6.098675,41.07,Worse,Austin,13.202079894,Nashville,20.94883479
Dallas,"Dallas County, TX",Adult Smoking,Health behaviors,2018,2016,14.566349836,%,Lower is better,9,14.850159,6.098675,41.07,Worse,Austin,13.202079894,Nashville,20.94883479
Nashville,"Davidson County, TN",Adult Smoking,Health behaviors,2018,2016,20.94883479,%,Lower is better,9,14.850159,6.098675,41.07,Worse,Austin,13.202079894,Nashville,20.94883479
Austin,"Travis County, TX",Physical Inactivity,Health behaviors,2018,2014,16.4,%,Lower is better,9,19.2125,6.2875,32.73,Worse,Denver,12.4,Nashville,25.5
Raleigh,"Wake County, NC",Physical Inactivity,Health behaviors,2018,2014,17,%,Lower is better,9,19.2125,6.2875,32.73,Worse,Denver,12.4,Nashville,25.5
Durham,"Durham County, NC",Physical Inactivity,Health behaviors,2018,2014,20.3,%,Lower is better,9,19.2125,6.2875,32.73,Worse,Denver,12.4,Nashville,25.5
Charlotte,"Mecklenburg County, NC",Physical Inactivity,Health behaviors,2018,2014,19.4,%,Lower is better,9,19.2125,6.2875,32.73,Worse,Denver,12.4,Nashville,25.5
Denver,"Denver County, CO",Physical Inactivity,Health behaviors,2018,2014,12.4,%,Lower is better,9,19.2125,6.2875,32.73,Worse,Denver,12.4,Nashville,25.5
Atlanta,"Fulton County, GA",Physical Inactivity,Health behaviors,2018,2014,18.9,%,Lower is better,9,19.2125,6.2875,32.73,Worse,Denver,12.4,Nashville,25.5
Fort Worth,"Tarrant County, TX",Physical Inactivity,Health behaviors,2018,2014,23.9,%,Lower is better,9,19.2125,6.2875,32.73,Worse,Denver,12.4,Nashville,25.5
Dallas,"Dallas County, TX",Physical Inactivity,Health behaviors,2018,2014,25.4,%,Lower is better,9,19.2125,6.2875,32.73,Worse,Denver,12.4,Nashville,25.5
Nashville,"Davidson County, TN",Physical Inactivity,Health behaviors,2018,2014,25.5,%,Lower is better,9,19.2125,6.2875,32.73,Worse,Denver,12.4,Nashville,25.5
Austin,"Travis County, TX",Excessive Drinking,Health behaviors,2018,2016,22.589236561,%,Lower is better,3,19.758616,-2.132542,-10.79,Better,Durham,17.240267822,Denver,25.660681818
Raleigh,"Wake County, NC",Excessive Drinking,Health behaviors,2018,2016,20.012935488,%,Lower is better,3,19.758616,-2.132542,-10.79,Better,Durham,17.240267822,Denver,25.660681818
Durham,"Durham County, NC",Excessive Drinking,Health behaviors,2018,2016,17.240267822,%,Lower is better,3,19.758616,-2.132542,-10.79,Better,Durham,17.240267822,Denver,25.660681818
Charlotte,"Mecklenburg County, NC",Excessive Drinking,Health behaviors,2018,2016,19.555538746,%,Lower is better,3,19.758616,-2.132542,-10.79,Better,Durham,17.240267822,Denver,25.660681818
Denver,"Denver County, CO",Excessive Drinking,Health behaviors,2018,2016,25.660681818,%,Lower is better,3,19.758616,-2.132542,-10.79,Better,Durham,17.240267822,Denver,25.660681818
Atlanta,"Fulton County, GA",Excessive Drinking,Health behaviors,2018,2016,17.816324966,%,Lower is better,3,19.758616,-2.132542,-10.79,Better,Durham,17.240267822,Denver,25.660681818
Fort Worth,"Tarrant County, TX",Excessive Drinking,Health behaviors,2018,2016,17.809186576,%,Lower is better,3,19.758616,-2.132542,-10.79,Better,Durham,17.240267822,Denver,25.660681818
Dallas,"Dallas County, TX",Excessive Drinking,Health behaviors,2018,2016,17.384757021,%,Lower is better,3,19.758616,-2.132542,-10.79,Better,Durham,17.240267822,Denver,25.660681818
Nashville,"Davidson County, TN",Excessive Drinking,Health behaviors,2018,2016,17.626074131,%,Lower is better,3,19.758616,-2.132542,-10.79,Better,Durham,17.240267822,Denver,25.660681818
Austin,"Travis County, TX",Insufficient Sleep,Health behaviors,2018,2016,28.646506673,%,Lower is better,9,32.290007,6.788192,21.02,Worse,Denver,27.691240526,Nashville,39.078199243
Raleigh,"Wake County, NC",Insufficient Sleep,Health behaviors,2018,2016,31.650632437,%,Lower is better,9,32.290007,6.788192,21.02,Worse,Denver,27.691240526,Nashville,39.078199243
Durham,"Durham County, NC",Insufficient Sleep,Health behaviors,2018,2016,33.623653789,%,Lower is better,9,32.290007,6.788192,21.02,Worse,Denver,27.691240526,Nashville,39.078199243
Charlotte,"Mecklenburg County, NC",Insufficient Sleep,Health behaviors,2018,2016,32.358607523,%,Lower is better,9,32.290007,6.788192,21.02,Worse,Denver,27.691240526,Nashville,39.078199243
Denver,"Denver County, CO",Insufficient Sleep,Health behaviors,2018,2016,27.691240526,%,Lower is better,9,32.290007,6.788192,21.02,Worse,Denver,27.691240526,Nashville,39.078199243
Atlanta,"Fulton County, GA",Insufficient Sleep,Health behaviors,2018,2016,36.819433249,%,Lower is better,9,32.290007,6.788192,21.02,Worse,Denver,27.691240526,Nashville,39.078199243
Fort Worth,"Tarrant County, TX",Insufficient Sleep,Health behaviors,2018,2016,34.718939116,%,Lower is better,9,32.290007,6.788192,21.02,Worse,Denver,27.691240526,Nashville,39.078199243
Dallas,"Dallas County, TX",Insufficient Sleep,Health behaviors,2018,2016,32.811043795,%,Lower is better,9,32.290007,6.788192,21.02,Worse,Denver,27.691240526,Nashville,39.078199243
Nashville,"Davidson County, TN",Insufficient Sleep,Health behaviors,2018,2016,39.078199243,%,Lower is better,9,32.290007,6.788192,21.02,Worse,Denver,27.691240526,Nashville,39.078199243
Austin,"Travis County, TX",Food Insecurity,Health behaviors,2018,2015,16.1,%,Lower is better,4,16.4125,-0.0125,-0.08,Better,Denver,13.3,Atlanta,18.5
Raleigh,"Wake County, NC",Food Insecurity,Health behaviors,2018,2015,13.5,%,Lower is better,4,16.4125,-0.0125,-0.08,Better,Denver,13.3,Atlanta,18.5
Durham,"Durham County, NC",Food Insecurity,Health behaviors,2018,2015,17.9,%,Lower is better,4,16.4125,-0.0125,-0.08,Better,Denver,13.3,Atlanta,18.5
Charlotte,"Mecklenburg County, NC",Food Insecurity,Health behaviors,2018,2015,16.4,%,Lower is better,4,16.4125,-0.0125,-0.08,Better,Denver,13.3,Atlanta,18.5
Denver,"Denver County, CO",Food Insecurity,Health behaviors,2018,2015,13.3,%,Lower is better,4,16.4125,-0.0125,-0.08,Better,Denver,13.3,Atlanta,18.5
Atlanta,"Fulton County, GA",Food Insecurity,Health behaviors,2018,2015,18.5,%,Lower is better,4,16.4125,-0.0125,-0.08,Better,Denver,13.3,Atlanta,18.5
Fort Worth,"Tarrant County, TX",Food Insecurity,Health behaviors,2018,2015,17.4,%,Lower is better,4,16.4125,-0.0125,-0.08,Better,Denver,13.3,Atlanta,18.5
Dallas,"Dallas County, TX",Food Insecurity,Health behaviors,2018,2015,18.2,%,Lower is better,4,16.4125,-0.0125,-0.08,Better,Denver,13.3,Atlanta,18.5
Nashville,"Davidson County, TN",Food Insecurity,Health behaviors,2018,2015,16.4,%,Lower is better,4,16.4125,-0.0125,-0.08,Better,Denver,13.3,Atlanta,18.5
Austin,"Travis County, TX",Drug Overdose Deaths,Health behaviors,2018,2014-2016,11.766286951,"deaths per 100,000 population",Lower is better,9,12.350269,12.850972,104.05,Worse,Durham,8.9837892514,Nashville,25.201240767
Raleigh,"Wake County, NC",Drug Overdose Deaths,Health behaviors,2018,2014-2016,9.8055823408,"deaths per 100,000 population",Lower is better,9,12.350269,12.850972,104.05,Worse,Durham,8.9837892514,Nashville,25.201240767
Durham,"Durham County, NC",Drug Overdose Deaths,Health behaviors,2018,2014-2016,8.9837892514,"deaths per 100,000 population",Lower is better,9,12.350269,12.850972,104.05,Worse,Durham,8.9837892514,Nashville,25.201240767
Charlotte,"Mecklenburg County, NC",Drug Overdose Deaths,Health behaviors,2018,2014-2016,12.510301653,"deaths per 100,000 population",Lower is better,9,12.350269,12.850972,104.05,Worse,Durham,8.9837892514,Nashville,25.201240767
Denver,"Denver County, CO",Drug Overdose Deaths,Health behaviors,2018,2014-2016,18.583286712,"deaths per 100,000 population",Lower is better,9,12.350269,12.850972,104.05,Worse,Durham,8.9837892514,Nashville,25.201240767
Atlanta,"Fulton County, GA",Drug Overdose Deaths,Health behaviors,2018,2014-2016,14.78441973,"deaths per 100,000 population",Lower is better,9,12.350269,12.850972,104.05,Worse,Durham,8.9837892514,Nashville,25.201240767
Fort Worth,"Tarrant County, TX",Drug Overdose Deaths,Health behaviors,2018,2014-2016,9.9584001292,"deaths per 100,000 population",Lower is better,9,12.350269,12.850972,104.05,Worse,Durham,8.9837892514,Nashville,25.201240767
Dallas,"Dallas County, TX",Drug Overdose Deaths,Health behaviors,2018,2014-2016,12.410084102,"deaths per 100,000 population",Lower is better,9,12.350269,12.850972,104.05,Worse,Durham,8.9837892514,Nashville,25.201240767
Nashville,"Davidson County, TN",Drug Overdose Deaths,Health behaviors,2018,2014-2016,25.201240767,"deaths per 100,000 population",Lower is better,9,12.350269,12.850972,104.05,Worse,Durham,8.9837892514,Nashville,25.201240767
Austin,"Travis County, TX",Access to Exercise Opportunities,Health behaviors,2018,2010 & 2016,92.552422906,%,Higher is better,9,94.12873,-5.446769,-5.79,Worse,Denver,99.826045808,Nashville,88.681960998
Raleigh,"Wake County, NC",Access to Exercise Opportunities,Health behaviors,2018,2010 & 2016,92.220361312,%,Higher is better,9,94.12873,-5.446769,-5.79,Worse,Denver,99.826045808,Nashville,88.681960998
Durham,"Durham County, NC",Access to Exercise Opportunities,Health behaviors,2018,2010 & 2016,91.522757085,%,Higher is better,9,94.12873,-5.446769,-5.79,Worse,Denver,99.826045808,Nashville,88.681960998
Charlotte,"Mecklenburg County, NC",Access to Exercise Opportunities,Health behaviors,2018,2010 & 2016,92.205217762,%,Higher is better,9,94.12873,-5.446769,-5.79,Worse,Denver,99.826045808,Nashville,88.681960998
Denver,"Denver County, CO",Access to Exercise Opportunities,Health behaviors,2018,2010 & 2016,99.826045808,%,Higher is better,9,94.12873,-5.446769,-5.79,Worse,Denver,99.826045808,Nashville,88.681960998
Atlanta,"Fulton County, GA",Access to Exercise Opportunities,Health behaviors,2018,2010 & 2016,94.412441708,%,Higher is better,9,94.12873,-5.446769,-5.79,Worse,Denver,99.826045808,Nashville,88.681960998
Fort Worth,"Tarrant County, TX",Access to Exercise Opportunities,Health behaviors,2018,2010 & 2016,92.878740809,%,Higher is better,9,94.12873,-5.446769,-5.79,Worse,Denver,99.826045808,Nashville,88.681960998
Dallas,"Dallas County, TX",Access to Exercise Opportunities,Health behaviors,2018,2010 & 2016,97.411849558,%,Higher is better,9,94.12873,-5.446769,-5.79,Worse,Denver,99.826045808,Nashville,88.681960998
Nashville,"Davidson County, TN",Access to Exercise Opportunities,Health behaviors,2018,2010 & 2016,88.681960998,%,Higher is better,9,94.12873,-5.446769,-5.79,Worse,Denver,99.826045808,Nashville,88.681960998
Austin,"Travis County, TX",Uninsured,Clinical care,2018,2015,16.184422162,%,Lower is better,6,14.86077,-0.848341,-5.71,Better,Raleigh,9.7436039952,Dallas,22.561151689
Raleigh,"Wake County, NC",Uninsured,Clinical care,2018,2015,9.7436039952,%,Lower is better,6,14.86077,-0.848341,-5.71,Better,Raleigh,9.7436039952,Dallas,22.561151689
Durham,"Durham County, NC",Uninsured,Clinical care,2018,2015,13.747080414,%,Lower is better,6,14.86077,-0.848341,-5.71,Better,Raleigh,9.7436039952,Dallas,22.561151689
Charlotte,"Mecklenburg County, NC",Uninsured,Clinical care,2018,2015,12.874479923,%,Lower is better,6,14.86077,-0.848341,-5.71,Better,Raleigh,9.7436039952,Dallas,22.561151689
Denver,"Denver County, CO",Uninsured,Clinical care,2018,2015,12.127640946,%,Lower is better,6,14.86077,-0.848341,-5.71,Better,Raleigh,9.7436039952,Dallas,22.561151689
Atlanta,"Fulton County, GA",Uninsured,Clinical care,2018,2015,13.960641018,%,Lower is better,6,14.86077,-0.848341,-5.71,Better,Raleigh,9.7436039952,Dallas,22.561151689
Fort Worth,"Tarrant County, TX",Uninsured,Clinical care,2018,2015,17.687140777,%,Lower is better,6,14.86077,-0.848341,-5.71,Better,Raleigh,9.7436039952,Dallas,22.561151689
Dallas,"Dallas County, TX",Uninsured,Clinical care,2018,2015,22.561151689,%,Lower is better,6,14.86077,-0.848341,-5.71,Better,Raleigh,9.7436039952,Dallas,22.561151689
Nashville,"Davidson County, TN",Uninsured,Clinical care,2018,2015,14.012429279,%,Lower is better,6,14.86077,-0.848341,-5.71,Better,Raleigh,9.7436039952,Dallas,22.561151689
Austin,"Travis County, TX",Primary Care Physicians,Clinical care,2018,2015,1181,residents per primary care physician,Lower is better,4,1157.75,-69.75,-6.02,Better,Denver,772,Fort Worth,1758
Raleigh,"Wake County, NC",Primary Care Physicians,Clinical care,2018,2015,1169,residents per primary care physician,Lower is better,4,1157.75,-69.75,-6.02,Better,Denver,772,Fort Worth,1758
Durham,"Durham County, NC",Primary Care Physicians,Clinical care,2018,2015,820,residents per primary care physician,Lower is better,4,1157.75,-69.75,-6.02,Better,Denver,772,Fort Worth,1758
Charlotte,"Mecklenburg County, NC",Primary Care Physicians,Clinical care,2018,2015,1150,residents per primary care physician,Lower is better,4,1157.75,-69.75,-6.02,Better,Denver,772,Fort Worth,1758
Denver,"Denver County, CO",Primary Care Physicians,Clinical care,2018,2015,772,residents per primary care physician,Lower is better,4,1157.75,-69.75,-6.02,Better,Denver,772,Fort Worth,1758
Atlanta,"Fulton County, GA",Primary Care Physicians,Clinical care,2018,2015,936,residents per primary care physician,Lower is better,4,1157.75,-69.75,-6.02,Better,Denver,772,Fort Worth,1758
Fort Worth,"Tarrant County, TX",Primary Care Physicians,Clinical care,2018,2015,1758,residents per primary care physician,Lower is better,4,1157.75,-69.75,-6.02,Better,Denver,772,Fort Worth,1758
Dallas,"Dallas County, TX",Primary Care Physicians,Clinical care,2018,2015,1476,residents per primary care physician,Lower is better,4,1157.75,-69.75,-6.02,Better,Denver,772,Fort Worth,1758
Nashville,"Davidson County, TN",Primary Care Physicians,Clinical care,2018,2015,1088,residents per primary care physician,Lower is better,4,1157.75,-69.75,-6.02,Better,Denver,772,Fort Worth,1758
Austin,"Travis County, TX",Mental Health Providers,Clinical care,2018,2017,420,residents per mental health provider,Lower is better,3,481.875,-122.875,-25.50,Better,Durham,186,Fort Worth,1000
Raleigh,"Wake County, NC",Mental Health Providers,Clinical care,2018,2017,377,residents per mental health provider,Lower is better,3,481.875,-122.875,-25.50,Better,Durham,186,Fort Worth,1000
Durham,"Durham County, NC",Mental Health Providers,Clinical care,2018,2017,186,residents per mental health provider,Lower is better,3,481.875,-122.875,-25.50,Better,Durham,186,Fort Worth,1000
Charlotte,"Mecklenburg County, NC",Mental Health Providers,Clinical care,2018,2017,405,residents per mental health provider,Lower is better,3,481.875,-122.875,-25.50,Better,Durham,186,Fort Worth,1000
Denver,"Denver County, CO",Mental Health Providers,Clinical care,2018,2017,201,residents per mental health provider,Lower is better,3,481.875,-122.875,-25.50,Better,Durham,186,Fort Worth,1000
Atlanta,"Fulton County, GA",Mental Health Providers,Clinical care,2018,2017,486,residents per mental health provider,Lower is better,3,481.875,-122.875,-25.50,Better,Durham,186,Fort Worth,1000
Fort Worth,"Tarrant County, TX",Mental Health Providers,Clinical care,2018,2017,1000,residents per mental health provider,Lower is better,3,481.875,-122.875,-25.50,Better,Durham,186,Fort Worth,1000
Dallas,"Dallas County, TX",Mental Health Providers,Clinical care,2018,2017,780,residents per mental health provider,Lower is better,3,481.875,-122.875,-25.50,Better,Durham,186,Fort Worth,1000
Nashville,"Davidson County, TN",Mental Health Providers,Clinical care,2018,2017,359,residents per mental health provider,Lower is better,3,481.875,-122.875,-25.50,Better,Durham,186,Fort Worth,1000
Austin,"Travis County, TX",Preventable Hospital Stays,Clinical care,2018,2015,4395,"hospital stays per 100,000 Medicare enrollees",Lower is better,9,3987.25,1651.75,41.43,Worse,Denver,2812,Nashville,5639
Raleigh,"Wake County, NC",Preventable Hospital Stays,Clinical care,2018,2015,3937,"hospital stays per 100,000 Medicare enrollees",Lower is better,9,3987.25,1651.75,41.43,Worse,Denver,2812,Nashville,5639
Durham,"Durham County, NC",Preventable Hospital Stays,Clinical care,2018,2015,3507,"hospital stays per 100,000 Medicare enrollees",Lower is better,9,3987.25,1651.75,41.43,Worse,Denver,2812,Nashville,5639
Charlotte,"Mecklenburg County, NC",Preventable Hospital Stays,Clinical care,2018,2015,3788,"hospital stays per 100,000 Medicare enrollees",Lower is better,9,3987.25,1651.75,41.43,Worse,Denver,2812,Nashville,5639
Denver,"Denver County, CO",Preventable Hospital Stays,Clinical care,2018,2015,2812,"hospital stays per 100,000 Medicare enrollees",Lower is better,9,3987.25,1651.75,41.43,Worse,Denver,2812,Nashville,5639
Atlanta,"Fulton County, GA",Preventable Hospital Stays,Clinical care,2018,2015,3773,"hospital stays per 100,000 Medicare enrollees",Lower is better,9,3987.25,1651.75,41.43,Worse,Denver,2812,Nashville,5639
Fort Worth,"Tarrant County, TX",Preventable Hospital Stays,Clinical care,2018,2015,5205,"hospital stays per 100,000 Medicare enrollees",Lower is better,9,3987.25,1651.75,41.43,Worse,Denver,2812,Nashville,5639
Dallas,"Dallas County, TX",Preventable Hospital Stays,Clinical care,2018,2015,4481,"hospital stays per 100,000 Medicare enrollees",Lower is better,9,3987.25,1651.75,41.43,Worse,Denver,2812,Nashville,5639
Nashville,"Davidson County, TN",Preventable Hospital Stays,Clinical care,2018,2015,5639,"hospital stays per 100,000 Medicare enrollees",Lower is better,9,3987.25,1651.75,41.43,Worse,Denver,2812,Nashville,5639
Austin,"Travis County, TX",Children in Poverty,Social & economic,2018,2016,16.1,%,Lower is better,5,19.725,2.475,12.55,Worse,Raleigh,11.5,Dallas,24.9
Raleigh,"Wake County, NC",Children in Poverty,Social & economic,2018,2016,11.5,%,Lower is better,5,19.725,2.475,12.55,Worse,Raleigh,11.5,Dallas,24.9
Durham,"Durham County, NC",Children in Poverty,Social & economic,2018,2016,23.7,%,Lower is better,5,19.725,2.475,12.55,Worse,Raleigh,11.5,Dallas,24.9
Charlotte,"Mecklenburg County, NC",Children in Poverty,Social & economic,2018,2016,18.1,%,Lower is better,5,19.725,2.475,12.55,Worse,Raleigh,11.5,Dallas,24.9
Denver,"Denver County, CO",Children in Poverty,Social & economic,2018,2016,19.6,%,Lower is better,5,19.725,2.475,12.55,Worse,Raleigh,11.5,Dallas,24.9
Atlanta,"Fulton County, GA",Children in Poverty,Social & economic,2018,2016,24.3,%,Lower is better,5,19.725,2.475,12.55,Worse,Raleigh,11.5,Dallas,24.9
Fort Worth,"Tarrant County, TX",Children in Poverty,Social & economic,2018,2016,19.6,%,Lower is better,5,19.725,2.475,12.55,Worse,Raleigh,11.5,Dallas,24.9
Dallas,"Dallas County, TX",Children in Poverty,Social & economic,2018,2016,24.9,%,Lower is better,5,19.725,2.475,12.55,Worse,Raleigh,11.5,Dallas,24.9
Nashville,"Davidson County, TN",Children in Poverty,Social & economic,2018,2016,22.2,%,Lower is better,5,19.725,2.475,12.55,Worse,Raleigh,11.5,Dallas,24.9
Austin,"Travis County, TX",Unemployment,Social & economic,2018,2016,3.1372398716,%,Lower is better,3,4.12387,-0.489318,-11.87,Better,Austin,3.1372398716,Atlanta,5.3694067503
Raleigh,"Wake County, NC",Unemployment,Social & economic,2018,2016,4.2366938009,%,Lower is better,3,4.12387,-0.489318,-11.87,Better,Austin,3.1372398716,Atlanta,5.3694067503
Durham,"Durham County, NC",Unemployment,Social & economic,2018,2016,4.4949827786,%,Lower is better,3,4.12387,-0.489318,-11.87,Better,Austin,3.1372398716,Atlanta,5.3694067503
Charlotte,"Mecklenburg County, NC",Unemployment,Social & economic,2018,2016,4.6838267454,%,Lower is better,3,4.12387,-0.489318,-11.87,Better,Austin,3.1372398716,Atlanta,5.3694067503
Denver,"Denver County, CO",Unemployment,Social & economic,2018,2016,3.1491084508,%,Lower is better,3,4.12387,-0.489318,-11.87,Better,Austin,3.1372398716,Atlanta,5.3694067503
Atlanta,"Fulton County, GA",Unemployment,Social & economic,2018,2016,5.3694067503,%,Lower is better,3,4.12387,-0.489318,-11.87,Better,Austin,3.1372398716,Atlanta,5.3694067503
Fort Worth,"Tarrant County, TX",Unemployment,Social & economic,2018,2016,3.9457550445,%,Lower is better,3,4.12387,-0.489318,-11.87,Better,Austin,3.1372398716,Atlanta,5.3694067503
Dallas,"Dallas County, TX",Unemployment,Social & economic,2018,2016,3.973944263,%,Lower is better,3,4.12387,-0.489318,-11.87,Better,Austin,3.1372398716,Atlanta,5.3694067503
Nashville,"Davidson County, TN",Unemployment,Social & economic,2018,2016,3.6345513013,%,Lower is better,3,4.12387,-0.489318,-11.87,Better,Austin,3.1372398716,Atlanta,5.3694067503
Austin,"Travis County, TX",Median Household Income,Social & economic,2018,2016,70068,USD,Higher is better,7,62942.125,-8276.125,-13.15,Worse,Raleigh,76173,Durham,54255
Raleigh,"Wake County, NC",Median Household Income,Social & economic,2018,2016,76173,USD,Higher is better,7,62942.125,-8276.125,-13.15,Worse,Raleigh,76173,Durham,54255
Durham,"Durham County, NC",Median Household Income,Social & economic,2018,2016,54255,USD,Higher is better,7,62942.125,-8276.125,-13.15,Worse,Raleigh,76173,Durham,54255
Charlotte,"Mecklenburg County, NC",Median Household Income,Social & economic,2018,2016,63197,USD,Higher is better,7,62942.125,-8276.125,-13.15,Worse,Raleigh,76173,Durham,54255
Denver,"Denver County, CO",Median Household Income,Social & economic,2018,2016,61038,USD,Higher is better,7,62942.125,-8276.125,-13.15,Worse,Raleigh,76173,Durham,54255
Atlanta,"Fulton County, GA",Median Household Income,Social & economic,2018,2016,62824,USD,Higher is better,7,62942.125,-8276.125,-13.15,Worse,Raleigh,76173,Durham,54255
Fort Worth,"Tarrant County, TX",Median Household Income,Social & economic,2018,2016,61553,USD,Higher is better,7,62942.125,-8276.125,-13.15,Worse,Raleigh,76173,Durham,54255
Dallas,"Dallas County, TX",Median Household Income,Social & economic,2018,2016,54429,USD,Higher is better,7,62942.125,-8276.125,-13.15,Worse,Raleigh,76173,Durham,54255
Nashville,"Davidson County, TN",Median Household Income,Social & economic,2018,2016,54666,USD,Higher is better,7,62942.125,-8276.125,-13.15,Worse,Raleigh,76173,Durham,54255
Austin,"Travis County, TX",High School Completion,Social & economic,2018,,,%,Higher is better,,,,,,,,,
Raleigh,"Wake County, NC",High School Completion,Social & economic,2018,,,%,Higher is better,,,,,,,,,
Durham,"Durham County, NC",High School Completion,Social & economic,2018,,,%,Higher is better,,,,,,,,,
Charlotte,"Mecklenburg County, NC",High School Completion,Social & economic,2018,,,%,Higher is better,,,,,,,,,
Denver,"Denver County, CO",High School Completion,Social & economic,2018,,,%,Higher is better,,,,,,,,,
Atlanta,"Fulton County, GA",High School Completion,Social & economic,2018,,,%,Higher is better,,,,,,,,,
Fort Worth,"Tarrant County, TX",High School Completion,Social & economic,2018,,,%,Higher is better,,,,,,,,,
Dallas,"Dallas County, TX",High School Completion,Social & economic,2018,,,%,Higher is better,,,,,,,,,
Nashville,"Davidson County, TN",High School Completion,Social & economic,2018,,,%,Higher is better,,,,,,,,,
Austin,"Travis County, TX",Income Inequality,Social & economic,2018,2012-2016,4.7676105608,80th/20th percentile income ratio,Lower is better,3,4.902507,-0.397719,-8.11,Better,Raleigh,4.2595794541,Atlanta,6.1468668705
Raleigh,"Wake County, NC",Income Inequality,Social & economic,2018,2012-2016,4.2595794541,80th/20th percentile income ratio,Lower is better,3,4.902507,-0.397719,-8.11,Better,Raleigh,4.2595794541,Atlanta,6.1468668705
Durham,"Durham County, NC",Income Inequality,Social & economic,2018,2012-2016,4.9458191889,80th/20th percentile income ratio,Lower is better,3,4.902507,-0.397719,-8.11,Better,Raleigh,4.2595794541,Atlanta,6.1468668705
Charlotte,"Mecklenburg County, NC",Income Inequality,Social & economic,2018,2012-2016,4.7180174927,80th/20th percentile income ratio,Lower is better,3,4.902507,-0.397719,-8.11,Better,Raleigh,4.2595794541,Atlanta,6.1468668705
Denver,"Denver County, CO",Income Inequality,Social & economic,2018,2012-2016,5.2247639956,80th/20th percentile income ratio,Lower is better,3,4.902507,-0.397719,-8.11,Better,Raleigh,4.2595794541,Atlanta,6.1468668705
Atlanta,"Fulton County, GA",Income Inequality,Social & economic,2018,2012-2016,6.1468668705,80th/20th percentile income ratio,Lower is better,3,4.902507,-0.397719,-8.11,Better,Raleigh,4.2595794541,Atlanta,6.1468668705
Fort Worth,"Tarrant County, TX",Income Inequality,Social & economic,2018,2012-2016,4.4454777604,80th/20th percentile income ratio,Lower is better,3,4.902507,-0.397719,-8.11,Better,Raleigh,4.2595794541,Atlanta,6.1468668705
Dallas,"Dallas County, TX",Income Inequality,Social & economic,2018,2012-2016,4.7119233341,80th/20th percentile income ratio,Lower is better,3,4.902507,-0.397719,-8.11,Better,Raleigh,4.2595794541,Atlanta,6.1468668705
Nashville,"Davidson County, TN",Income Inequality,Social & economic,2018,2012-2016,4.5047880232,80th/20th percentile income ratio,Lower is better,3,4.902507,-0.397719,-8.11,Better,Raleigh,4.2595794541,Atlanta,6.1468668705
Austin,"Travis County, TX",Severe Housing Problems,Physical environment,2018,2010-2014,21.454367752,%,Lower is better,5,19.182962,-0.741784,-3.87,Better,Raleigh,14.753476079,Dallas,22.235140409
Raleigh,"Wake County, NC",Severe Housing Problems,Physical environment,2018,2010-2014,14.753476079,%,Lower is better,5,19.182962,-0.741784,-3.87,Better,Raleigh,14.753476079,Dallas,22.235140409
Durham,"Durham County, NC",Severe Housing Problems,Physical environment,2018,2010-2014,18.381543609,%,Lower is better,5,19.182962,-0.741784,-3.87,Better,Raleigh,14.753476079,Dallas,22.235140409
Charlotte,"Mecklenburg County, NC",Severe Housing Problems,Physical environment,2018,2010-2014,17.775328028,%,Lower is better,5,19.182962,-0.741784,-3.87,Better,Raleigh,14.753476079,Dallas,22.235140409
Denver,"Denver County, CO",Severe Housing Problems,Physical environment,2018,2010-2014,20.010698936,%,Lower is better,5,19.182962,-0.741784,-3.87,Better,Raleigh,14.753476079,Dallas,22.235140409
Atlanta,"Fulton County, GA",Severe Housing Problems,Physical environment,2018,2010-2014,20.762456267,%,Lower is better,5,19.182962,-0.741784,-3.87,Better,Raleigh,14.753476079,Dallas,22.235140409
Fort Worth,"Tarrant County, TX",Severe Housing Problems,Physical environment,2018,2010-2014,18.090685687,%,Lower is better,5,19.182962,-0.741784,-3.87,Better,Raleigh,14.753476079,Dallas,22.235140409
Dallas,"Dallas County, TX",Severe Housing Problems,Physical environment,2018,2010-2014,22.235140409,%,Lower is better,5,19.182962,-0.741784,-3.87,Better,Raleigh,14.753476079,Dallas,22.235140409
Nashville,"Davidson County, TN",Severe Housing Problems,Physical environment,2018,2010-2014,18.44117817,%,Lower is better,5,19.182962,-0.741784,-3.87,Better,Raleigh,14.753476079,Dallas,22.235140409
Austin,"Travis County, TX",Air Pollution – Particulate Matter,Physical environment,2018,2012,10,µg/m³ PM2.5,Lower is better,6,10.0375,0.4625,4.61,Worse,Denver,8.6,Fort Worth,10.9
Raleigh,"Wake County, NC",Air Pollution – Particulate Matter,Physical environment,2018,2012,9.8,µg/m³ PM2.5,Lower is better,6,10.0375,0.4625,4.61,Worse,Denver,8.6,Fort Worth,10.9
Durham,"Durham County, NC",Air Pollution – Particulate Matter,Physical environment,2018,2012,9.4,µg/m³ PM2.5,Lower is better,6,10.0375,0.4625,4.61,Worse,Denver,8.6,Fort Worth,10.9
Charlotte,"Mecklenburg County, NC",Air Pollution – Particulate Matter,Physical environment,2018,2012,10.7,µg/m³ PM2.5,Lower is better,6,10.0375,0.4625,4.61,Worse,Denver,8.6,Fort Worth,10.9
Denver,"Denver County, CO",Air Pollution – Particulate Matter,Physical environment,2018,2012,8.6,µg/m³ PM2.5,Lower is better,6,10.0375,0.4625,4.61,Worse,Denver,8.6,Fort Worth,10.9
Atlanta,"Fulton County, GA",Air Pollution – Particulate Matter,Physical environment,2018,2012,10.8,µg/m³ PM2.5,Lower is better,6,10.0375,0.4625,4.61,Worse,Denver,8.6,Fort Worth,10.9
Fort Worth,"Tarrant County, TX",Air Pollution – Particulate Matter,Physical environment,2018,2012,10.9,µg/m³ PM2.5,Lower is better,6,10.0375,0.4625,4.61,Worse,Denver,8.6,Fort Worth,10.9
Dallas,"Dallas County, TX",Air Pollution – Particulate Matter,Physical environment,2018,2012,10.1,µg/m³ PM2.5,Lower is better,6,10.0375,0.4625,4.61,Worse,Denver,8.6,Fort Worth,10.9
Nashville,"Davidson County, TN",Air Pollution – Particulate Matter,Physical environment,2018,2012,10.5,µg/m³ PM2.5,Lower is better,6,10.0375,0.4625,4.61,Worse,Denver,8.6,Fort Worth,10.9
Austin,"Travis County, TX",Suicide Rate,Health outcomes / well-being,2018,,,"deaths per 100,000 population",Lower is better,,,,,,,,,
Raleigh,"Wake County, NC",Suicide Rate,Health outcomes / well-being,2018,,,"deaths per 100,000 population",Lower is better,,,,,,,,,
Durham,"Durham County, NC",Suicide Rate,Health outcomes / well-being,2018,,,"deaths per 100,000 population",Lower is better,,,,,,,,,
Charlotte,"Mecklenburg County, NC",Suicide Rate,Health outcomes / well-being,2018,,,"deaths per 100,000 population",Lower is better,,,,,,,,,
Denver,"Denver County, CO",Suicide Rate,Health outcomes / well-being,2018,,,"deaths per 100,000 population",Lower is better,,,,,,,,,
Atlanta,"Fulton County, GA",Suicide Rate,Health outcomes / well-being,2018,,,"deaths per 100,000 population",Lower is better,,,,,,,,,
Fort Worth,"Tarrant County, TX",Suicide Rate,Health outcomes / well-being,2018,,,"deaths per 100,000 population",Lower is better,,,,,,,,,
Dallas,"Dallas County, TX",Suicide Rate,Health outcomes / well-being,2018,,,"deaths per 100,000 population",Lower is better,,,,,,,,,
Nashville,"Davidson County, TN",Suicide Rate,Health outcomes / well-being,2018,,,"deaths per 100,000 population",Lower is better,,,,,,,,,
Austin,"Travis County, TX",Teen Birth Rate,Health behaviors,2018,2010-2016,31.024991188,"births per 1,000 females ages 15–19",Lower is better,6,30.769,2.247793,7.31,Worse,Raleigh,15.785251572,Dallas,46.202370376
Raleigh,"Wake County, NC",Teen Birth Rate,Health behaviors,2018,2010-2016,15.785251572,"births per 1,000 females ages 15–19",Lower is better,6,30.769,2.247793,7.31,Worse,Raleigh,15.785251572,Dallas,46.202370376
Durham,"Durham County, NC",Teen Birth Rate,Health behaviors,2018,2010-2016,27.063157731,"births per 1,000 females ages 15–19",Lower is better,6,30.769,2.247793,7.31,Worse,Raleigh,15.785251572,Dallas,46.202370376
Charlotte,"Mecklenburg County, NC",Teen Birth Rate,Health behaviors,2018,2010-2016,24.416208323,"births per 1,000 females ages 15–19",Lower is better,6,30.769,2.247793,7.31,Worse,Raleigh,15.785251572,Dallas,46.202370376
Denver,"Denver County, CO",Teen Birth Rate,Health behaviors,2018,2010-2016,39.311863375,"births per 1,000 females ages 15–19",Lower is better,6,30.769,2.247793,7.31,Worse,Raleigh,15.785251572,Dallas,46.202370376
Atlanta,"Fulton County, GA",Teen Birth Rate,Health behaviors,2018,2010-2016,27.410702321,"births per 1,000 females ages 15–19",Lower is better,6,30.769,2.247793,7.31,Worse,Raleigh,15.785251572,Dallas,46.202370376
Fort Worth,"Tarrant County, TX",Teen Birth Rate,Health behaviors,2018,2010-2016,34.93745724,"births per 1,000 females ages 15–19",Lower is better,6,30.769,2.247793,7.31,Worse,Raleigh,15.785251572,Dallas,46.202370376
Dallas,"Dallas County, TX",Teen Birth Rate,Health behaviors,2018,2010-2016,46.202370376,"births per 1,000 females ages 15–19",Lower is better,6,30.769,2.247793,7.31,Worse,Raleigh,15.785251572,Dallas,46.202370376
Nashville,"Davidson County, TN",Teen Birth Rate,Health behaviors,2018,2010-2016,33.016792828,"births per 1,000 females ages 15–19",Lower is better,6,30.769,2.247793,7.31,Worse,Raleigh,15.785251572,Dallas,46.202370376
Austin,"Travis County, TX",Injury Deaths,Health outcomes / well-being,2018,2012-2016,56.933290897,"deaths per 100,000 population",Lower is better,9,53.701134,28.640174,53.33,Worse,Raleigh,40.731607728,Nashville,82.341308769
Raleigh,"Wake County, NC",Injury Deaths,Health outcomes / well-being,2018,2012-2016,40.731607728,"deaths per 100,000 population",Lower is better,9,53.701134,28.640174,53.33,Worse,Raleigh,40.731607728,Nashville,82.341308769
Durham,"Durham County, NC",Injury Deaths,Health outcomes / well-being,2018,2012-2016,51.381586201,"deaths per 100,000 population",Lower is better,9,53.701134,28.640174,53.33,Worse,Raleigh,40.731607728,Nashville,82.341308769
Charlotte,"Mecklenburg County, NC",Injury Deaths,Health outcomes / well-being,2018,2012-2016,45.895920775,"deaths per 100,000 population",Lower is better,9,53.701134,28.640174,53.33,Worse,Raleigh,40.731607728,Nashville,82.341308769
Denver,"Denver County, CO",Injury Deaths,Health outcomes / well-being,2018,2012-2016,74.806806757,"deaths per 100,000 population",Lower is better,9,53.701134,28.640174,53.33,Worse,Raleigh,40.731607728,Nashville,82.341308769
Atlanta,"Fulton County, GA",Injury Deaths,Health outcomes / well-being,2018,2012-2016,60.192901725,"deaths per 100,000 population",Lower is better,9,53.701134,28.640174,53.33,Worse,Raleigh,40.731607728,Nashville,82.341308769
Fort Worth,"Tarrant County, TX",Injury Deaths,Health outcomes / well-being,2018,2012-2016,46.76254855,"deaths per 100,000 population",Lower is better,9,53.701134,28.640174,53.33,Worse,Raleigh,40.731607728,Nashville,82.341308769
Dallas,"Dallas County, TX",Injury Deaths,Health outcomes / well-being,2018,2012-2016,52.904413346,"deaths per 100,000 population",Lower is better,9,53.701134,28.640174,53.33,Worse,Raleigh,40.731607728,Nashville,82.341308769
Nashville,"Davidson County, TN",Injury Deaths,Health outcomes / well-being,2018,2012-2016,82.341308769,"deaths per 100,000 population",Lower is better,9,53.701134,28.640174,53.33,Worse,Raleigh,40.731607728,Nashville,82.341308769
Austin,"Travis County, TX",Broadband Access,Physical environment,2018,,,%,Higher is better,,,,,,,,,
Raleigh,"Wake County, NC",Broadband Access,Physical environment,2018,,,%,Higher is better,,,,,,,,,
Durham,"Durham County, NC",Broadband Access,Physical environment,2018,,,%,Higher is better,,,,,,,,,
Charlotte,"Mecklenburg County, NC",Broadband Access,Physical environment,2018,,,%,Higher is better,,,,,,,,,
Denver,"Denver County, CO",Broadband Access,Physical environment,2018,,,%,Higher is better,,,,,,,,,
Atlanta,"Fulton County, GA",Broadband Access,Physical environment,2018,,,%,Higher is better,,,,,,,,,
Fort Worth,"Tarrant County, TX",Broadband Access,Physical environment,2018,,,%,Higher is better,,,,,,,,,
Dallas,"Dallas County, TX",Broadband Access,Physical environment,2018,,,%,Higher is better,,,,,,,,,
Nashville,"Davidson County, TN",Broadband Access,Physical environment,2018,,,%,Higher is better,,,,,,,,,
Austin,"Travis County, TX",Severe Housing Cost Burden,Physical environment,2018,,,%,Lower is better,,,,,,,,,
Raleigh,"Wake County, NC",Severe Housing Cost Burden,Physical environment,2018,,,%,Lower is better,,,,,,,,,
Durham,"Durham County, NC",Severe Housing Cost Burden,Physical environment,2018,,,%,Lower is better,,,,,,,,,
Charlotte,"Mecklenburg County, NC",Severe Housing Cost Burden,Physical environment,2018,,,%,Lower is better,,,,,,,,,
Denver,"Denver County, CO",Severe Housing Cost Burden,Physical environment,2018,,,%,Lower is better,,,,,,,,,
Atlanta,"Fulton County, GA",Severe Housing Cost Burden,Physical environment,2018,,,%,Lower is better,,,,,,,,,
Fort Worth,"Tarrant County, TX",Severe Housing Cost Burden,Physical environment,2018,,,%,Lower is better,,,,,,,,,
Dallas,"Dallas County, TX",Severe Housing Cost Burden,Physical environment,2018,,,%,Lower is better,,,,,,,,,
Nashville,"Davidson County, TN",Severe Housing Cost Burden,Physical environment,2018,,,%,Lower is better,,,,,,,,,
Austin,"Travis County, TX",Life Expectancy,Health outcomes / well-being,2019,2015-2017,81.750618333,years,Higher is better,9,80.06398,-3.045227,-3.80,Worse,Austin,81.750618333,Nashville,77.01875284
Raleigh,"Wake County, NC",Life Expectancy,Health outcomes / well-being,2019,2015-2017,81.542410752,years,Higher is better,9,80.06398,-3.045227,-3.80,Worse,Austin,81.750618333,Nashville,77.01875284
Durham,"Durham County, NC",Life Expectancy,Health outcomes / well-being,2019,2015-2017,80.014047413,years,Higher is better,9,80.06398,-3.045227,-3.80,Worse,Austin,81.750618333,Nashville,77.01875284
Charlotte,"Mecklenburg County, NC",Life Expectancy,Health outcomes / well-being,2019,2015-2017,80.278210615,years,Higher is better,9,80.06398,-3.045227,-3.80,Worse,Austin,81.750618333,Nashville,77.01875284
Denver,"Denver County, CO",Life Expectancy,Health outcomes / well-being,2019,2015-2017,79.53117897,years,Higher is better,9,80.06398,-3.045227,-3.80,Worse,Austin,81.750618333,Nashville,77.01875284
Atlanta,"Fulton County, GA",Life Expectancy,Health outcomes / well-being,2019,2015-2017,79.325199209,years,Higher is better,9,80.06398,-3.045227,-3.80,Worse,Austin,81.750618333,Nashville,77.01875284
Fort Worth,"Tarrant County, TX",Life Expectancy,Health outcomes / well-being,2019,2015-2017,79.167848544,years,Higher is better,9,80.06398,-3.045227,-3.80,Worse,Austin,81.750618333,Nashville,77.01875284
Dallas,"Dallas County, TX",Life Expectancy,Health outcomes / well-being,2019,2015-2017,78.902328596,years,Higher is better,9,80.06398,-3.045227,-3.80,Worse,Austin,81.750618333,Nashville,77.01875284
Nashville,"Davidson County, TN",Life Expectancy,Health outcomes / well-being,2019,2015-2017,77.01875284,years,Higher is better,9,80.06398,-3.045227,-3.80,Worse,Austin,81.750618333,Nashville,77.01875284
Austin,"Travis County, TX",Infant Mortality,Health outcomes / well-being,2019,2011-2017,4.1303668738,"deaths per 1,000 live births",Lower is better,9,5.940207,1.370641,23.07,Worse,Austin,4.1303668738,Nashville,7.3108480295
Raleigh,"Wake County, NC",Infant Mortality,Health outcomes / well-being,2019,2011-2017,5.7795084071,"deaths per 1,000 live births",Lower is better,9,5.940207,1.370641,23.07,Worse,Austin,4.1303668738,Nashville,7.3108480295
Durham,"Durham County, NC",Infant Mortality,Health outcomes / well-being,2019,2011-2017,6.6291348812,"deaths per 1,000 live births",Lower is better,9,5.940207,1.370641,23.07,Worse,Austin,4.1303668738,Nashville,7.3108480295
Charlotte,"Mecklenburg County, NC",Infant Mortality,Health outcomes / well-being,2019,2011-2017,5.9538600694,"deaths per 1,000 live births",Lower is better,9,5.940207,1.370641,23.07,Worse,Austin,4.1303668738,Nashville,7.3108480295
Denver,"Denver County, CO",Infant Mortality,Health outcomes / well-being,2019,2011-2017,4.9484994648,"deaths per 1,000 live births",Lower is better,9,5.940207,1.370641,23.07,Worse,Austin,4.1303668738,Nashville,7.3108480295
Atlanta,"Fulton County, GA",Infant Mortality,Health outcomes / well-being,2019,2011-2017,6.7206013505,"deaths per 1,000 live births",Lower is better,9,5.940207,1.370641,23.07,Worse,Austin,4.1303668738,Nashville,7.3108480295
Fort Worth,"Tarrant County, TX",Infant Mortality,Health outcomes / well-being,2019,2011-2017,6.729826854,"deaths per 1,000 live births",Lower is better,9,5.940207,1.370641,23.07,Worse,Austin,4.1303668738,Nashville,7.3108480295
Dallas,"Dallas County, TX",Infant Mortality,Health outcomes / well-being,2019,2011-2017,6.6298618392,"deaths per 1,000 live births",Lower is better,9,5.940207,1.370641,23.07,Worse,Austin,4.1303668738,Nashville,7.3108480295
Nashville,"Davidson County, TN",Infant Mortality,Health outcomes / well-being,2019,2011-2017,7.3108480295,"deaths per 1,000 live births",Lower is better,9,5.940207,1.370641,23.07,Worse,Austin,4.1303668738,Nashville,7.3108480295
Austin,"Travis County, TX",Poor or Fair Health,Health outcomes / well-being,2019,2016,13.955688638,%,Lower is better,7,15.200057,1.670841,10.99,Worse,Raleigh,12.612270743,Dallas,19.47684227
Raleigh,"Wake County, NC",Poor or Fair Health,Health outcomes / well-being,2019,2016,12.612270743,%,Lower is better,7,15.200057,1.670841,10.99,Worse,Raleigh,12.612270743,Dallas,19.47684227
Durham,"Durham County, NC",Poor or Fair Health,Health outcomes / well-being,2019,2016,16.963408513,%,Lower is better,7,15.200057,1.670841,10.99,Worse,Raleigh,12.612270743,Dallas,19.47684227
Charlotte,"Mecklenburg County, NC",Poor or Fair Health,Health outcomes / well-being,2019,2016,14.454699953,%,Lower is better,7,15.200057,1.670841,10.99,Worse,Raleigh,12.612270743,Dallas,19.47684227
Denver,"Denver County, CO",Poor or Fair Health,Health outcomes / well-being,2019,2016,14.335835413,%,Lower is better,7,15.200057,1.670841,10.99,Worse,Raleigh,12.612270743,Dallas,19.47684227
Atlanta,"Fulton County, GA",Poor or Fair Health,Health outcomes / well-being,2019,2016,13.867739862,%,Lower is better,7,15.200057,1.670841,10.99,Worse,Raleigh,12.612270743,Dallas,19.47684227
Fort Worth,"Tarrant County, TX",Poor or Fair Health,Health outcomes / well-being,2019,2016,15.933967082,%,Lower is better,7,15.200057,1.670841,10.99,Worse,Raleigh,12.612270743,Dallas,19.47684227
Dallas,"Dallas County, TX",Poor or Fair Health,Health outcomes / well-being,2019,2016,19.47684227,%,Lower is better,7,15.200057,1.670841,10.99,Worse,Raleigh,12.612270743,Dallas,19.47684227
Nashville,"Davidson County, TN",Poor or Fair Health,Health outcomes / well-being,2019,2016,16.870897229,%,Lower is better,7,15.200057,1.670841,10.99,Worse,Raleigh,12.612270743,Dallas,19.47684227
Austin,"Travis County, TX",Poor Physical Health Days,Health outcomes / well-being,2019,2016,3.1316792622,days per month,Lower is better,9,3.278623,1.072438,32.71,Worse,Raleigh,2.9146633462,Nashville,4.3510613784
Raleigh,"Wake County, NC",Poor Physical Health Days,Health outcomes / well-being,2019,2016,2.9146633462,days per month,Lower is better,9,3.278623,1.072438,32.71,Worse,Raleigh,2.9146633462,Nashville,4.3510613784
Durham,"Durham County, NC",Poor Physical Health Days,Health outcomes / well-being,2019,2016,3.549927272,days per month,Lower is better,9,3.278623,1.072438,32.71,Worse,Raleigh,2.9146633462,Nashville,4.3510613784
Charlotte,"Mecklenburg County, NC",Poor Physical Health Days,Health outcomes / well-being,2019,2016,3.0913984565,days per month,Lower is better,9,3.278623,1.072438,32.71,Worse,Raleigh,2.9146633462,Nashville,4.3510613784
Denver,"Denver County, CO",Poor Physical Health Days,Health outcomes / well-being,2019,2016,3.1684113592,days per month,Lower is better,9,3.278623,1.072438,32.71,Worse,Raleigh,2.9146633462,Nashville,4.3510613784
Atlanta,"Fulton County, GA",Poor Physical Health Days,Health outcomes / well-being,2019,2016,3.3071099586,days per month,Lower is better,9,3.278623,1.072438,32.71,Worse,Raleigh,2.9146633462,Nashville,4.3510613784
Fort Worth,"Tarrant County, TX",Poor Physical Health Days,Health outcomes / well-being,2019,2016,3.6156579122,days per month,Lower is better,9,3.278623,1.072438,32.71,Worse,Raleigh,2.9146633462,Nashville,4.3510613784
Dallas,"Dallas County, TX",Poor Physical Health Days,Health outcomes / well-being,2019,2016,3.4501401506,days per month,Lower is better,9,3.278623,1.072438,32.71,Worse,Raleigh,2.9146633462,Nashville,4.3510613784
Nashville,"Davidson County, TN",Poor Physical Health Days,Health outcomes / well-being,2019,2016,4.3510613784,days per month,Lower is better,9,3.278623,1.072438,32.71,Worse,Raleigh,2.9146633462,Nashville,4.3510613784
Austin,"Travis County, TX",Poor Mental Health Days,Health outcomes / well-being,2019,2016,3.3319336311,days per month,Lower is better,9,3.529785,0.861346,24.40,Worse,Austin,3.3319336311,Nashville,4.3911303008
Raleigh,"Wake County, NC",Poor Mental Health Days,Health outcomes / well-being,2019,2016,3.6130790243,days per month,Lower is better,9,3.529785,0.861346,24.40,Worse,Austin,3.3319336311,Nashville,4.3911303008
Durham,"Durham County, NC",Poor Mental Health Days,Health outcomes / well-being,2019,2016,3.9885868975,days per month,Lower is better,9,3.529785,0.861346,24.40,Worse,Austin,3.3319336311,Nashville,4.3911303008
Charlotte,"Mecklenburg County, NC",Poor Mental Health Days,Health outcomes / well-being,2019,2016,3.3675250517,days per month,Lower is better,9,3.529785,0.861346,24.40,Worse,Austin,3.3319336311,Nashville,4.3911303008
Denver,"Denver County, CO",Poor Mental Health Days,Health outcomes / well-being,2019,2016,3.6067893531,days per month,Lower is better,9,3.529785,0.861346,24.40,Worse,Austin,3.3319336311,Nashville,4.3911303008
Atlanta,"Fulton County, GA",Poor Mental Health Days,Health outcomes / well-being,2019,2016,3.3375904926,days per month,Lower is better,9,3.529785,0.861346,24.40,Worse,Austin,3.3319336311,Nashville,4.3911303008
Fort Worth,"Tarrant County, TX",Poor Mental Health Days,Health outcomes / well-being,2019,2016,3.4646945935,days per month,Lower is better,9,3.529785,0.861346,24.40,Worse,Austin,3.3319336311,Nashville,4.3911303008
Dallas,"Dallas County, TX",Poor Mental Health Days,Health outcomes / well-being,2019,2016,3.5280781132,days per month,Lower is better,9,3.529785,0.861346,24.40,Worse,Austin,3.3319336311,Nashville,4.3911303008
Nashville,"Davidson County, TN",Poor Mental Health Days,Health outcomes / well-being,2019,2016,4.3911303008,days per month,Lower is better,9,3.529785,0.861346,24.40,Worse,Austin,3.3319336311,Nashville,4.3911303008
Austin,"Travis County, TX",Adult Obesity,Health outcomes / well-being,2019,2015,21.5,%,Lower is better,9,24.6875,5.7125,23.14,Worse,Denver,16,Nashville,30.4
Raleigh,"Wake County, NC",Adult Obesity,Health outcomes / well-being,2019,2015,24,%,Lower is better,9,24.6875,5.7125,23.14,Worse,Denver,16,Nashville,30.4
Durham,"Durham County, NC",Adult Obesity,Health outcomes / well-being,2019,2015,26.2,%,Lower is better,9,24.6875,5.7125,23.14,Worse,Denver,16,Nashville,30.4
Charlotte,"Mecklenburg County, NC",Adult Obesity,Health outcomes / well-being,2019,2015,26.1,%,Lower is better,9,24.6875,5.7125,23.14,Worse,Denver,16,Nashville,30.4
Denver,"Denver County, CO",Adult Obesity,Health outcomes / well-being,2019,2015,16,%,Lower is better,9,24.6875,5.7125,23.14,Worse,Denver,16,Nashville,30.4
Atlanta,"Fulton County, GA",Adult Obesity,Health outcomes / well-being,2019,2015,25.1,%,Lower is better,9,24.6875,5.7125,23.14,Worse,Denver,16,Nashville,30.4
Fort Worth,"Tarrant County, TX",Adult Obesity,Health outcomes / well-being,2019,2015,29.6,%,Lower is better,9,24.6875,5.7125,23.14,Worse,Denver,16,Nashville,30.4
Dallas,"Dallas County, TX",Adult Obesity,Health outcomes / well-being,2019,2015,29,%,Lower is better,9,24.6875,5.7125,23.14,Worse,Denver,16,Nashville,30.4
Nashville,"Davidson County, TN",Adult Obesity,Health outcomes / well-being,2019,2015,30.4,%,Lower is better,9,24.6875,5.7125,23.14,Worse,Denver,16,Nashville,30.4
Austin,"Travis County, TX",Diabetes Prevalence,Health outcomes / well-being,2019,2015,7.1,%,Lower is better,8,8.075,2.425,30.03,Worse,Denver,5.1,Nashville,10.5
Raleigh,"Wake County, NC",Diabetes Prevalence,Health outcomes / well-being,2019,2015,7.8,%,Lower is better,8,8.075,2.425,30.03,Worse,Denver,5.1,Nashville,10.5
Durham,"Durham County, NC",Diabetes Prevalence,Health outcomes / well-being,2019,2015,7.8,%,Lower is better,8,8.075,2.425,30.03,Worse,Denver,5.1,Nashville,10.5
Charlotte,"Mecklenburg County, NC",Diabetes Prevalence,Health outcomes / well-being,2019,2015,8.8,%,Lower is better,8,8.075,2.425,30.03,Worse,Denver,5.1,Nashville,10.5
Denver,"Denver County, CO",Diabetes Prevalence,Health outcomes / well-being,2019,2015,5.1,%,Lower is better,8,8.075,2.425,30.03,Worse,Denver,5.1,Nashville,10.5
Atlanta,"Fulton County, GA",Diabetes Prevalence,Health outcomes / well-being,2019,2015,9.2,%,Lower is better,8,8.075,2.425,30.03,Worse,Denver,5.1,Nashville,10.5
Fort Worth,"Tarrant County, TX",Diabetes Prevalence,Health outcomes / well-being,2019,2015,10.2,%,Lower is better,8,8.075,2.425,30.03,Worse,Denver,5.1,Nashville,10.5
Dallas,"Dallas County, TX",Diabetes Prevalence,Health outcomes / well-being,2019,2015,8.6,%,Lower is better,8,8.075,2.425,30.03,Worse,Denver,5.1,Nashville,10.5
Nashville,"Davidson County, TN",Diabetes Prevalence,Health outcomes / well-being,2019,2015,10.5,%,Lower is better,8,8.075,2.425,30.03,Worse,Denver,5.1,Nashville,10.5
Austin,"Travis County, TX",Adult Smoking,Health behaviors,2019,2016,13.202079894,%,Lower is better,9,14.850159,6.098675,41.07,Worse,Austin,13.202079894,Nashville,20.94883479
Raleigh,"Wake County, NC",Adult Smoking,Health behaviors,2019,2016,13.614062446,%,Lower is better,9,14.850159,6.098675,41.07,Worse,Austin,13.202079894,Nashville,20.94883479
Durham,"Durham County, NC",Adult Smoking,Health behaviors,2019,2016,15.934736319,%,Lower is better,9,14.850159,6.098675,41.07,Worse,Austin,13.202079894,Nashville,20.94883479
Charlotte,"Mecklenburg County, NC",Adult Smoking,Health behaviors,2019,2016,15.415858125,%,Lower is better,9,14.850159,6.098675,41.07,Worse,Austin,13.202079894,Nashville,20.94883479
Denver,"Denver County, CO",Adult Smoking,Health behaviors,2019,2016,15.928435817,%,Lower is better,9,14.850159,6.098675,41.07,Worse,Austin,13.202079894,Nashville,20.94883479
Atlanta,"Fulton County, GA",Adult Smoking,Health behaviors,2019,2016,14.812591334,%,Lower is better,9,14.850159,6.098675,41.07,Worse,Austin,13.202079894,Nashville,20.94883479
Fort Worth,"Tarrant County, TX",Adult Smoking,Health behaviors,2019,2016,15.327161996,%,Lower is better,9,14.850159,6.098675,41.07,Worse,Austin,13.202079894,Nashville,20.94883479
Dallas,"Dallas County, TX",Adult Smoking,Health behaviors,2019,2016,14.566349836,%,Lower is better,9,14.850159,6.098675,41.07,Worse,Austin,13.202079894,Nashville,20.94883479
Nashville,"Davidson County, TN",Adult Smoking,Health behaviors,2019,2016,20.94883479,%,Lower is better,9,14.850159,6.098675,41.07,Worse,Austin,13.202079894,Nashville,20.94883479
Austin,"Travis County, TX",Physical Inactivity,Health behaviors,2019,2015,16,%,Lower is better,8,18.0625,4.8375,26.78,Worse,Denver,11.6,Dallas,23.2
Raleigh,"Wake County, NC",Physical Inactivity,Health behaviors,2019,2015,15.4,%,Lower is better,8,18.0625,4.8375,26.78,Worse,Denver,11.6,Dallas,23.2
Durham,"Durham County, NC",Physical Inactivity,Health behaviors,2019,2015,19.2,%,Lower is better,8,18.0625,4.8375,26.78,Worse,Denver,11.6,Dallas,23.2
Charlotte,"Mecklenburg County, NC",Physical Inactivity,Health behaviors,2019,2015,17.6,%,Lower is better,8,18.0625,4.8375,26.78,Worse,Denver,11.6,Dallas,23.2
Denver,"Denver County, CO",Physical Inactivity,Health behaviors,2019,2015,11.6,%,Lower is better,8,18.0625,4.8375,26.78,Worse,Denver,11.6,Dallas,23.2
Atlanta,"Fulton County, GA",Physical Inactivity,Health behaviors,2019,2015,19.1,%,Lower is better,8,18.0625,4.8375,26.78,Worse,Denver,11.6,Dallas,23.2
Fort Worth,"Tarrant County, TX",Physical Inactivity,Health behaviors,2019,2015,22.4,%,Lower is better,8,18.0625,4.8375,26.78,Worse,Denver,11.6,Dallas,23.2
Dallas,"Dallas County, TX",Physical Inactivity,Health behaviors,2019,2015,23.2,%,Lower is better,8,18.0625,4.8375,26.78,Worse,Denver,11.6,Dallas,23.2
Nashville,"Davidson County, TN",Physical Inactivity,Health behaviors,2019,2015,22.9,%,Lower is better,8,18.0625,4.8375,26.78,Worse,Denver,11.6,Dallas,23.2
Austin,"Travis County, TX",Excessive Drinking,Health behaviors,2019,2016,22.589236561,%,Lower is better,3,19.758616,-2.132542,-10.79,Better,Durham,17.240267822,Denver,25.660681818
Raleigh,"Wake County, NC",Excessive Drinking,Health behaviors,2019,2016,20.012935488,%,Lower is better,3,19.758616,-2.132542,-10.79,Better,Durham,17.240267822,Denver,25.660681818
Durham,"Durham County, NC",Excessive Drinking,Health behaviors,2019,2016,17.240267822,%,Lower is better,3,19.758616,-2.132542,-10.79,Better,Durham,17.240267822,Denver,25.660681818
Charlotte,"Mecklenburg County, NC",Excessive Drinking,Health behaviors,2019,2016,19.555538746,%,Lower is better,3,19.758616,-2.132542,-10.79,Better,Durham,17.240267822,Denver,25.660681818
Denver,"Denver County, CO",Excessive Drinking,Health behaviors,2019,2016,25.660681818,%,Lower is better,3,19.758616,-2.132542,-10.79,Better,Durham,17.240267822,Denver,25.660681818
Atlanta,"Fulton County, GA",Excessive Drinking,Health behaviors,2019,2016,17.816324966,%,Lower is better,3,19.758616,-2.132542,-10.79,Better,Durham,17.240267822,Denver,25.660681818
Fort Worth,"Tarrant County, TX",Excessive Drinking,Health behaviors,2019,2016,17.809186576,%,Lower is better,3,19.758616,-2.132542,-10.79,Better,Durham,17.240267822,Denver,25.660681818
Dallas,"Dallas County, TX",Excessive Drinking,Health behaviors,2019,2016,17.384757021,%,Lower is better,3,19.758616,-2.132542,-10.79,Better,Durham,17.240267822,Denver,25.660681818
Nashville,"Davidson County, TN",Excessive Drinking,Health behaviors,2019,2016,17.626074131,%,Lower is better,3,19.758616,-2.132542,-10.79,Better,Durham,17.240267822,Denver,25.660681818
Austin,"Travis County, TX",Insufficient Sleep,Health behaviors,2019,2016,28.646506673,%,Lower is better,9,32.290007,6.788192,21.02,Worse,Denver,27.691240526,Nashville,39.078199243
Raleigh,"Wake County, NC",Insufficient Sleep,Health behaviors,2019,2016,31.650632437,%,Lower is better,9,32.290007,6.788192,21.02,Worse,Denver,27.691240526,Nashville,39.078199243
Durham,"Durham County, NC",Insufficient Sleep,Health behaviors,2019,2016,33.623653789,%,Lower is better,9,32.290007,6.788192,21.02,Worse,Denver,27.691240526,Nashville,39.078199243
Charlotte,"Mecklenburg County, NC",Insufficient Sleep,Health behaviors,2019,2016,32.358607523,%,Lower is better,9,32.290007,6.788192,21.02,Worse,Denver,27.691240526,Nashville,39.078199243
Denver,"Denver County, CO",Insufficient Sleep,Health behaviors,2019,2016,27.691240526,%,Lower is better,9,32.290007,6.788192,21.02,Worse,Denver,27.691240526,Nashville,39.078199243
Atlanta,"Fulton County, GA",Insufficient Sleep,Health behaviors,2019,2016,36.819433249,%,Lower is better,9,32.290007,6.788192,21.02,Worse,Denver,27.691240526,Nashville,39.078199243
Fort Worth,"Tarrant County, TX",Insufficient Sleep,Health behaviors,2019,2016,34.718939116,%,Lower is better,9,32.290007,6.788192,21.02,Worse,Denver,27.691240526,Nashville,39.078199243
Dallas,"Dallas County, TX",Insufficient Sleep,Health behaviors,2019,2016,32.811043795,%,Lower is better,9,32.290007,6.788192,21.02,Worse,Denver,27.691240526,Nashville,39.078199243
Nashville,"Davidson County, TN",Insufficient Sleep,Health behaviors,2019,2016,39.078199243,%,Lower is better,9,32.290007,6.788192,21.02,Worse,Denver,27.691240526,Nashville,39.078199243
Austin,"Travis County, TX",Food Insecurity,Health behaviors,2019,2016,15.2,%,Lower is better,5,15.65,-0.05,-0.32,Better,Denver,12.5,Atlanta,17.8
Raleigh,"Wake County, NC",Food Insecurity,Health behaviors,2019,2016,12.7,%,Lower is better,5,15.65,-0.05,-0.32,Better,Denver,12.5,Atlanta,17.8
Durham,"Durham County, NC",Food Insecurity,Health behaviors,2019,2016,17.3,%,Lower is better,5,15.65,-0.05,-0.32,Better,Denver,12.5,Atlanta,17.8
Charlotte,"Mecklenburg County, NC",Food Insecurity,Health behaviors,2019,2016,15.5,%,Lower is better,5,15.65,-0.05,-0.32,Better,Denver,12.5,Atlanta,17.8
Denver,"Denver County, CO",Food Insecurity,Health behaviors,2019,2016,12.5,%,Lower is better,5,15.65,-0.05,-0.32,Better,Denver,12.5,Atlanta,17.8
Atlanta,"Fulton County, GA",Food Insecurity,Health behaviors,2019,2016,17.8,%,Lower is better,5,15.65,-0.05,-0.32,Better,Denver,12.5,Atlanta,17.8
Fort Worth,"Tarrant County, TX",Food Insecurity,Health behaviors,2019,2016,16.6,%,Lower is better,5,15.65,-0.05,-0.32,Better,Denver,12.5,Atlanta,17.8
Dallas,"Dallas County, TX",Food Insecurity,Health behaviors,2019,2016,17.6,%,Lower is better,5,15.65,-0.05,-0.32,Better,Denver,12.5,Atlanta,17.8
Nashville,"Davidson County, TN",Food Insecurity,Health behaviors,2019,2016,15.6,%,Lower is better,5,15.65,-0.05,-0.32,Better,Denver,12.5,Atlanta,17.8
Austin,"Travis County, TX",Drug Overdose Deaths,Health behaviors,2019,2015-2017,11.935893703,"deaths per 100,000 population",Lower is better,9,13.375282,16.704415,124.89,Worse,Fort Worth,9.8615012443,Nashville,30.079696594
Raleigh,"Wake County, NC",Drug Overdose Deaths,Health behaviors,2019,2015-2017,11.739658284,"deaths per 100,000 population",Lower is better,9,13.375282,16.704415,124.89,Worse,Fort Worth,9.8615012443,Nashville,30.079696594
Durham,"Durham County, NC",Drug Overdose Deaths,Health behaviors,2019,2015-2017,11.645574029,"deaths per 100,000 population",Lower is better,9,13.375282,16.704415,124.89,Worse,Fort Worth,9.8615012443,Nashville,30.079696594
Charlotte,"Mecklenburg County, NC",Drug Overdose Deaths,Health behaviors,2019,2015-2017,15.162322135,"deaths per 100,000 population",Lower is better,9,13.375282,16.704415,124.89,Worse,Fort Worth,9.8615012443,Nashville,30.079696594
Denver,"Denver County, CO",Drug Overdose Deaths,Health behaviors,2019,2015-2017,19.084464861,"deaths per 100,000 population",Lower is better,9,13.375282,16.704415,124.89,Worse,Fort Worth,9.8615012443,Nashville,30.079696594
Atlanta,"Fulton County, GA",Drug Overdose Deaths,Health behaviors,2019,2015-2017,15.347991315,"deaths per 100,000 population",Lower is better,9,13.375282,16.704415,124.89,Worse,Fort Worth,9.8615012443,Nashville,30.079696594
Fort Worth,"Tarrant County, TX",Drug Overdose Deaths,Health behaviors,2019,2015-2017,9.8615012443,"deaths per 100,000 population",Lower is better,9,13.375282,16.704415,124.89,Worse,Fort Worth,9.8615012443,Nashville,30.079696594
Dallas,"Dallas County, TX",Drug Overdose Deaths,Health behaviors,2019,2015-2017,12.224848922,"deaths per 100,000 population",Lower is better,9,13.375282,16.704415,124.89,Worse,Fort Worth,9.8615012443,Nashville,30.079696594
Nashville,"Davidson County, TN",Drug Overdose Deaths,Health behaviors,2019,2015-2017,30.079696594,"deaths per 100,000 population",Lower is better,9,13.375282,16.704415,124.89,Worse,Fort Worth,9.8615012443,Nashville,30.079696594
Austin,"Travis County, TX",Access to Exercise Opportunities,Health behaviors,2019,2010 & 2018,92.153600725,%,Higher is better,8,93.252532,-3.580912,-3.84,Worse,Denver,99.475971328,Raleigh,88.927327959
Raleigh,"Wake County, NC",Access to Exercise Opportunities,Health behaviors,2019,2010 & 2018,88.927327959,%,Higher is better,8,93.252532,-3.580912,-3.84,Worse,Denver,99.475971328,Raleigh,88.927327959
Durham,"Durham County, NC",Access to Exercise Opportunities,Health behaviors,2019,2010 & 2018,90.009230643,%,Higher is better,8,93.252532,-3.580912,-3.84,Worse,Denver,99.475971328,Raleigh,88.927327959
Charlotte,"Mecklenburg County, NC",Access to Exercise Opportunities,Health behaviors,2019,2010 & 2018,91.340846516,%,Higher is better,8,93.252532,-3.580912,-3.84,Worse,Denver,99.475971328,Raleigh,88.927327959
Denver,"Denver County, CO",Access to Exercise Opportunities,Health behaviors,2019,2010 & 2018,99.475971328,%,Higher is better,8,93.252532,-3.580912,-3.84,Worse,Denver,99.475971328,Raleigh,88.927327959
Atlanta,"Fulton County, GA",Access to Exercise Opportunities,Health behaviors,2019,2010 & 2018,94.635561672,%,Higher is better,8,93.252532,-3.580912,-3.84,Worse,Denver,99.475971328,Raleigh,88.927327959
Fort Worth,"Tarrant County, TX",Access to Exercise Opportunities,Health behaviors,2019,2010 & 2018,93.313890176,%,Higher is better,8,93.252532,-3.580912,-3.84,Worse,Denver,99.475971328,Raleigh,88.927327959
Dallas,"Dallas County, TX",Access to Exercise Opportunities,Health behaviors,2019,2010 & 2018,96.163823154,%,Higher is better,8,93.252532,-3.580912,-3.84,Worse,Denver,99.475971328,Raleigh,88.927327959
Nashville,"Davidson County, TN",Access to Exercise Opportunities,Health behaviors,2019,2010 & 2018,89.671619213,%,Higher is better,8,93.252532,-3.580912,-3.84,Worse,Denver,99.475971328,Raleigh,88.927327959
Austin,"Travis County, TX",Uninsured,Clinical care,2019,2016,15.209621248,%,Lower is better,4,13.901809,-1.289256,-9.27,Better,Raleigh,9.1915697649,Dallas,21.620208401
Raleigh,"Wake County, NC",Uninsured,Clinical care,2019,2016,9.1915697649,%,Lower is better,4,13.901809,-1.289256,-9.27,Better,Raleigh,9.1915697649,Dallas,21.620208401
Durham,"Durham County, NC",Uninsured,Clinical care,2019,2016,12.823866878,%,Lower is better,4,13.901809,-1.289256,-9.27,Better,Raleigh,9.1915697649,Dallas,21.620208401
Charlotte,"Mecklenburg County, NC",Uninsured,Clinical care,2019,2016,12.059734561,%,Lower is better,4,13.901809,-1.289256,-9.27,Better,Raleigh,9.1915697649,Dallas,21.620208401
Denver,"Denver County, CO",Uninsured,Clinical care,2019,2016,10.287222935,%,Lower is better,4,13.901809,-1.289256,-9.27,Better,Raleigh,9.1915697649,Dallas,21.620208401
Atlanta,"Fulton County, GA",Uninsured,Clinical care,2019,2016,12.974144587,%,Lower is better,4,13.901809,-1.289256,-9.27,Better,Raleigh,9.1915697649,Dallas,21.620208401
Fort Worth,"Tarrant County, TX",Uninsured,Clinical care,2019,2016,17.048106863,%,Lower is better,4,13.901809,-1.289256,-9.27,Better,Raleigh,9.1915697649,Dallas,21.620208401
Dallas,"Dallas County, TX",Uninsured,Clinical care,2019,2016,21.620208401,%,Lower is better,4,13.901809,-1.289256,-9.27,Better,Raleigh,9.1915697649,Dallas,21.620208401
Nashville,"Davidson County, TN",Uninsured,Clinical care,2019,2016,12.612553684,%,Lower is better,4,13.901809,-1.289256,-9.27,Better,Raleigh,9.1915697649,Dallas,21.620208401
Austin,"Travis County, TX",Primary Care Physicians,Clinical care,2019,2016,1171,residents per primary care physician,Lower is better,4,1155.75,-89.75,-7.77,Better,Denver,762,Fort Worth,1766
Raleigh,"Wake County, NC",Primary Care Physicians,Clinical care,2019,2016,1168,residents per primary care physician,Lower is better,4,1155.75,-89.75,-7.77,Better,Denver,762,Fort Worth,1766
Durham,"Durham County, NC",Primary Care Physicians,Clinical care,2019,2016,839,residents per primary care physician,Lower is better,4,1155.75,-89.75,-7.77,Better,Denver,762,Fort Worth,1766
Charlotte,"Mecklenburg County, NC",Primary Care Physicians,Clinical care,2019,2016,1143,residents per primary care physician,Lower is better,4,1155.75,-89.75,-7.77,Better,Denver,762,Fort Worth,1766
Denver,"Denver County, CO",Primary Care Physicians,Clinical care,2019,2016,762,residents per primary care physician,Lower is better,4,1155.75,-89.75,-7.77,Better,Denver,762,Fort Worth,1766
Atlanta,"Fulton County, GA",Primary Care Physicians,Clinical care,2019,2016,928,residents per primary care physician,Lower is better,4,1155.75,-89.75,-7.77,Better,Denver,762,Fort Worth,1766
Fort Worth,"Tarrant County, TX",Primary Care Physicians,Clinical care,2019,2016,1766,residents per primary care physician,Lower is better,4,1155.75,-89.75,-7.77,Better,Denver,762,Fort Worth,1766
Dallas,"Dallas County, TX",Primary Care Physicians,Clinical care,2019,2016,1469,residents per primary care physician,Lower is better,4,1155.75,-89.75,-7.77,Better,Denver,762,Fort Worth,1766
Nashville,"Davidson County, TN",Primary Care Physicians,Clinical care,2019,2016,1066,residents per primary care physician,Lower is better,4,1155.75,-89.75,-7.77,Better,Denver,762,Fort Worth,1766
Austin,"Travis County, TX",Mental Health Providers,Clinical care,2019,2018,397,residents per mental health provider,Lower is better,3,452.625,-113.625,-25.10,Better,Durham,179,Fort Worth,934
Raleigh,"Wake County, NC",Mental Health Providers,Clinical care,2019,2018,359,residents per mental health provider,Lower is better,3,452.625,-113.625,-25.10,Better,Durham,179,Fort Worth,934
Durham,"Durham County, NC",Mental Health Providers,Clinical care,2019,2018,179,residents per mental health provider,Lower is better,3,452.625,-113.625,-25.10,Better,Durham,179,Fort Worth,934
Charlotte,"Mecklenburg County, NC",Mental Health Providers,Clinical care,2019,2018,378,residents per mental health provider,Lower is better,3,452.625,-113.625,-25.10,Better,Durham,179,Fort Worth,934
Denver,"Denver County, CO",Mental Health Providers,Clinical care,2019,2018,188,residents per mental health provider,Lower is better,3,452.625,-113.625,-25.10,Better,Durham,179,Fort Worth,934
Atlanta,"Fulton County, GA",Mental Health Providers,Clinical care,2019,2018,459,residents per mental health provider,Lower is better,3,452.625,-113.625,-25.10,Better,Durham,179,Fort Worth,934
Fort Worth,"Tarrant County, TX",Mental Health Providers,Clinical care,2019,2018,934,residents per mental health provider,Lower is better,3,452.625,-113.625,-25.10,Better,Durham,179,Fort Worth,934
Dallas,"Dallas County, TX",Mental Health Providers,Clinical care,2019,2018,727,residents per mental health provider,Lower is better,3,452.625,-113.625,-25.10,Better,Durham,179,Fort Worth,934
Nashville,"Davidson County, TN",Mental Health Providers,Clinical care,2019,2018,339,residents per mental health provider,Lower is better,3,452.625,-113.625,-25.10,Better,Durham,179,Fort Worth,934
Austin,"Travis County, TX",Preventable Hospital Stays,Clinical care,2019,2016,4268,"hospital stays per 100,000 Medicare enrollees",Lower is better,9,4203.125,1362.875,32.43,Worse,Denver,2876,Nashville,5566
Raleigh,"Wake County, NC",Preventable Hospital Stays,Clinical care,2019,2016,3744,"hospital stays per 100,000 Medicare enrollees",Lower is better,9,4203.125,1362.875,32.43,Worse,Denver,2876,Nashville,5566
Durham,"Durham County, NC",Preventable Hospital Stays,Clinical care,2019,2016,3978,"hospital stays per 100,000 Medicare enrollees",Lower is better,9,4203.125,1362.875,32.43,Worse,Denver,2876,Nashville,5566
Charlotte,"Mecklenburg County, NC",Preventable Hospital Stays,Clinical care,2019,2016,4096,"hospital stays per 100,000 Medicare enrollees",Lower is better,9,4203.125,1362.875,32.43,Worse,Denver,2876,Nashville,5566
Denver,"Denver County, CO",Preventable Hospital Stays,Clinical care,2019,2016,2876,"hospital stays per 100,000 Medicare enrollees",Lower is better,9,4203.125,1362.875,32.43,Worse,Denver,2876,Nashville,5566
Atlanta,"Fulton County, GA",Preventable Hospital Stays,Clinical care,2019,2016,4423,"hospital stays per 100,000 Medicare enrollees",Lower is better,9,4203.125,1362.875,32.43,Worse,Denver,2876,Nashville,5566
Fort Worth,"Tarrant County, TX",Preventable Hospital Stays,Clinical care,2019,2016,5484,"hospital stays per 100,000 Medicare enrollees",Lower is better,9,4203.125,1362.875,32.43,Worse,Denver,2876,Nashville,5566
Dallas,"Dallas County, TX",Preventable Hospital Stays,Clinical care,2019,2016,4756,"hospital stays per 100,000 Medicare enrollees",Lower is better,9,4203.125,1362.875,32.43,Worse,Denver,2876,Nashville,5566
Nashville,"Davidson County, TN",Preventable Hospital Stays,Clinical care,2019,2016,5566,"hospital stays per 100,000 Medicare enrollees",Lower is better,9,4203.125,1362.875,32.43,Worse,Denver,2876,Nashville,5566
Austin,"Travis County, TX",Children in Poverty,Social & economic,2019,2017,14.7,%,Lower is better,8,18.1375,4.3625,24.05,Worse,Raleigh,11.6,Durham,24.3
Raleigh,"Wake County, NC",Children in Poverty,Social & economic,2019,2017,11.6,%,Lower is better,8,18.1375,4.3625,24.05,Worse,Raleigh,11.6,Durham,24.3
Durham,"Durham County, NC",Children in Poverty,Social & economic,2019,2017,24.3,%,Lower is better,8,18.1375,4.3625,24.05,Worse,Raleigh,11.6,Durham,24.3
Charlotte,"Mecklenburg County, NC",Children in Poverty,Social & economic,2019,2017,16.8,%,Lower is better,8,18.1375,4.3625,24.05,Worse,Raleigh,11.6,Durham,24.3
Denver,"Denver County, CO",Children in Poverty,Social & economic,2019,2017,17.4,%,Lower is better,8,18.1375,4.3625,24.05,Worse,Raleigh,11.6,Durham,24.3
Atlanta,"Fulton County, GA",Children in Poverty,Social & economic,2019,2017,21.1,%,Lower is better,8,18.1375,4.3625,24.05,Worse,Raleigh,11.6,Durham,24.3
Fort Worth,"Tarrant County, TX",Children in Poverty,Social & economic,2019,2017,17.1,%,Lower is better,8,18.1375,4.3625,24.05,Worse,Raleigh,11.6,Durham,24.3
Dallas,"Dallas County, TX",Children in Poverty,Social & economic,2019,2017,22.1,%,Lower is better,8,18.1375,4.3625,24.05,Worse,Raleigh,11.6,Durham,24.3
Nashville,"Davidson County, TN",Children in Poverty,Social & economic,2019,2017,22.5,%,Lower is better,8,18.1375,4.3625,24.05,Worse,Raleigh,11.6,Durham,24.3
Austin,"Travis County, TX",Unemployment,Social & economic,2019,2017,2.9946118454,%,Lower is better,1,3.799127,-1.053013,-27.72,Better,Nashville,2.7461145236,Atlanta,4.8308191445
Raleigh,"Wake County, NC",Unemployment,Social & economic,2019,2017,3.9195420159,%,Lower is better,1,3.799127,-1.053013,-27.72,Better,Nashville,2.7461145236,Atlanta,4.8308191445
Durham,"Durham County, NC",Unemployment,Social & economic,2019,2017,4.0762314497,%,Lower is better,1,3.799127,-1.053013,-27.72,Better,Nashville,2.7461145236,Atlanta,4.8308191445
Charlotte,"Mecklenburg County, NC",Unemployment,Social & economic,2019,2017,4.3073232801,%,Lower is better,1,3.799127,-1.053013,-27.72,Better,Nashville,2.7461145236,Atlanta,4.8308191445
Denver,"Denver County, CO",Unemployment,Social & economic,2019,2017,2.7547675279,%,Lower is better,1,3.799127,-1.053013,-27.72,Better,Nashville,2.7461145236,Atlanta,4.8308191445
Atlanta,"Fulton County, GA",Unemployment,Social & economic,2019,2017,4.8308191445,%,Lower is better,1,3.799127,-1.053013,-27.72,Better,Nashville,2.7461145236,Atlanta,4.8308191445
Fort Worth,"Tarrant County, TX",Unemployment,Social & economic,2019,2017,3.6753484168,%,Lower is better,1,3.799127,-1.053013,-27.72,Better,Nashville,2.7461145236,Atlanta,4.8308191445
Dallas,"Dallas County, TX",Unemployment,Social & economic,2019,2017,3.8343754896,%,Lower is better,1,3.799127,-1.053013,-27.72,Better,Nashville,2.7461145236,Atlanta,4.8308191445
Nashville,"Davidson County, TN",Unemployment,Social & economic,2019,2017,2.7461145236,%,Lower is better,1,3.799127,-1.053013,-27.72,Better,Nashville,2.7461145236,Atlanta,4.8308191445
Austin,"Travis County, TX",Median Household Income,Social & economic,2019,2017,72785,USD,Higher is better,8,65981.125,-7717.125,-11.70,Worse,Raleigh,77641,Dallas,56732
Raleigh,"Wake County, NC",Median Household Income,Social & economic,2019,2017,77641,USD,Higher is better,8,65981.125,-7717.125,-11.70,Worse,Raleigh,77641,Dallas,56732
Durham,"Durham County, NC",Median Household Income,Social & economic,2019,2017,60045,USD,Higher is better,8,65981.125,-7717.125,-11.70,Worse,Raleigh,77641,Dallas,56732
Charlotte,"Mecklenburg County, NC",Median Household Income,Social & economic,2019,2017,65750,USD,Higher is better,8,65981.125,-7717.125,-11.70,Worse,Raleigh,77641,Dallas,56732
Denver,"Denver County, CO",Median Household Income,Social & economic,2019,2017,64974,USD,Higher is better,8,65981.125,-7717.125,-11.70,Worse,Raleigh,77641,Dallas,56732
Atlanta,"Fulton County, GA",Median Household Income,Social & economic,2019,2017,64901,USD,Higher is better,8,65981.125,-7717.125,-11.70,Worse,Raleigh,77641,Dallas,56732
Fort Worth,"Tarrant County, TX",Median Household Income,Social & economic,2019,2017,65021,USD,Higher is better,8,65981.125,-7717.125,-11.70,Worse,Raleigh,77641,Dallas,56732
Dallas,"Dallas County, TX",Median Household Income,Social & economic,2019,2017,56732,USD,Higher is better,8,65981.125,-7717.125,-11.70,Worse,Raleigh,77641,Dallas,56732
Nashville,"Davidson County, TN",Median Household Income,Social & economic,2019,2017,58264,USD,Higher is better,8,65981.125,-7717.125,-11.70,Worse,Raleigh,77641,Dallas,56732
Austin,"Travis County, TX",High School Completion,Social & economic,2019,,,%,Higher is better,,,,,,,,,
Raleigh,"Wake County, NC",High School Completion,Social & economic,2019,,,%,Higher is better,,,,,,,,,
Durham,"Durham County, NC",High School Completion,Social & economic,2019,,,%,Higher is better,,,,,,,,,
Charlotte,"Mecklenburg County, NC",High School Completion,Social & economic,2019,,,%,Higher is better,,,,,,,,,
Denver,"Denver County, CO",High School Completion,Social & economic,2019,,,%,Higher is better,,,,,,,,,
Atlanta,"Fulton County, GA",High School Completion,Social & economic,2019,,,%,Higher is better,,,,,,,,,
Fort Worth,"Tarrant County, TX",High School Completion,Social & economic,2019,,,%,Higher is better,,,,,,,,,
Dallas,"Dallas County, TX",High School Completion,Social & economic,2019,,,%,Higher is better,,,,,,,,,
Nashville,"Davidson County, TN",High School Completion,Social & economic,2019,,,%,Higher is better,,,,,,,,,
Austin,"Travis County, TX",Income Inequality,Social & economic,2019,2013-2017,4.605227519,80th/20th percentile income ratio,Lower is better,3,4.823672,-0.393655,-8.16,Better,Raleigh,4.2290135861,Atlanta,6.0586884962
Raleigh,"Wake County, NC",Income Inequality,Social & economic,2019,2013-2017,4.2290135861,80th/20th percentile income ratio,Lower is better,3,4.823672,-0.393655,-8.16,Better,Raleigh,4.2290135861,Atlanta,6.0586884962
Durham,"Durham County, NC",Income Inequality,Social & economic,2019,2013-2017,4.8542320405,80th/20th percentile income ratio,Lower is better,3,4.823672,-0.393655,-8.16,Better,Raleigh,4.2290135861,Atlanta,6.0586884962
Charlotte,"Mecklenburg County, NC",Income Inequality,Social & economic,2019,2013-2017,4.6705969872,80th/20th percentile income ratio,Lower is better,3,4.823672,-0.393655,-8.16,Better,Raleigh,4.2290135861,Atlanta,6.0586884962
Denver,"Denver County, CO",Income Inequality,Social & economic,2019,2013-2017,5.1279305589,80th/20th percentile income ratio,Lower is better,3,4.823672,-0.393655,-8.16,Better,Raleigh,4.2290135861,Atlanta,6.0586884962
Atlanta,"Fulton County, GA",Income Inequality,Social & economic,2019,2013-2017,6.0586884962,80th/20th percentile income ratio,Lower is better,3,4.823672,-0.393655,-8.16,Better,Raleigh,4.2290135861,Atlanta,6.0586884962
Fort Worth,"Tarrant County, TX",Income Inequality,Social & economic,2019,2013-2017,4.401528321,80th/20th percentile income ratio,Lower is better,3,4.823672,-0.393655,-8.16,Better,Raleigh,4.2290135861,Atlanta,6.0586884962
Dallas,"Dallas County, TX",Income Inequality,Social & economic,2019,2013-2017,4.6421564482,80th/20th percentile income ratio,Lower is better,3,4.823672,-0.393655,-8.16,Better,Raleigh,4.2290135861,Atlanta,6.0586884962
Nashville,"Davidson County, TN",Income Inequality,Social & economic,2019,2013-2017,4.4300172175,80th/20th percentile income ratio,Lower is better,3,4.823672,-0.393655,-8.16,Better,Raleigh,4.2290135861,Atlanta,6.0586884962
Austin,"Travis County, TX",Severe Housing Problems,Physical environment,2019,2011-2015,20.68212601,%,Lower is better,4,18.55656,-0.979633,-5.28,Better,Raleigh,14.31979598,Dallas,21.961238199
Raleigh,"Wake County, NC",Severe Housing Problems,Physical environment,2019,2011-2015,14.31979598,%,Lower is better,4,18.55656,-0.979633,-5.28,Better,Raleigh,14.31979598,Dallas,21.961238199
Durham,"Durham County, NC",Severe Housing Problems,Physical environment,2019,2011-2015,17.926277215,%,Lower is better,4,18.55656,-0.979633,-5.28,Better,Raleigh,14.31979598,Dallas,21.961238199
Charlotte,"Mecklenburg County, NC",Severe Housing Problems,Physical environment,2019,2011-2015,17.184722935,%,Lower is better,4,18.55656,-0.979633,-5.28,Better,Raleigh,14.31979598,Dallas,21.961238199
Denver,"Denver County, CO",Severe Housing Problems,Physical environment,2019,2011-2015,19.367646259,%,Lower is better,4,18.55656,-0.979633,-5.28,Better,Raleigh,14.31979598,Dallas,21.961238199
Atlanta,"Fulton County, GA",Severe Housing Problems,Physical environment,2019,2011-2015,19.502309484,%,Lower is better,4,18.55656,-0.979633,-5.28,Better,Raleigh,14.31979598,Dallas,21.961238199
Fort Worth,"Tarrant County, TX",Severe Housing Problems,Physical environment,2019,2011-2015,17.508367533,%,Lower is better,4,18.55656,-0.979633,-5.28,Better,Raleigh,14.31979598,Dallas,21.961238199
Dallas,"Dallas County, TX",Severe Housing Problems,Physical environment,2019,2011-2015,21.961238199,%,Lower is better,4,18.55656,-0.979633,-5.28,Better,Raleigh,14.31979598,Dallas,21.961238199
Nashville,"Davidson County, TN",Severe Housing Problems,Physical environment,2019,2011-2015,17.576927444,%,Lower is better,4,18.55656,-0.979633,-5.28,Better,Raleigh,14.31979598,Dallas,21.961238199
Austin,"Travis County, TX",Air Pollution – Particulate Matter,Physical environment,2019,2014,10.5,µg/m³ PM2.5,Lower is better,4,10.525,0.075,0.71,Worse,Denver,8.2,Atlanta,12
Raleigh,"Wake County, NC",Air Pollution – Particulate Matter,Physical environment,2019,2014,11,µg/m³ PM2.5,Lower is better,4,10.525,0.075,0.71,Worse,Denver,8.2,Atlanta,12
Durham,"Durham County, NC",Air Pollution – Particulate Matter,Physical environment,2019,2014,10.6,µg/m³ PM2.5,Lower is better,4,10.525,0.075,0.71,Worse,Denver,8.2,Atlanta,12
Charlotte,"Mecklenburg County, NC",Air Pollution – Particulate Matter,Physical environment,2019,2014,11.3,µg/m³ PM2.5,Lower is better,4,10.525,0.075,0.71,Worse,Denver,8.2,Atlanta,12
Denver,"Denver County, CO",Air Pollution – Particulate Matter,Physical environment,2019,2014,8.2,µg/m³ PM2.5,Lower is better,4,10.525,0.075,0.71,Worse,Denver,8.2,Atlanta,12
Atlanta,"Fulton County, GA",Air Pollution – Particulate Matter,Physical environment,2019,2014,12,µg/m³ PM2.5,Lower is better,4,10.525,0.075,0.71,Worse,Denver,8.2,Atlanta,12
Fort Worth,"Tarrant County, TX",Air Pollution – Particulate Matter,Physical environment,2019,2014,10.6,µg/m³ PM2.5,Lower is better,4,10.525,0.075,0.71,Worse,Denver,8.2,Atlanta,12
Dallas,"Dallas County, TX",Air Pollution – Particulate Matter,Physical environment,2019,2014,10,µg/m³ PM2.5,Lower is better,4,10.525,0.075,0.71,Worse,Denver,8.2,Atlanta,12
Nashville,"Davidson County, TN",Air Pollution – Particulate Matter,Physical environment,2019,2014,10.6,µg/m³ PM2.5,Lower is better,4,10.525,0.075,0.71,Worse,Denver,8.2,Atlanta,12
Austin,"Travis County, TX",Suicide Rate,Health outcomes / well-being,2019,,,"deaths per 100,000 population",Lower is better,,,,,,,,,
Raleigh,"Wake County, NC",Suicide Rate,Health outcomes / well-being,2019,,,"deaths per 100,000 population",Lower is better,,,,,,,,,
Durham,"Durham County, NC",Suicide Rate,Health outcomes / well-being,2019,,,"deaths per 100,000 population",Lower is better,,,,,,,,,
Charlotte,"Mecklenburg County, NC",Suicide Rate,Health outcomes / well-being,2019,,,"deaths per 100,000 population",Lower is better,,,,,,,,,
Denver,"Denver County, CO",Suicide Rate,Health outcomes / well-being,2019,,,"deaths per 100,000 population",Lower is better,,,,,,,,,
Atlanta,"Fulton County, GA",Suicide Rate,Health outcomes / well-being,2019,,,"deaths per 100,000 population",Lower is better,,,,,,,,,
Fort Worth,"Tarrant County, TX",Suicide Rate,Health outcomes / well-being,2019,,,"deaths per 100,000 population",Lower is better,,,,,,,,,
Dallas,"Dallas County, TX",Suicide Rate,Health outcomes / well-being,2019,,,"deaths per 100,000 population",Lower is better,,,,,,,,,
Nashville,"Davidson County, TN",Suicide Rate,Health outcomes / well-being,2019,,,"deaths per 100,000 population",Lower is better,,,,,,,,,
Austin,"Travis County, TX",Teen Birth Rate,Health behaviors,2019,2011-2017,28.288285302,"births per 1,000 females ages 15–19",Lower is better,6,27.683779,3.161917,11.42,Worse,Raleigh,14.137776155,Dallas,42.361557876
Raleigh,"Wake County, NC",Teen Birth Rate,Health behaviors,2019,2011-2017,14.137776155,"births per 1,000 females ages 15–19",Lower is better,6,27.683779,3.161917,11.42,Worse,Raleigh,14.137776155,Dallas,42.361557876
Durham,"Durham County, NC",Teen Birth Rate,Health behaviors,2019,2011-2017,24.22648089,"births per 1,000 females ages 15–19",Lower is better,6,27.683779,3.161917,11.42,Worse,Raleigh,14.137776155,Dallas,42.361557876
Charlotte,"Mecklenburg County, NC",Teen Birth Rate,Health behaviors,2019,2011-2017,22.419342598,"births per 1,000 females ages 15–19",Lower is better,6,27.683779,3.161917,11.42,Worse,Raleigh,14.137776155,Dallas,42.361557876
Denver,"Denver County, CO",Teen Birth Rate,Health behaviors,2019,2011-2017,34.449964892,"births per 1,000 females ages 15–19",Lower is better,6,27.683779,3.161917,11.42,Worse,Raleigh,14.137776155,Dallas,42.361557876
Atlanta,"Fulton County, GA",Teen Birth Rate,Health behaviors,2019,2011-2017,23.983936973,"births per 1,000 females ages 15–19",Lower is better,6,27.683779,3.161917,11.42,Worse,Raleigh,14.137776155,Dallas,42.361557876
Fort Worth,"Tarrant County, TX",Teen Birth Rate,Health behaviors,2019,2011-2017,31.60288549,"births per 1,000 females ages 15–19",Lower is better,6,27.683779,3.161917,11.42,Worse,Raleigh,14.137776155,Dallas,42.361557876
Dallas,"Dallas County, TX",Teen Birth Rate,Health behaviors,2019,2011-2017,42.361557876,"births per 1,000 females ages 15–19",Lower is better,6,27.683779,3.161917,11.42,Worse,Raleigh,14.137776155,Dallas,42.361557876
Nashville,"Davidson County, TN",Teen Birth Rate,Health behaviors,2019,2011-2017,30.845695641,"births per 1,000 females ages 15–19",Lower is better,6,27.683779,3.161917,11.42,Worse,Raleigh,14.137776155,Dallas,42.361557876
Austin,"Travis County, TX",Injury Deaths,Health outcomes / well-being,2019,2013-2017,56.530757941,"deaths per 100,000 population",Lower is better,9,55.464279,32.455517,58.52,Worse,Raleigh,43.333179573,Nashville,87.919796327
Raleigh,"Wake County, NC",Injury Deaths,Health outcomes / well-being,2019,2013-2017,43.333179573,"deaths per 100,000 population",Lower is better,9,55.464279,32.455517,58.52,Worse,Raleigh,43.333179573,Nashville,87.919796327
Durham,"Durham County, NC",Injury Deaths,Health outcomes / well-being,2019,2013-2017,56.280917039,"deaths per 100,000 population",Lower is better,9,55.464279,32.455517,58.52,Worse,Raleigh,43.333179573,Nashville,87.919796327
Charlotte,"Mecklenburg County, NC",Injury Deaths,Health outcomes / well-being,2019,2013-2017,49.407477824,"deaths per 100,000 population",Lower is better,9,55.464279,32.455517,58.52,Worse,Raleigh,43.333179573,Nashville,87.919796327
Denver,"Denver County, CO",Injury Deaths,Health outcomes / well-being,2019,2013-2017,73.963123931,"deaths per 100,000 population",Lower is better,9,55.464279,32.455517,58.52,Worse,Raleigh,43.333179573,Nashville,87.919796327
Atlanta,"Fulton County, GA",Injury Deaths,Health outcomes / well-being,2019,2013-2017,62.283262061,"deaths per 100,000 population",Lower is better,9,55.464279,32.455517,58.52,Worse,Raleigh,43.333179573,Nashville,87.919796327
Fort Worth,"Tarrant County, TX",Injury Deaths,Health outcomes / well-being,2019,2013-2017,47.927774559,"deaths per 100,000 population",Lower is better,9,55.464279,32.455517,58.52,Worse,Raleigh,43.333179573,Nashville,87.919796327
Dallas,"Dallas County, TX",Injury Deaths,Health outcomes / well-being,2019,2013-2017,53.987741229,"deaths per 100,000 population",Lower is better,9,55.464279,32.455517,58.52,Worse,Raleigh,43.333179573,Nashville,87.919796327
Nashville,"Davidson County, TN",Injury Deaths,Health outcomes / well-being,2019,2013-2017,87.919796327,"deaths per 100,000 population",Lower is better,9,55.464279,32.455517,58.52,Worse,Raleigh,43.333179573,Nashville,87.919796327
Austin,"Travis County, TX",Broadband Access,Physical environment,2019,,,%,Higher is better,,,,,,,,,
Raleigh,"Wake County, NC",Broadband Access,Physical environment,2019,,,%,Higher is better,,,,,,,,,
Durham,"Durham County, NC",Broadband Access,Physical environment,2019,,,%,Higher is better,,,,,,,,,
Charlotte,"Mecklenburg County, NC",Broadband Access,Physical environment,2019,,,%,Higher is better,,,,,,,,,
Denver,"Denver County, CO",Broadband Access,Physical environment,2019,,,%,Higher is better,,,,,,,,,
Atlanta,"Fulton County, GA",Broadband Access,Physical environment,2019,,,%,Higher is better,,,,,,,,,
Fort Worth,"Tarrant County, TX",Broadband Access,Physical environment,2019,,,%,Higher is better,,,,,,,,,
Dallas,"Dallas County, TX",Broadband Access,Physical environment,2019,,,%,Higher is better,,,,,,,,,
Nashville,"Davidson County, TN",Broadband Access,Physical environment,2019,,,%,Higher is better,,,,,,,,,
Austin,"Travis County, TX",Severe Housing Cost Burden,Physical environment,2019,2013-2017,15.940190221,%,Lower is better,4,14.916325,-0.368809,-2.47,Better,Raleigh,11.34979356,Atlanta,17.243276976
Raleigh,"Wake County, NC",Severe Housing Cost Burden,Physical environment,2019,2013-2017,11.34979356,%,Lower is better,4,14.916325,-0.368809,-2.47,Better,Raleigh,11.34979356,Atlanta,17.243276976
Durham,"Durham County, NC",Severe Housing Cost Burden,Physical environment,2019,2013-2017,15.111186845,%,Lower is better,4,14.916325,-0.368809,-2.47,Better,Raleigh,11.34979356,Atlanta,17.243276976
Charlotte,"Mecklenburg County, NC",Severe Housing Cost Burden,Physical environment,2019,2013-2017,14.369543252,%,Lower is better,4,14.916325,-0.368809,-2.47,Better,Raleigh,11.34979356,Atlanta,17.243276976
Denver,"Denver County, CO",Severe Housing Cost Burden,Physical environment,2019,2013-2017,16.240222865,%,Lower is better,4,14.916325,-0.368809,-2.47,Better,Raleigh,11.34979356,Atlanta,17.243276976
Atlanta,"Fulton County, GA",Severe Housing Cost Burden,Physical environment,2019,2013-2017,17.243276976,%,Lower is better,4,14.916325,-0.368809,-2.47,Better,Raleigh,11.34979356,Atlanta,17.243276976
Fort Worth,"Tarrant County, TX",Severe Housing Cost Burden,Physical environment,2019,2013-2017,13.181682416,%,Lower is better,4,14.916325,-0.368809,-2.47,Better,Raleigh,11.34979356,Atlanta,17.243276976
Dallas,"Dallas County, TX",Severe Housing Cost Burden,Physical environment,2019,2013-2017,15.894700897,%,Lower is better,4,14.916325,-0.368809,-2.47,Better,Raleigh,11.34979356,Atlanta,17.243276976
Nashville,"Davidson County, TN",Severe Housing Cost Burden,Physical environment,2019,2013-2017,14.547515303,%,Lower is better,4,14.916325,-0.368809,-2.47,Better,Raleigh,11.34979356,Atlanta,17.243276976
Austin,"Travis County, TX",Life Expectancy,Health outcomes / well-being,2020,2016-2018,81.777958702,years,Higher is better,9,80.174463,-3.193089,-3.98,Worse,Austin,81.777958702,Nashville,76.981374495
Raleigh,"Wake County, NC",Life Expectancy,Health outcomes / well-being,2020,2016-2018,81.623908609,years,Higher is better,9,80.174463,-3.193089,-3.98,Worse,Austin,81.777958702,Nashville,76.981374495
Durham,"Durham County, NC",Life Expectancy,Health outcomes / well-being,2020,2016-2018,80.290853997,years,Higher is better,9,80.174463,-3.193089,-3.98,Worse,Austin,81.777958702,Nashville,76.981374495
Charlotte,"Mecklenburg County, NC",Life Expectancy,Health outcomes / well-being,2020,2016-2018,80.358177488,years,Higher is better,9,80.174463,-3.193089,-3.98,Worse,Austin,81.777958702,Nashville,76.981374495
Denver,"Denver County, CO",Life Expectancy,Health outcomes / well-being,2020,2016-2018,79.767451855,years,Higher is better,9,80.174463,-3.193089,-3.98,Worse,Austin,81.777958702,Nashville,76.981374495
Atlanta,"Fulton County, GA",Life Expectancy,Health outcomes / well-being,2020,2016-2018,79.483402847,years,Higher is better,9,80.174463,-3.193089,-3.98,Worse,Austin,81.777958702,Nashville,76.981374495
Fort Worth,"Tarrant County, TX",Life Expectancy,Health outcomes / well-being,2020,2016-2018,79.145421384,years,Higher is better,9,80.174463,-3.193089,-3.98,Worse,Austin,81.777958702,Nashville,76.981374495
Dallas,"Dallas County, TX",Life Expectancy,Health outcomes / well-being,2020,2016-2018,78.948529208,years,Higher is better,9,80.174463,-3.193089,-3.98,Worse,Austin,81.777958702,Nashville,76.981374495
Nashville,"Davidson County, TN",Life Expectancy,Health outcomes / well-being,2020,2016-2018,76.981374495,years,Higher is better,9,80.174463,-3.193089,-3.98,Worse,Austin,81.777958702,Nashville,76.981374495
Austin,"Travis County, TX",Infant Mortality,Health outcomes / well-being,2020,2012-2018,3.9928704982,"deaths per 1,000 live births",Lower is better,9,5.814501,1.457808,25.07,Worse,Austin,3.9928704982,Nashville,7.2723091737
Raleigh,"Wake County, NC",Infant Mortality,Health outcomes / well-being,2020,2012-2018,5.5100405183,"deaths per 1,000 live births",Lower is better,9,5.814501,1.457808,25.07,Worse,Austin,3.9928704982,Nashville,7.2723091737
Durham,"Durham County, NC",Infant Mortality,Health outcomes / well-being,2020,2012-2018,6.5058552697,"deaths per 1,000 live births",Lower is better,9,5.814501,1.457808,25.07,Worse,Austin,3.9928704982,Nashville,7.2723091737
Charlotte,"Mecklenburg County, NC",Infant Mortality,Health outcomes / well-being,2020,2012-2018,5.8510690781,"deaths per 1,000 live births",Lower is better,9,5.814501,1.457808,25.07,Worse,Austin,3.9928704982,Nashville,7.2723091737
Denver,"Denver County, CO",Infant Mortality,Health outcomes / well-being,2020,2012-2018,4.9442368739,"deaths per 1,000 live births",Lower is better,9,5.814501,1.457808,25.07,Worse,Austin,3.9928704982,Nashville,7.2723091737
Atlanta,"Fulton County, GA",Infant Mortality,Health outcomes / well-being,2020,2012-2018,6.6786539943,"deaths per 1,000 live births",Lower is better,9,5.814501,1.457808,25.07,Worse,Austin,3.9928704982,Nashville,7.2723091737
Fort Worth,"Tarrant County, TX",Infant Mortality,Health outcomes / well-being,2020,2012-2018,6.5634381737,"deaths per 1,000 live births",Lower is better,9,5.814501,1.457808,25.07,Worse,Austin,3.9928704982,Nashville,7.2723091737
Dallas,"Dallas County, TX",Infant Mortality,Health outcomes / well-being,2020,2012-2018,6.469842706,"deaths per 1,000 live births",Lower is better,9,5.814501,1.457808,25.07,Worse,Austin,3.9928704982,Nashville,7.2723091737
Nashville,"Davidson County, TN",Infant Mortality,Health outcomes / well-being,2020,2012-2018,7.2723091737,"deaths per 1,000 live births",Lower is better,9,5.814501,1.457808,25.07,Worse,Austin,3.9928704982,Nashville,7.2723091737
Austin,"Travis County, TX",Poor or Fair Health,Health outcomes / well-being,2020,2017,14.874787084,%,Lower is better,7,16.173771,0.581751,3.60,Worse,Raleigh,13.391759885,Fort Worth,19.945542049
Raleigh,"Wake County, NC",Poor or Fair Health,Health outcomes / well-being,2020,2017,13.391759885,%,Lower is better,7,16.173771,0.581751,3.60,Worse,Raleigh,13.391759885,Fort Worth,19.945542049
Durham,"Durham County, NC",Poor or Fair Health,Health outcomes / well-being,2020,2017,16.679165742,%,Lower is better,7,16.173771,0.581751,3.60,Worse,Raleigh,13.391759885,Fort Worth,19.945542049
Charlotte,"Mecklenburg County, NC",Poor or Fair Health,Health outcomes / well-being,2020,2017,15.35144379,%,Lower is better,7,16.173771,0.581751,3.60,Worse,Raleigh,13.391759885,Fort Worth,19.945542049
Denver,"Denver County, CO",Poor or Fair Health,Health outcomes / well-being,2020,2017,15.084856657,%,Lower is better,7,16.173771,0.581751,3.60,Worse,Raleigh,13.391759885,Fort Worth,19.945542049
Atlanta,"Fulton County, GA",Poor or Fair Health,Health outcomes / well-being,2020,2017,14.753618099,%,Lower is better,7,16.173771,0.581751,3.60,Worse,Raleigh,13.391759885,Fort Worth,19.945542049
Fort Worth,"Tarrant County, TX",Poor or Fair Health,Health outcomes / well-being,2020,2017,19.945542049,%,Lower is better,7,16.173771,0.581751,3.60,Worse,Raleigh,13.391759885,Fort Worth,19.945542049
Dallas,"Dallas County, TX",Poor or Fair Health,Health outcomes / well-being,2020,2017,19.308991615,%,Lower is better,7,16.173771,0.581751,3.60,Worse,Raleigh,13.391759885,Fort Worth,19.945542049
Nashville,"Davidson County, TN",Poor or Fair Health,Health outcomes / well-being,2020,2017,16.755521355,%,Lower is better,7,16.173771,0.581751,3.60,Worse,Raleigh,13.391759885,Fort Worth,19.945542049
Austin,"Travis County, TX",Poor Physical Health Days,Health outcomes / well-being,2020,2017,3.0270550138,days per month,Lower is better,9,3.441651,0.557076,16.19,Worse,Austin,3.0270550138,Nashville,3.998726994
Raleigh,"Wake County, NC",Poor Physical Health Days,Health outcomes / well-being,2020,2017,3.2818029256,days per month,Lower is better,9,3.441651,0.557076,16.19,Worse,Austin,3.0270550138,Nashville,3.998726994
Durham,"Durham County, NC",Poor Physical Health Days,Health outcomes / well-being,2020,2017,3.8704940321,days per month,Lower is better,9,3.441651,0.557076,16.19,Worse,Austin,3.0270550138,Nashville,3.998726994
Charlotte,"Mecklenburg County, NC",Poor Physical Health Days,Health outcomes / well-being,2020,2017,3.5280945631,days per month,Lower is better,9,3.441651,0.557076,16.19,Worse,Austin,3.0270550138,Nashville,3.998726994
Denver,"Denver County, CO",Poor Physical Health Days,Health outcomes / well-being,2020,2017,3.3727208313,days per month,Lower is better,9,3.441651,0.557076,16.19,Worse,Austin,3.0270550138,Nashville,3.998726994
Atlanta,"Fulton County, GA",Poor Physical Health Days,Health outcomes / well-being,2020,2017,3.0960352536,days per month,Lower is better,9,3.441651,0.557076,16.19,Worse,Austin,3.0270550138,Nashville,3.998726994
Fort Worth,"Tarrant County, TX",Poor Physical Health Days,Health outcomes / well-being,2020,2017,3.6336865618,days per month,Lower is better,9,3.441651,0.557076,16.19,Worse,Austin,3.0270550138,Nashville,3.998726994
Dallas,"Dallas County, TX",Poor Physical Health Days,Health outcomes / well-being,2020,2017,3.723316081,days per month,Lower is better,9,3.441651,0.557076,16.19,Worse,Austin,3.0270550138,Nashville,3.998726994
Nashville,"Davidson County, TN",Poor Physical Health Days,Health outcomes / well-being,2020,2017,3.998726994,days per month,Lower is better,9,3.441651,0.557076,16.19,Worse,Austin,3.0270550138,Nashville,3.998726994
Austin,"Travis County, TX",Poor Mental Health Days,Health outcomes / well-being,2020,2017,3.4757679714,days per month,Lower is better,9,3.665572,0.56011,15.28,Worse,Atlanta,3.4042502385,Nashville,4.2256826493
Raleigh,"Wake County, NC",Poor Mental Health Days,Health outcomes / well-being,2020,2017,3.463126103,days per month,Lower is better,9,3.665572,0.56011,15.28,Worse,Atlanta,3.4042502385,Nashville,4.2256826493
Durham,"Durham County, NC",Poor Mental Health Days,Health outcomes / well-being,2020,2017,3.8291224159,days per month,Lower is better,9,3.665572,0.56011,15.28,Worse,Atlanta,3.4042502385,Nashville,4.2256826493
Charlotte,"Mecklenburg County, NC",Poor Mental Health Days,Health outcomes / well-being,2020,2017,3.757315206,days per month,Lower is better,9,3.665572,0.56011,15.28,Worse,Atlanta,3.4042502385,Nashville,4.2256826493
Denver,"Denver County, CO",Poor Mental Health Days,Health outcomes / well-being,2020,2017,3.5974090497,days per month,Lower is better,9,3.665572,0.56011,15.28,Worse,Atlanta,3.4042502385,Nashville,4.2256826493
Atlanta,"Fulton County, GA",Poor Mental Health Days,Health outcomes / well-being,2020,2017,3.4042502385,days per month,Lower is better,9,3.665572,0.56011,15.28,Worse,Atlanta,3.4042502385,Nashville,4.2256826493
Fort Worth,"Tarrant County, TX",Poor Mental Health Days,Health outcomes / well-being,2020,2017,3.8784872366,days per month,Lower is better,9,3.665572,0.56011,15.28,Worse,Atlanta,3.4042502385,Nashville,4.2256826493
Dallas,"Dallas County, TX",Poor Mental Health Days,Health outcomes / well-being,2020,2017,3.9191011016,days per month,Lower is better,9,3.665572,0.56011,15.28,Worse,Atlanta,3.4042502385,Nashville,4.2256826493
Nashville,"Davidson County, TN",Poor Mental Health Days,Health outcomes / well-being,2020,2017,4.2256826493,days per month,Lower is better,9,3.665572,0.56011,15.28,Worse,Atlanta,3.4042502385,Nashville,4.2256826493
Austin,"Travis County, TX",Adult Obesity,Health outcomes / well-being,2020,2016,21.8,%,Lower is better,8,25.0875,4.6125,18.39,Worse,Denver,16.6,Dallas,30
Raleigh,"Wake County, NC",Adult Obesity,Health outcomes / well-being,2020,2016,25.1,%,Lower is better,8,25.0875,4.6125,18.39,Worse,Denver,16.6,Dallas,30
Durham,"Durham County, NC",Adult Obesity,Health outcomes / well-being,2020,2016,24.7,%,Lower is better,8,25.0875,4.6125,18.39,Worse,Denver,16.6,Dallas,30
Charlotte,"Mecklenburg County, NC",Adult Obesity,Health outcomes / well-being,2020,2016,28,%,Lower is better,8,25.0875,4.6125,18.39,Worse,Denver,16.6,Dallas,30
Denver,"Denver County, CO",Adult Obesity,Health outcomes / well-being,2020,2016,16.6,%,Lower is better,8,25.0875,4.6125,18.39,Worse,Denver,16.6,Dallas,30
Atlanta,"Fulton County, GA",Adult Obesity,Health outcomes / well-being,2020,2016,25,%,Lower is better,8,25.0875,4.6125,18.39,Worse,Denver,16.6,Dallas,30
Fort Worth,"Tarrant County, TX",Adult Obesity,Health outcomes / well-being,2020,2016,29.5,%,Lower is better,8,25.0875,4.6125,18.39,Worse,Denver,16.6,Dallas,30
Dallas,"Dallas County, TX",Adult Obesity,Health outcomes / well-being,2020,2016,30,%,Lower is better,8,25.0875,4.6125,18.39,Worse,Denver,16.6,Dallas,30
Nashville,"Davidson County, TN",Adult Obesity,Health outcomes / well-being,2020,2016,29.7,%,Lower is better,8,25.0875,4.6125,18.39,Worse,Denver,16.6,Dallas,30
Austin,"Travis County, TX",Diabetes Prevalence,Health outcomes / well-being,2020,2016,7,%,Lower is better,7,7.8,1.9,24.36,Worse,Denver,5.1,Fort Worth,10.4
Raleigh,"Wake County, NC",Diabetes Prevalence,Health outcomes / well-being,2020,2016,8.5,%,Lower is better,7,7.8,1.9,24.36,Worse,Denver,5.1,Fort Worth,10.4
Durham,"Durham County, NC",Diabetes Prevalence,Health outcomes / well-being,2020,2016,6.6,%,Lower is better,7,7.8,1.9,24.36,Worse,Denver,5.1,Fort Worth,10.4
Charlotte,"Mecklenburg County, NC",Diabetes Prevalence,Health outcomes / well-being,2020,2016,8.5,%,Lower is better,7,7.8,1.9,24.36,Worse,Denver,5.1,Fort Worth,10.4
Denver,"Denver County, CO",Diabetes Prevalence,Health outcomes / well-being,2020,2016,5.1,%,Lower is better,7,7.8,1.9,24.36,Worse,Denver,5.1,Fort Worth,10.4
Atlanta,"Fulton County, GA",Diabetes Prevalence,Health outcomes / well-being,2020,2016,8.2,%,Lower is better,7,7.8,1.9,24.36,Worse,Denver,5.1,Fort Worth,10.4
Fort Worth,"Tarrant County, TX",Diabetes Prevalence,Health outcomes / well-being,2020,2016,10.4,%,Lower is better,7,7.8,1.9,24.36,Worse,Denver,5.1,Fort Worth,10.4
Dallas,"Dallas County, TX",Diabetes Prevalence,Health outcomes / well-being,2020,2016,8.1,%,Lower is better,7,7.8,1.9,24.36,Worse,Denver,5.1,Fort Worth,10.4
Nashville,"Davidson County, TN",Diabetes Prevalence,Health outcomes / well-being,2020,2016,9.7,%,Lower is better,7,7.8,1.9,24.36,Worse,Denver,5.1,Fort Worth,10.4
Austin,"Travis County, TX",Adult Smoking,Health behaviors,2020,2017,12.481495582,%,Lower is better,9,13.98972,4.11718,29.43,Worse,Raleigh,12.194937751,Nashville,18.106899483
Raleigh,"Wake County, NC",Adult Smoking,Health behaviors,2020,2017,12.194937751,%,Lower is better,9,13.98972,4.11718,29.43,Worse,Raleigh,12.194937751,Nashville,18.106899483
Durham,"Durham County, NC",Adult Smoking,Health behaviors,2020,2017,14.789372254,%,Lower is better,9,13.98972,4.11718,29.43,Worse,Raleigh,12.194937751,Nashville,18.106899483
Charlotte,"Mecklenburg County, NC",Adult Smoking,Health behaviors,2020,2017,13.91919475,%,Lower is better,9,13.98972,4.11718,29.43,Worse,Raleigh,12.194937751,Nashville,18.106899483
Denver,"Denver County, CO",Adult Smoking,Health behaviors,2020,2017,14.664503351,%,Lower is better,9,13.98972,4.11718,29.43,Worse,Raleigh,12.194937751,Nashville,18.106899483
Atlanta,"Fulton County, GA",Adult Smoking,Health behaviors,2020,2017,14.925509463,%,Lower is better,9,13.98972,4.11718,29.43,Worse,Raleigh,12.194937751,Nashville,18.106899483
Fort Worth,"Tarrant County, TX",Adult Smoking,Health behaviors,2020,2017,14.048999673,%,Lower is better,9,13.98972,4.11718,29.43,Worse,Raleigh,12.194937751,Nashville,18.106899483
Dallas,"Dallas County, TX",Adult Smoking,Health behaviors,2020,2017,14.893746644,%,Lower is better,9,13.98972,4.11718,29.43,Worse,Raleigh,12.194937751,Nashville,18.106899483
Nashville,"Davidson County, TN",Adult Smoking,Health behaviors,2020,2017,18.106899483,%,Lower is better,9,13.98972,4.11718,29.43,Worse,Raleigh,12.194937751,Nashville,18.106899483
Austin,"Travis County, TX",Physical Inactivity,Health behaviors,2020,2016,16.6,%,Lower is better,7,19.2375,3.7625,19.56,Worse,Denver,12.8,Fort Worth,24.9
Raleigh,"Wake County, NC",Physical Inactivity,Health behaviors,2020,2016,16.4,%,Lower is better,7,19.2375,3.7625,19.56,Worse,Denver,12.8,Fort Worth,24.9
Durham,"Durham County, NC",Physical Inactivity,Health behaviors,2020,2016,18.5,%,Lower is better,7,19.2375,3.7625,19.56,Worse,Denver,12.8,Fort Worth,24.9
Charlotte,"Mecklenburg County, NC",Physical Inactivity,Health behaviors,2020,2016,18.6,%,Lower is better,7,19.2375,3.7625,19.56,Worse,Denver,12.8,Fort Worth,24.9
Denver,"Denver County, CO",Physical Inactivity,Health behaviors,2020,2016,12.8,%,Lower is better,7,19.2375,3.7625,19.56,Worse,Denver,12.8,Fort Worth,24.9
Atlanta,"Fulton County, GA",Physical Inactivity,Health behaviors,2020,2016,21.8,%,Lower is better,7,19.2375,3.7625,19.56,Worse,Denver,12.8,Fort Worth,24.9
Fort Worth,"Tarrant County, TX",Physical Inactivity,Health behaviors,2020,2016,24.9,%,Lower is better,7,19.2375,3.7625,19.56,Worse,Denver,12.8,Fort Worth,24.9
Dallas,"Dallas County, TX",Physical Inactivity,Health behaviors,2020,2016,24.3,%,Lower is better,7,19.2375,3.7625,19.56,Worse,Denver,12.8,Fort Worth,24.9
Nashville,"Davidson County, TN",Physical Inactivity,Health behaviors,2020,2016,23,%,Lower is better,7,19.2375,3.7625,19.56,Worse,Denver,12.8,Fort Worth,24.9
Austin,"Travis County, TX",Excessive Drinking,Health behaviors,2020,2017,25.111292387,%,Lower is better,1,20.635494,-4.875562,-23.63,Better,Nashville,15.759931451,Denver,26.609421093
Raleigh,"Wake County, NC",Excessive Drinking,Health behaviors,2020,2017,19.893170376,%,Lower is better,1,20.635494,-4.875562,-23.63,Better,Nashville,15.759931451,Denver,26.609421093
Durham,"Durham County, NC",Excessive Drinking,Health behaviors,2020,2017,17.297071998,%,Lower is better,1,20.635494,-4.875562,-23.63,Better,Nashville,15.759931451,Denver,26.609421093
Charlotte,"Mecklenburg County, NC",Excessive Drinking,Health behaviors,2020,2017,19.232248581,%,Lower is better,1,20.635494,-4.875562,-23.63,Better,Nashville,15.759931451,Denver,26.609421093
Denver,"Denver County, CO",Excessive Drinking,Health behaviors,2020,2017,26.609421093,%,Lower is better,1,20.635494,-4.875562,-23.63,Better,Nashville,15.759931451,Denver,26.609421093
Atlanta,"Fulton County, GA",Excessive Drinking,Health behaviors,2020,2017,20.226168898,%,Lower is better,1,20.635494,-4.875562,-23.63,Better,Nashville,15.759931451,Denver,26.609421093
Fort Worth,"Tarrant County, TX",Excessive Drinking,Health behaviors,2020,2017,18.635677106,%,Lower is better,1,20.635494,-4.875562,-23.63,Better,Nashville,15.759931451,Denver,26.609421093
Dallas,"Dallas County, TX",Excessive Drinking,Health behaviors,2020,2017,18.078899824,%,Lower is better,1,20.635494,-4.875562,-23.63,Better,Nashville,15.759931451,Denver,26.609421093
Nashville,"Davidson County, TN",Excessive Drinking,Health behaviors,2020,2017,15.759931451,%,Lower is better,1,20.635494,-4.875562,-23.63,Better,Nashville,15.759931451,Denver,26.609421093
Austin,"Travis County, TX",Insufficient Sleep,Health behaviors,2020,2016,28.646506673,%,Lower is better,9,32.290007,6.788192,21.02,Worse,Denver,27.691240526,Nashville,39.078199243
Raleigh,"Wake County, NC",Insufficient Sleep,Health behaviors,2020,2016,31.650632437,%,Lower is better,9,32.290007,6.788192,21.02,Worse,Denver,27.691240526,Nashville,39.078199243
Durham,"Durham County, NC",Insufficient Sleep,Health behaviors,2020,2016,33.623653789,%,Lower is better,9,32.290007,6.788192,21.02,Worse,Denver,27.691240526,Nashville,39.078199243
Charlotte,"Mecklenburg County, NC",Insufficient Sleep,Health behaviors,2020,2016,32.358607523,%,Lower is better,9,32.290007,6.788192,21.02,Worse,Denver,27.691240526,Nashville,39.078199243
Denver,"Denver County, CO",Insufficient Sleep,Health behaviors,2020,2016,27.691240526,%,Lower is better,9,32.290007,6.788192,21.02,Worse,Denver,27.691240526,Nashville,39.078199243
Atlanta,"Fulton County, GA",Insufficient Sleep,Health behaviors,2020,2016,36.819433249,%,Lower is better,9,32.290007,6.788192,21.02,Worse,Denver,27.691240526,Nashville,39.078199243
Fort Worth,"Tarrant County, TX",Insufficient Sleep,Health behaviors,2020,2016,34.718939116,%,Lower is better,9,32.290007,6.788192,21.02,Worse,Denver,27.691240526,Nashville,39.078199243
Dallas,"Dallas County, TX",Insufficient Sleep,Health behaviors,2020,2016,32.811043795,%,Lower is better,9,32.290007,6.788192,21.02,Worse,Denver,27.691240526,Nashville,39.078199243
Nashville,"Davidson County, TN",Insufficient Sleep,Health behaviors,2020,2016,39.078199243,%,Lower is better,9,32.290007,6.788192,21.02,Worse,Denver,27.691240526,Nashville,39.078199243
Austin,"Travis County, TX",Food Insecurity,Health behaviors,2020,2017,14.6,%,Lower is better,3,14.9875,-0.3875,-2.59,Better,Denver,11.9,Dallas,17.2
Raleigh,"Wake County, NC",Food Insecurity,Health behaviors,2020,2017,12.1,%,Lower is better,3,14.9875,-0.3875,-2.59,Better,Denver,11.9,Dallas,17.2
Durham,"Durham County, NC",Food Insecurity,Health behaviors,2020,2017,16.5,%,Lower is better,3,14.9875,-0.3875,-2.59,Better,Denver,11.9,Dallas,17.2
Charlotte,"Mecklenburg County, NC",Food Insecurity,Health behaviors,2020,2017,14.9,%,Lower is better,3,14.9875,-0.3875,-2.59,Better,Denver,11.9,Dallas,17.2
Denver,"Denver County, CO",Food Insecurity,Health behaviors,2020,2017,11.9,%,Lower is better,3,14.9875,-0.3875,-2.59,Better,Denver,11.9,Dallas,17.2
Atlanta,"Fulton County, GA",Food Insecurity,Health behaviors,2020,2017,16.7,%,Lower is better,3,14.9875,-0.3875,-2.59,Better,Denver,11.9,Dallas,17.2
Fort Worth,"Tarrant County, TX",Food Insecurity,Health behaviors,2020,2017,16,%,Lower is better,3,14.9875,-0.3875,-2.59,Better,Denver,11.9,Dallas,17.2
Dallas,"Dallas County, TX",Food Insecurity,Health behaviors,2020,2017,17.2,%,Lower is better,3,14.9875,-0.3875,-2.59,Better,Denver,11.9,Dallas,17.2
Nashville,"Davidson County, TN",Food Insecurity,Health behaviors,2020,2017,14.6,%,Lower is better,3,14.9875,-0.3875,-2.59,Better,Denver,11.9,Dallas,17.2
Austin,"Travis County, TX",Drug Overdose Deaths,Health behaviors,2020,2016-2018,12.381747508,"deaths per 100,000 population",Lower is better,9,14.54142,19.593884,134.75,Worse,Fort Worth,9.6974178229,Nashville,34.135303446
Raleigh,"Wake County, NC",Drug Overdose Deaths,Health behaviors,2020,2016-2018,12.891979227,"deaths per 100,000 population",Lower is better,9,14.54142,19.593884,134.75,Worse,Fort Worth,9.6974178229,Nashville,34.135303446
Durham,"Durham County, NC",Drug Overdose Deaths,Health behaviors,2020,2016-2018,14.337822641,"deaths per 100,000 population",Lower is better,9,14.54142,19.593884,134.75,Worse,Fort Worth,9.6974178229,Nashville,34.135303446
Charlotte,"Mecklenburg County, NC",Drug Overdose Deaths,Health behaviors,2020,2016-2018,17.826290089,"deaths per 100,000 population",Lower is better,9,14.54142,19.593884,134.75,Worse,Fort Worth,9.6974178229,Nashville,34.135303446
Denver,"Denver County, CO",Drug Overdose Deaths,Health behaviors,2020,2016-2018,20.528121398,"deaths per 100,000 population",Lower is better,9,14.54142,19.593884,134.75,Worse,Fort Worth,9.6974178229,Nashville,34.135303446
Atlanta,"Fulton County, GA",Drug Overdose Deaths,Health behaviors,2020,2016-2018,15.923602664,"deaths per 100,000 population",Lower is better,9,14.54142,19.593884,134.75,Worse,Fort Worth,9.6974178229,Nashville,34.135303446
Fort Worth,"Tarrant County, TX",Drug Overdose Deaths,Health behaviors,2020,2016-2018,9.6974178229,"deaths per 100,000 population",Lower is better,9,14.54142,19.593884,134.75,Worse,Fort Worth,9.6974178229,Nashville,34.135303446
Dallas,"Dallas County, TX",Drug Overdose Deaths,Health behaviors,2020,2016-2018,12.744377916,"deaths per 100,000 population",Lower is better,9,14.54142,19.593884,134.75,Worse,Fort Worth,9.6974178229,Nashville,34.135303446
Nashville,"Davidson County, TN",Drug Overdose Deaths,Health behaviors,2020,2016-2018,34.135303446,"deaths per 100,000 population",Lower is better,9,14.54142,19.593884,134.75,Worse,Fort Worth,9.6974178229,Nashville,34.135303446
Austin,"Travis County, TX",Access to Exercise Opportunities,Health behaviors,2020,2010 & 2019,93.174429299,%,Higher is better,7,93.640321,-2.727401,-2.91,Worse,Denver,99.453477251,Durham,89.588059211
Raleigh,"Wake County, NC",Access to Exercise Opportunities,Health behaviors,2020,2010 & 2019,90.056193555,%,Higher is better,7,93.640321,-2.727401,-2.91,Worse,Denver,99.453477251,Durham,89.588059211
Durham,"Durham County, NC",Access to Exercise Opportunities,Health behaviors,2020,2010 & 2019,89.588059211,%,Higher is better,7,93.640321,-2.727401,-2.91,Worse,Denver,99.453477251,Durham,89.588059211
Charlotte,"Mecklenburg County, NC",Access to Exercise Opportunities,Health behaviors,2020,2010 & 2019,92.253824372,%,Higher is better,7,93.640321,-2.727401,-2.91,Worse,Denver,99.453477251,Durham,89.588059211
Denver,"Denver County, CO",Access to Exercise Opportunities,Health behaviors,2020,2010 & 2019,99.453477251,%,Higher is better,7,93.640321,-2.727401,-2.91,Worse,Denver,99.453477251,Durham,89.588059211
Atlanta,"Fulton County, GA",Access to Exercise Opportunities,Health behaviors,2020,2010 & 2019,94.458825459,%,Higher is better,7,93.640321,-2.727401,-2.91,Worse,Denver,99.453477251,Durham,89.588059211
Fort Worth,"Tarrant County, TX",Access to Exercise Opportunities,Health behaviors,2020,2010 & 2019,93.863133584,%,Higher is better,7,93.640321,-2.727401,-2.91,Worse,Denver,99.453477251,Durham,89.588059211
Dallas,"Dallas County, TX",Access to Exercise Opportunities,Health behaviors,2020,2010 & 2019,96.274627461,%,Higher is better,7,93.640321,-2.727401,-2.91,Worse,Denver,99.453477251,Durham,89.588059211
Nashville,"Davidson County, TN",Access to Exercise Opportunities,Health behaviors,2020,2010 & 2019,90.912920609,%,Higher is better,7,93.640321,-2.727401,-2.91,Worse,Denver,99.453477251,Durham,89.588059211
Austin,"Travis County, TX",Uninsured,Clinical care,2020,2017,14.561108782,%,Lower is better,6,14.487045,-0.297096,-2.05,Better,Raleigh,10.00219295,Dallas,23.042737922
Raleigh,"Wake County, NC",Uninsured,Clinical care,2020,2017,10.00219295,%,Lower is better,6,14.487045,-0.297096,-2.05,Better,Raleigh,10.00219295,Dallas,23.042737922
Durham,"Durham County, NC",Uninsured,Clinical care,2020,2017,13.419437645,%,Lower is better,6,14.487045,-0.297096,-2.05,Better,Raleigh,10.00219295,Dallas,23.042737922
Charlotte,"Mecklenburg County, NC",Uninsured,Clinical care,2020,2017,12.728297371,%,Lower is better,6,14.487045,-0.297096,-2.05,Better,Raleigh,10.00219295,Dallas,23.042737922
Denver,"Denver County, CO",Uninsured,Clinical care,2020,2017,10.741990131,%,Lower is better,6,14.487045,-0.297096,-2.05,Better,Raleigh,10.00219295,Dallas,23.042737922
Atlanta,"Fulton County, GA",Uninsured,Clinical care,2020,2017,13.043439336,%,Lower is better,6,14.487045,-0.297096,-2.05,Better,Raleigh,10.00219295,Dallas,23.042737922
Fort Worth,"Tarrant County, TX",Uninsured,Clinical care,2020,2017,18.357155472,%,Lower is better,6,14.487045,-0.297096,-2.05,Better,Raleigh,10.00219295,Dallas,23.042737922
Dallas,"Dallas County, TX",Uninsured,Clinical care,2020,2017,23.042737922,%,Lower is better,6,14.487045,-0.297096,-2.05,Better,Raleigh,10.00219295,Dallas,23.042737922
Nashville,"Davidson County, TN",Uninsured,Clinical care,2020,2017,14.189949107,%,Lower is better,6,14.487045,-0.297096,-2.05,Better,Raleigh,10.00219295,Dallas,23.042737922
Austin,"Travis County, TX",Primary Care Physicians,Clinical care,2020,2017,1176,residents per primary care physician,Lower is better,4,1143.75,-84.75,-7.41,Better,Denver,755,Fort Worth,1718
Raleigh,"Wake County, NC",Primary Care Physicians,Clinical care,2020,2017,1181,residents per primary care physician,Lower is better,4,1143.75,-84.75,-7.41,Better,Denver,755,Fort Worth,1718
Durham,"Durham County, NC",Primary Care Physicians,Clinical care,2020,2017,812,residents per primary care physician,Lower is better,4,1143.75,-84.75,-7.41,Better,Denver,755,Fort Worth,1718
Charlotte,"Mecklenburg County, NC",Primary Care Physicians,Clinical care,2020,2017,1146,residents per primary care physician,Lower is better,4,1143.75,-84.75,-7.41,Better,Denver,755,Fort Worth,1718
Denver,"Denver County, CO",Primary Care Physicians,Clinical care,2020,2017,755,residents per primary care physician,Lower is better,4,1143.75,-84.75,-7.41,Better,Denver,755,Fort Worth,1718
Atlanta,"Fulton County, GA",Primary Care Physicians,Clinical care,2020,2017,922,residents per primary care physician,Lower is better,4,1143.75,-84.75,-7.41,Better,Denver,755,Fort Worth,1718
Fort Worth,"Tarrant County, TX",Primary Care Physicians,Clinical care,2020,2017,1718,residents per primary care physician,Lower is better,4,1143.75,-84.75,-7.41,Better,Denver,755,Fort Worth,1718
Dallas,"Dallas County, TX",Primary Care Physicians,Clinical care,2020,2017,1440,residents per primary care physician,Lower is better,4,1143.75,-84.75,-7.41,Better,Denver,755,Fort Worth,1718
Nashville,"Davidson County, TN",Primary Care Physicians,Clinical care,2020,2017,1059,residents per primary care physician,Lower is better,4,1143.75,-84.75,-7.41,Better,Denver,755,Fort Worth,1718
Austin,"Travis County, TX",Mental Health Providers,Clinical care,2020,2019,362,residents per mental health provider,Lower is better,3,413.5,-98.5,-23.82,Better,Durham,168,Fort Worth,821
Raleigh,"Wake County, NC",Mental Health Providers,Clinical care,2020,2019,332,residents per mental health provider,Lower is better,3,413.5,-98.5,-23.82,Better,Durham,168,Fort Worth,821
Durham,"Durham County, NC",Mental Health Providers,Clinical care,2020,2019,168,residents per mental health provider,Lower is better,3,413.5,-98.5,-23.82,Better,Durham,168,Fort Worth,821
Charlotte,"Mecklenburg County, NC",Mental Health Providers,Clinical care,2020,2019,347,residents per mental health provider,Lower is better,3,413.5,-98.5,-23.82,Better,Durham,168,Fort Worth,821
Denver,"Denver County, CO",Mental Health Providers,Clinical care,2020,2019,175,residents per mental health provider,Lower is better,3,413.5,-98.5,-23.82,Better,Durham,168,Fort Worth,821
Atlanta,"Fulton County, GA",Mental Health Providers,Clinical care,2020,2019,424,residents per mental health provider,Lower is better,3,413.5,-98.5,-23.82,Better,Durham,168,Fort Worth,821
Fort Worth,"Tarrant County, TX",Mental Health Providers,Clinical care,2020,2019,821,residents per mental health provider,Lower is better,3,413.5,-98.5,-23.82,Better,Durham,168,Fort Worth,821
Dallas,"Dallas County, TX",Mental Health Providers,Clinical care,2020,2019,679,residents per mental health provider,Lower is better,3,413.5,-98.5,-23.82,Better,Durham,168,Fort Worth,821
Nashville,"Davidson County, TN",Mental Health Providers,Clinical care,2020,2019,315,residents per mental health provider,Lower is better,3,413.5,-98.5,-23.82,Better,Durham,168,Fort Worth,821
Austin,"Travis County, TX",Preventable Hospital Stays,Clinical care,2020,2017,3953,"hospital stays per 100,000 Medicare enrollees",Lower is better,8,4275.75,1366.25,31.95,Worse,Denver,2728,Fort Worth,5733
Raleigh,"Wake County, NC",Preventable Hospital Stays,Clinical care,2020,2017,4022,"hospital stays per 100,000 Medicare enrollees",Lower is better,8,4275.75,1366.25,31.95,Worse,Denver,2728,Fort Worth,5733
Durham,"Durham County, NC",Preventable Hospital Stays,Clinical care,2020,2017,4177,"hospital stays per 100,000 Medicare enrollees",Lower is better,8,4275.75,1366.25,31.95,Worse,Denver,2728,Fort Worth,5733
Charlotte,"Mecklenburg County, NC",Preventable Hospital Stays,Clinical care,2020,2017,4196,"hospital stays per 100,000 Medicare enrollees",Lower is better,8,4275.75,1366.25,31.95,Worse,Denver,2728,Fort Worth,5733
Denver,"Denver County, CO",Preventable Hospital Stays,Clinical care,2020,2017,2728,"hospital stays per 100,000 Medicare enrollees",Lower is better,8,4275.75,1366.25,31.95,Worse,Denver,2728,Fort Worth,5733
Atlanta,"Fulton County, GA",Preventable Hospital Stays,Clinical care,2020,2017,4430,"hospital stays per 100,000 Medicare enrollees",Lower is better,8,4275.75,1366.25,31.95,Worse,Denver,2728,Fort Worth,5733
Fort Worth,"Tarrant County, TX",Preventable Hospital Stays,Clinical care,2020,2017,5733,"hospital stays per 100,000 Medicare enrollees",Lower is better,8,4275.75,1366.25,31.95,Worse,Denver,2728,Fort Worth,5733
Dallas,"Dallas County, TX",Preventable Hospital Stays,Clinical care,2020,2017,4967,"hospital stays per 100,000 Medicare enrollees",Lower is better,8,4275.75,1366.25,31.95,Worse,Denver,2728,Fort Worth,5733
Nashville,"Davidson County, TN",Preventable Hospital Stays,Clinical care,2020,2017,5642,"hospital stays per 100,000 Medicare enrollees",Lower is better,8,4275.75,1366.25,31.95,Worse,Denver,2728,Fort Worth,5733
Austin,"Travis County, TX",Children in Poverty,Social & economic,2020,2018,15.2,%,Lower is better,8,16.9875,8.4125,49.52,Worse,Raleigh,10.4,Nashville,25.4
Raleigh,"Wake County, NC",Children in Poverty,Social & economic,2020,2018,10.4,%,Lower is better,8,16.9875,8.4125,49.52,Worse,Raleigh,10.4,Nashville,25.4
Durham,"Durham County, NC",Children in Poverty,Social & economic,2020,2018,19.3,%,Lower is better,8,16.9875,8.4125,49.52,Worse,Raleigh,10.4,Nashville,25.4
Charlotte,"Mecklenburg County, NC",Children in Poverty,Social & economic,2020,2018,17.5,%,Lower is better,8,16.9875,8.4125,49.52,Worse,Raleigh,10.4,Nashville,25.4
Denver,"Denver County, CO",Children in Poverty,Social & economic,2020,2018,16.7,%,Lower is better,8,16.9875,8.4125,49.52,Worse,Raleigh,10.4,Nashville,25.4
Atlanta,"Fulton County, GA",Children in Poverty,Social & economic,2020,2018,19.3,%,Lower is better,8,16.9875,8.4125,49.52,Worse,Raleigh,10.4,Nashville,25.4
Fort Worth,"Tarrant County, TX",Children in Poverty,Social & economic,2020,2018,16.8,%,Lower is better,8,16.9875,8.4125,49.52,Worse,Raleigh,10.4,Nashville,25.4
Dallas,"Dallas County, TX",Children in Poverty,Social & economic,2020,2018,20.7,%,Lower is better,8,16.9875,8.4125,49.52,Worse,Raleigh,10.4,Nashville,25.4
Nashville,"Davidson County, TN",Children in Poverty,Social & economic,2020,2018,25.4,%,Lower is better,8,16.9875,8.4125,49.52,Worse,Raleigh,10.4,Nashville,25.4
Austin,"Travis County, TX",Unemployment,Social & economic,2020,2018,2.8268766643,%,Lower is better,1,3.474018,-0.841975,-24.24,Better,Nashville,2.6320434522,Atlanta,4.0189001796
Raleigh,"Wake County, NC",Unemployment,Social & economic,2020,2018,3.3506230455,%,Lower is better,1,3.474018,-0.841975,-24.24,Better,Nashville,2.6320434522,Atlanta,4.0189001796
Durham,"Durham County, NC",Unemployment,Social & economic,2020,2018,3.4813789482,%,Lower is better,1,3.474018,-0.841975,-24.24,Better,Nashville,2.6320434522,Atlanta,4.0189001796
Charlotte,"Mecklenburg County, NC",Unemployment,Social & economic,2020,2018,3.7088444316,%,Lower is better,1,3.474018,-0.841975,-24.24,Better,Nashville,2.6320434522,Atlanta,4.0189001796
Denver,"Denver County, CO",Unemployment,Social & economic,2020,2018,3.1844618802,%,Lower is better,1,3.474018,-0.841975,-24.24,Better,Nashville,2.6320434522,Atlanta,4.0189001796
Atlanta,"Fulton County, GA",Unemployment,Social & economic,2020,2018,4.0189001796,%,Lower is better,1,3.474018,-0.841975,-24.24,Better,Nashville,2.6320434522,Atlanta,4.0189001796
Fort Worth,"Tarrant County, TX",Unemployment,Social & economic,2020,2018,3.4923165085,%,Lower is better,1,3.474018,-0.841975,-24.24,Better,Nashville,2.6320434522,Atlanta,4.0189001796
Dallas,"Dallas County, TX",Unemployment,Social & economic,2020,2018,3.7287424819,%,Lower is better,1,3.474018,-0.841975,-24.24,Better,Nashville,2.6320434522,Atlanta,4.0189001796
Nashville,"Davidson County, TN",Unemployment,Social & economic,2020,2018,2.6320434522,%,Lower is better,1,3.474018,-0.841975,-24.24,Better,Nashville,2.6320434522,Atlanta,4.0189001796
Austin,"Travis County, TX",Median Household Income,Social & economic,2020,2018,76255,USD,Higher is better,7,68129.5,-7330.5,-10.76,Worse,Raleigh,80169,Durham,59329
Raleigh,"Wake County, NC",Median Household Income,Social & economic,2020,2018,80169,USD,Higher is better,7,68129.5,-7330.5,-10.76,Worse,Raleigh,80169,Durham,59329
Durham,"Durham County, NC",Median Household Income,Social & economic,2020,2018,59329,USD,Higher is better,7,68129.5,-7330.5,-10.76,Worse,Raleigh,80169,Durham,59329
Charlotte,"Mecklenburg County, NC",Median Household Income,Social & economic,2020,2018,64509,USD,Higher is better,7,68129.5,-7330.5,-10.76,Worse,Raleigh,80169,Durham,59329
Denver,"Denver County, CO",Median Household Income,Social & economic,2020,2018,68069,USD,Higher is better,7,68129.5,-7330.5,-10.76,Worse,Raleigh,80169,Durham,59329
Atlanta,"Fulton County, GA",Median Household Income,Social & economic,2020,2018,70808,USD,Higher is better,7,68129.5,-7330.5,-10.76,Worse,Raleigh,80169,Durham,59329
Fort Worth,"Tarrant County, TX",Median Household Income,Social & economic,2020,2018,66059,USD,Higher is better,7,68129.5,-7330.5,-10.76,Worse,Raleigh,80169,Durham,59329
Dallas,"Dallas County, TX",Median Household Income,Social & economic,2020,2018,59838,USD,Higher is better,7,68129.5,-7330.5,-10.76,Worse,Raleigh,80169,Durham,59329
Nashville,"Davidson County, TN",Median Household Income,Social & economic,2020,2018,60799,USD,Higher is better,7,68129.5,-7330.5,-10.76,Worse,Raleigh,80169,Durham,59329
Austin,"Travis County, TX",High School Completion,Social & economic,2020,,,%,Higher is better,,,,,,,,,
Raleigh,"Wake County, NC",High School Completion,Social & economic,2020,,,%,Higher is better,,,,,,,,,
Durham,"Durham County, NC",High School Completion,Social & economic,2020,,,%,Higher is better,,,,,,,,,
Charlotte,"Mecklenburg County, NC",High School Completion,Social & economic,2020,,,%,Higher is better,,,,,,,,,
Denver,"Denver County, CO",High School Completion,Social & economic,2020,,,%,Higher is better,,,,,,,,,
Atlanta,"Fulton County, GA",High School Completion,Social & economic,2020,,,%,Higher is better,,,,,,,,,
Fort Worth,"Tarrant County, TX",High School Completion,Social & economic,2020,,,%,Higher is better,,,,,,,,,
Dallas,"Dallas County, TX",High School Completion,Social & economic,2020,,,%,Higher is better,,,,,,,,,
Nashville,"Davidson County, TN",High School Completion,Social & economic,2020,,,%,Higher is better,,,,,,,,,
Austin,"Travis County, TX",Income Inequality,Social & economic,2020,2014-2018,4.6977461678,80th/20th percentile income ratio,Lower is better,3,4.786622,-0.345794,-7.22,Better,Raleigh,4.2269330967,Atlanta,5.9376998082
Raleigh,"Wake County, NC",Income Inequality,Social & economic,2020,2014-2018,4.2269330967,80th/20th percentile income ratio,Lower is better,3,4.786622,-0.345794,-7.22,Better,Raleigh,4.2269330967,Atlanta,5.9376998082
Durham,"Durham County, NC",Income Inequality,Social & economic,2020,2014-2018,4.8303532141,80th/20th percentile income ratio,Lower is better,3,4.786622,-0.345794,-7.22,Better,Raleigh,4.2269330967,Atlanta,5.9376998082
Charlotte,"Mecklenburg County, NC",Income Inequality,Social & economic,2020,2014-2018,4.6269406231,80th/20th percentile income ratio,Lower is better,3,4.786622,-0.345794,-7.22,Better,Raleigh,4.2269330967,Atlanta,5.9376998082
Denver,"Denver County, CO",Income Inequality,Social & economic,2020,2014-2018,5.0739968931,80th/20th percentile income ratio,Lower is better,3,4.786622,-0.345794,-7.22,Better,Raleigh,4.2269330967,Atlanta,5.9376998082
Atlanta,"Fulton County, GA",Income Inequality,Social & economic,2020,2014-2018,5.9376998082,80th/20th percentile income ratio,Lower is better,3,4.786622,-0.345794,-7.22,Better,Raleigh,4.2269330967,Atlanta,5.9376998082
Fort Worth,"Tarrant County, TX",Income Inequality,Social & economic,2020,2014-2018,4.3382575237,80th/20th percentile income ratio,Lower is better,3,4.786622,-0.345794,-7.22,Better,Raleigh,4.2269330967,Atlanta,5.9376998082
Dallas,"Dallas County, TX",Income Inequality,Social & economic,2020,2014-2018,4.5610480073,80th/20th percentile income ratio,Lower is better,3,4.786622,-0.345794,-7.22,Better,Raleigh,4.2269330967,Atlanta,5.9376998082
Nashville,"Davidson County, TN",Income Inequality,Social & economic,2020,2014-2018,4.4408278159,80th/20th percentile income ratio,Lower is better,3,4.786622,-0.345794,-7.22,Better,Raleigh,4.2269330967,Atlanta,5.9376998082
Austin,"Travis County, TX",Severe Housing Problems,Physical environment,2020,2012-2016,20.006623575,%,Lower is better,3,18.012047,-1.024534,-5.69,Better,Raleigh,13.953301451,Dallas,21.561920093
Raleigh,"Wake County, NC",Severe Housing Problems,Physical environment,2020,2012-2016,13.953301451,%,Lower is better,3,18.012047,-1.024534,-5.69,Better,Raleigh,13.953301451,Dallas,21.561920093
Durham,"Durham County, NC",Severe Housing Problems,Physical environment,2020,2012-2016,17.277553084,%,Lower is better,3,18.012047,-1.024534,-5.69,Better,Raleigh,13.953301451,Dallas,21.561920093
Charlotte,"Mecklenburg County, NC",Severe Housing Problems,Physical environment,2020,2012-2016,16.265301638,%,Lower is better,3,18.012047,-1.024534,-5.69,Better,Raleigh,13.953301451,Dallas,21.561920093
Denver,"Denver County, CO",Severe Housing Problems,Physical environment,2020,2012-2016,19.016615078,%,Lower is better,3,18.012047,-1.024534,-5.69,Better,Raleigh,13.953301451,Dallas,21.561920093
Atlanta,"Fulton County, GA",Severe Housing Problems,Physical environment,2020,2012-2016,18.757222056,%,Lower is better,3,18.012047,-1.024534,-5.69,Better,Raleigh,13.953301451,Dallas,21.561920093
Fort Worth,"Tarrant County, TX",Severe Housing Problems,Physical environment,2020,2012-2016,17.257838981,%,Lower is better,3,18.012047,-1.024534,-5.69,Better,Raleigh,13.953301451,Dallas,21.561920093
Dallas,"Dallas County, TX",Severe Housing Problems,Physical environment,2020,2012-2016,21.561920093,%,Lower is better,3,18.012047,-1.024534,-5.69,Better,Raleigh,13.953301451,Dallas,21.561920093
Nashville,"Davidson County, TN",Severe Housing Problems,Physical environment,2020,2012-2016,16.987513007,%,Lower is better,3,18.012047,-1.024534,-5.69,Better,Raleigh,13.953301451,Dallas,21.561920093
Austin,"Travis County, TX",Air Pollution – Particulate Matter,Physical environment,2020,2014,10.5,µg/m³ PM2.5,Lower is better,4,10.525,0.075,0.71,Worse,Denver,8.2,Atlanta,12
Raleigh,"Wake County, NC",Air Pollution – Particulate Matter,Physical environment,2020,2014,11,µg/m³ PM2.5,Lower is better,4,10.525,0.075,0.71,Worse,Denver,8.2,Atlanta,12
Durham,"Durham County, NC",Air Pollution – Particulate Matter,Physical environment,2020,2014,10.6,µg/m³ PM2.5,Lower is better,4,10.525,0.075,0.71,Worse,Denver,8.2,Atlanta,12
Charlotte,"Mecklenburg County, NC",Air Pollution – Particulate Matter,Physical environment,2020,2014,11.3,µg/m³ PM2.5,Lower is better,4,10.525,0.075,0.71,Worse,Denver,8.2,Atlanta,12
Denver,"Denver County, CO",Air Pollution – Particulate Matter,Physical environment,2020,2014,8.2,µg/m³ PM2.5,Lower is better,4,10.525,0.075,0.71,Worse,Denver,8.2,Atlanta,12
Atlanta,"Fulton County, GA",Air Pollution – Particulate Matter,Physical environment,2020,2014,12,µg/m³ PM2.5,Lower is better,4,10.525,0.075,0.71,Worse,Denver,8.2,Atlanta,12
Fort Worth,"Tarrant County, TX",Air Pollution – Particulate Matter,Physical environment,2020,2014,10.6,µg/m³ PM2.5,Lower is better,4,10.525,0.075,0.71,Worse,Denver,8.2,Atlanta,12
Dallas,"Dallas County, TX",Air Pollution – Particulate Matter,Physical environment,2020,2014,10,µg/m³ PM2.5,Lower is better,4,10.525,0.075,0.71,Worse,Denver,8.2,Atlanta,12
Nashville,"Davidson County, TN",Air Pollution – Particulate Matter,Physical environment,2020,2014,10.6,µg/m³ PM2.5,Lower is better,4,10.525,0.075,0.71,Worse,Denver,8.2,Atlanta,12
Austin,"Travis County, TX",Suicide Rate,Health outcomes / well-being,2020,2014-2018,12.388055425,"deaths per 100,000 population",Lower is better,8,11.426265,2.11908,18.55,Worse,Durham,8.4284842912,Denver,17.076429808
Raleigh,"Wake County, NC",Suicide Rate,Health outcomes / well-being,2020,2014-2018,9.3932125032,"deaths per 100,000 population",Lower is better,8,11.426265,2.11908,18.55,Worse,Durham,8.4284842912,Denver,17.076429808
Durham,"Durham County, NC",Suicide Rate,Health outcomes / well-being,2020,2014-2018,8.4284842912,"deaths per 100,000 population",Lower is better,8,11.426265,2.11908,18.55,Worse,Durham,8.4284842912,Denver,17.076429808
Charlotte,"Mecklenburg County, NC",Suicide Rate,Health outcomes / well-being,2020,2014-2018,10.224867084,"deaths per 100,000 population",Lower is better,8,11.426265,2.11908,18.55,Worse,Durham,8.4284842912,Denver,17.076429808
Denver,"Denver County, CO",Suicide Rate,Health outcomes / well-being,2020,2014-2018,17.076429808,"deaths per 100,000 population",Lower is better,8,11.426265,2.11908,18.55,Worse,Durham,8.4284842912,Denver,17.076429808
Atlanta,"Fulton County, GA",Suicide Rate,Health outcomes / well-being,2020,2014-2018,10.501384214,"deaths per 100,000 population",Lower is better,8,11.426265,2.11908,18.55,Worse,Durham,8.4284842912,Denver,17.076429808
Fort Worth,"Tarrant County, TX",Suicide Rate,Health outcomes / well-being,2020,2014-2018,12.547414007,"deaths per 100,000 population",Lower is better,8,11.426265,2.11908,18.55,Worse,Durham,8.4284842912,Denver,17.076429808
Dallas,"Dallas County, TX",Suicide Rate,Health outcomes / well-being,2020,2014-2018,10.850273274,"deaths per 100,000 population",Lower is better,8,11.426265,2.11908,18.55,Worse,Durham,8.4284842912,Denver,17.076429808
Nashville,"Davidson County, TN",Suicide Rate,Health outcomes / well-being,2020,2014-2018,13.545345399,"deaths per 100,000 population",Lower is better,8,11.426265,2.11908,18.55,Worse,Durham,8.4284842912,Denver,17.076429808
Austin,"Travis County, TX",Teen Birth Rate,Health behaviors,2020,2012-2018,25.720846118,"births per 1,000 females ages 15–19",Lower is better,7,25.130124,3.980009,15.84,Worse,Raleigh,12.887314727,Dallas,38.932795304
Raleigh,"Wake County, NC",Teen Birth Rate,Health behaviors,2020,2012-2018,12.887314727,"births per 1,000 females ages 15–19",Lower is better,7,25.130124,3.980009,15.84,Worse,Raleigh,12.887314727,Dallas,38.932795304
Durham,"Durham County, NC",Teen Birth Rate,Health behaviors,2020,2012-2018,22.249487529,"births per 1,000 females ages 15–19",Lower is better,7,25.130124,3.980009,15.84,Worse,Raleigh,12.887314727,Dallas,38.932795304
Charlotte,"Mecklenburg County, NC",Teen Birth Rate,Health behaviors,2020,2012-2018,21.071593695,"births per 1,000 females ages 15–19",Lower is better,7,25.130124,3.980009,15.84,Worse,Raleigh,12.887314727,Dallas,38.932795304
Denver,"Denver County, CO",Teen Birth Rate,Health behaviors,2020,2012-2018,30.51801703,"births per 1,000 females ages 15–19",Lower is better,7,25.130124,3.980009,15.84,Worse,Raleigh,12.887314727,Dallas,38.932795304
Atlanta,"Fulton County, GA",Teen Birth Rate,Health behaviors,2020,2012-2018,21.125100004,"births per 1,000 females ages 15–19",Lower is better,7,25.130124,3.980009,15.84,Worse,Raleigh,12.887314727,Dallas,38.932795304
Fort Worth,"Tarrant County, TX",Teen Birth Rate,Health behaviors,2020,2012-2018,28.535841066,"births per 1,000 females ages 15–19",Lower is better,7,25.130124,3.980009,15.84,Worse,Raleigh,12.887314727,Dallas,38.932795304
Dallas,"Dallas County, TX",Teen Birth Rate,Health behaviors,2020,2012-2018,38.932795304,"births per 1,000 females ages 15–19",Lower is better,7,25.130124,3.980009,15.84,Worse,Raleigh,12.887314727,Dallas,38.932795304
Nashville,"Davidson County, TN",Teen Birth Rate,Health behaviors,2020,2012-2018,29.110132958,"births per 1,000 females ages 15–19",Lower is better,7,25.130124,3.980009,15.84,Worse,Raleigh,12.887314727,Dallas,38.932795304
Austin,"Travis County, TX",Injury Deaths,Health outcomes / well-being,2020,2014-2018,56.243541197,"deaths per 100,000 population",Lower is better,9,57.079932,34.678874,60.75,Worse,Raleigh,44.209340589,Nashville,91.758806093
Raleigh,"Wake County, NC",Injury Deaths,Health outcomes / well-being,2020,2014-2018,44.209340589,"deaths per 100,000 population",Lower is better,9,57.079932,34.678874,60.75,Worse,Raleigh,44.209340589,Nashville,91.758806093
Durham,"Durham County, NC",Injury Deaths,Health outcomes / well-being,2020,2014-2018,58.758054723,"deaths per 100,000 population",Lower is better,9,57.079932,34.678874,60.75,Worse,Raleigh,44.209340589,Nashville,91.758806093
Charlotte,"Mecklenburg County, NC",Injury Deaths,Health outcomes / well-being,2020,2014-2018,53.507257526,"deaths per 100,000 population",Lower is better,9,57.079932,34.678874,60.75,Worse,Raleigh,44.209340589,Nashville,91.758806093
Denver,"Denver County, CO",Injury Deaths,Health outcomes / well-being,2020,2014-2018,75.709852106,"deaths per 100,000 population",Lower is better,9,57.079932,34.678874,60.75,Worse,Raleigh,44.209340589,Nashville,91.758806093
Atlanta,"Fulton County, GA",Injury Deaths,Health outcomes / well-being,2020,2014-2018,63.552447072,"deaths per 100,000 population",Lower is better,9,57.079932,34.678874,60.75,Worse,Raleigh,44.209340589,Nashville,91.758806093
Fort Worth,"Tarrant County, TX",Injury Deaths,Health outcomes / well-being,2020,2014-2018,48.888670284,"deaths per 100,000 population",Lower is better,9,57.079932,34.678874,60.75,Worse,Raleigh,44.209340589,Nashville,91.758806093
Dallas,"Dallas County, TX",Injury Deaths,Health outcomes / well-being,2020,2014-2018,55.770291501,"deaths per 100,000 population",Lower is better,9,57.079932,34.678874,60.75,Worse,Raleigh,44.209340589,Nashville,91.758806093
Nashville,"Davidson County, TN",Injury Deaths,Health outcomes / well-being,2020,2014-2018,91.758806093,"deaths per 100,000 population",Lower is better,9,57.079932,34.678874,60.75,Worse,Raleigh,44.209340589,Nashville,91.758806093
Austin,"Travis County, TX",Broadband Access,Physical environment,2020,,,%,Higher is better,,,,,,,,,
Raleigh,"Wake County, NC",Broadband Access,Physical environment,2020,,,%,Higher is better,,,,,,,,,
Durham,"Durham County, NC",Broadband Access,Physical environment,2020,,,%,Higher is better,,,,,,,,,
Charlotte,"Mecklenburg County, NC",Broadband Access,Physical environment,2020,,,%,Higher is better,,,,,,,,,
Denver,"Denver County, CO",Broadband Access,Physical environment,2020,,,%,Higher is better,,,,,,,,,
Atlanta,"Fulton County, GA",Broadband Access,Physical environment,2020,,,%,Higher is better,,,,,,,,,
Fort Worth,"Tarrant County, TX",Broadband Access,Physical environment,2020,,,%,Higher is better,,,,,,,,,
Dallas,"Dallas County, TX",Broadband Access,Physical environment,2020,,,%,Higher is better,,,,,,,,,
Nashville,"Davidson County, TN",Broadband Access,Physical environment,2020,,,%,Higher is better,,,,,,,,,
Austin,"Travis County, TX",Severe Housing Cost Burden,Physical environment,2020,2014-2018,15.774787817,%,Lower is better,4,14.6911,0.017063,0.12,Worse,Raleigh,10.863043744,Atlanta,16.899292991
Raleigh,"Wake County, NC",Severe Housing Cost Burden,Physical environment,2020,2014-2018,10.863043744,%,Lower is better,4,14.6911,0.017063,0.12,Worse,Raleigh,10.863043744,Atlanta,16.899292991
Durham,"Durham County, NC",Severe Housing Cost Burden,Physical environment,2020,2014-2018,14.978336944,%,Lower is better,4,14.6911,0.017063,0.12,Worse,Raleigh,10.863043744,Atlanta,16.899292991
Charlotte,"Mecklenburg County, NC",Severe Housing Cost Burden,Physical environment,2020,2014-2018,14.217003855,%,Lower is better,4,14.6911,0.017063,0.12,Worse,Raleigh,10.863043744,Atlanta,16.899292991
Denver,"Denver County, CO",Severe Housing Cost Burden,Physical environment,2020,2014-2018,16.025170279,%,Lower is better,4,14.6911,0.017063,0.12,Worse,Raleigh,10.863043744,Atlanta,16.899292991
Atlanta,"Fulton County, GA",Severe Housing Cost Burden,Physical environment,2020,2014-2018,16.899292991,%,Lower is better,4,14.6911,0.017063,0.12,Worse,Raleigh,10.863043744,Atlanta,16.899292991
Fort Worth,"Tarrant County, TX",Severe Housing Cost Burden,Physical environment,2020,2014-2018,13.101415474,%,Lower is better,4,14.6911,0.017063,0.12,Worse,Raleigh,10.863043744,Atlanta,16.899292991
Dallas,"Dallas County, TX",Severe Housing Cost Burden,Physical environment,2020,2014-2018,15.669751436,%,Lower is better,4,14.6911,0.017063,0.12,Worse,Raleigh,10.863043744,Atlanta,16.899292991
Nashville,"Davidson County, TN",Severe Housing Cost Burden,Physical environment,2020,2014-2018,14.70816316,%,Lower is better,4,14.6911,0.017063,0.12,Worse,Raleigh,10.863043744,Atlanta,16.899292991
Austin,"Travis County, TX",Life Expectancy,Health outcomes / well-being,2021,2017-2019,81.914036957,years,Higher is better,9,80.320705,-3.278628,-4.08,Worse,Austin,81.914036957,Nashville,77.042077423
Raleigh,"Wake County, NC",Life Expectancy,Health outcomes / well-being,2021,2017-2019,81.811967267,years,Higher is better,9,80.320705,-3.278628,-4.08,Worse,Austin,81.914036957,Nashville,77.042077423
Durham,"Durham County, NC",Life Expectancy,Health outcomes / well-being,2021,2017-2019,80.301077855,years,Higher is better,9,80.320705,-3.278628,-4.08,Worse,Austin,81.914036957,Nashville,77.042077423
Charlotte,"Mecklenburg County, NC",Life Expectancy,Health outcomes / well-being,2021,2017-2019,80.580362881,years,Higher is better,9,80.320705,-3.278628,-4.08,Worse,Austin,81.914036957,Nashville,77.042077423
Denver,"Denver County, CO",Life Expectancy,Health outcomes / well-being,2021,2017-2019,79.946448018,years,Higher is better,9,80.320705,-3.278628,-4.08,Worse,Austin,81.914036957,Nashville,77.042077423
Atlanta,"Fulton County, GA",Life Expectancy,Health outcomes / well-being,2021,2017-2019,79.624634916,years,Higher is better,9,80.320705,-3.278628,-4.08,Worse,Austin,81.914036957,Nashville,77.042077423
Fort Worth,"Tarrant County, TX",Life Expectancy,Health outcomes / well-being,2021,2017-2019,79.292299609,years,Higher is better,9,80.320705,-3.278628,-4.08,Worse,Austin,81.914036957,Nashville,77.042077423
Dallas,"Dallas County, TX",Life Expectancy,Health outcomes / well-being,2021,2017-2019,79.094813892,years,Higher is better,9,80.320705,-3.278628,-4.08,Worse,Austin,81.914036957,Nashville,77.042077423
Nashville,"Davidson County, TN",Life Expectancy,Health outcomes / well-being,2021,2017-2019,77.042077423,years,Higher is better,9,80.320705,-3.278628,-4.08,Worse,Austin,81.914036957,Nashville,77.042077423
Austin,"Travis County, TX",Infant Mortality,Health outcomes / well-being,2021,2013-2019,4.0662597467,"deaths per 1,000 live births",Lower is better,9,5.81869,1.482246,25.47,Worse,Austin,4.0662597467,Nashville,7.3009354324
Raleigh,"Wake County, NC",Infant Mortality,Health outcomes / well-being,2021,2013-2019,5.3704259648,"deaths per 1,000 live births",Lower is better,9,5.81869,1.482246,25.47,Worse,Austin,4.0662597467,Nashville,7.3009354324
Durham,"Durham County, NC",Infant Mortality,Health outcomes / well-being,2021,2013-2019,6.3658178909,"deaths per 1,000 live births",Lower is better,9,5.81869,1.482246,25.47,Worse,Austin,4.0662597467,Nashville,7.3009354324
Charlotte,"Mecklenburg County, NC",Infant Mortality,Health outcomes / well-being,2021,2013-2019,5.9829227214,"deaths per 1,000 live births",Lower is better,9,5.81869,1.482246,25.47,Worse,Austin,4.0662597467,Nashville,7.3009354324
Denver,"Denver County, CO",Infant Mortality,Health outcomes / well-being,2021,2013-2019,4.9234996923,"deaths per 1,000 live births",Lower is better,9,5.81869,1.482246,25.47,Worse,Austin,4.0662597467,Nashville,7.3009354324
Atlanta,"Fulton County, GA",Infant Mortality,Health outcomes / well-being,2021,2013-2019,7.0147331046,"deaths per 1,000 live births",Lower is better,9,5.81869,1.482246,25.47,Worse,Austin,4.0662597467,Nashville,7.3009354324
Fort Worth,"Tarrant County, TX",Infant Mortality,Health outcomes / well-being,2021,2013-2019,6.3920526321,"deaths per 1,000 live births",Lower is better,9,5.81869,1.482246,25.47,Worse,Austin,4.0662597467,Nashville,7.3009354324
Dallas,"Dallas County, TX",Infant Mortality,Health outcomes / well-being,2021,2013-2019,6.433806928,"deaths per 1,000 live births",Lower is better,9,5.81869,1.482246,25.47,Worse,Austin,4.0662597467,Nashville,7.3009354324
Nashville,"Davidson County, TN",Infant Mortality,Health outcomes / well-being,2021,2013-2019,7.3009354324,"deaths per 1,000 live births",Lower is better,9,5.81869,1.482246,25.47,Worse,Austin,4.0662597467,Nashville,7.3009354324
Austin,"Travis County, TX",Poor or Fair Health,Health outcomes / well-being,2021,2018,16.186253101,%,Lower is better,7,17.059816,2.345769,13.75,Worse,Raleigh,13.554491249,Dallas,22.636763512
Raleigh,"Wake County, NC",Poor or Fair Health,Health outcomes / well-being,2021,2018,13.554491249,%,Lower is better,7,17.059816,2.345769,13.75,Worse,Raleigh,13.554491249,Dallas,22.636763512
Durham,"Durham County, NC",Poor or Fair Health,Health outcomes / well-being,2021,2018,17.293586594,%,Lower is better,7,17.059816,2.345769,13.75,Worse,Raleigh,13.554491249,Dallas,22.636763512
Charlotte,"Mecklenburg County, NC",Poor or Fair Health,Health outcomes / well-being,2021,2018,15.205642436,%,Lower is better,7,17.059816,2.345769,13.75,Worse,Raleigh,13.554491249,Dallas,22.636763512
Denver,"Denver County, CO",Poor or Fair Health,Health outcomes / well-being,2021,2018,15.516760439,%,Lower is better,7,17.059816,2.345769,13.75,Worse,Raleigh,13.554491249,Dallas,22.636763512
Atlanta,"Fulton County, GA",Poor or Fair Health,Health outcomes / well-being,2021,2018,14.798447711,%,Lower is better,7,17.059816,2.345769,13.75,Worse,Raleigh,13.554491249,Dallas,22.636763512
Fort Worth,"Tarrant County, TX",Poor or Fair Health,Health outcomes / well-being,2021,2018,21.286582848,%,Lower is better,7,17.059816,2.345769,13.75,Worse,Raleigh,13.554491249,Dallas,22.636763512
Dallas,"Dallas County, TX",Poor or Fair Health,Health outcomes / well-being,2021,2018,22.636763512,%,Lower is better,7,17.059816,2.345769,13.75,Worse,Raleigh,13.554491249,Dallas,22.636763512
Nashville,"Davidson County, TN",Poor or Fair Health,Health outcomes / well-being,2021,2018,19.405585314,%,Lower is better,7,17.059816,2.345769,13.75,Worse,Raleigh,13.554491249,Dallas,22.636763512
Austin,"Travis County, TX",Poor Physical Health Days,Health outcomes / well-being,2021,2018,3.5122691651,days per month,Lower is better,9,3.534304,0.851233,24.08,Worse,Charlotte,3.0942744913,Nashville,4.3855371908
Raleigh,"Wake County, NC",Poor Physical Health Days,Health outcomes / well-being,2021,2018,3.1852057639,days per month,Lower is better,9,3.534304,0.851233,24.08,Worse,Charlotte,3.0942744913,Nashville,4.3855371908
Durham,"Durham County, NC",Poor Physical Health Days,Health outcomes / well-being,2021,2018,3.4998183769,days per month,Lower is better,9,3.534304,0.851233,24.08,Worse,Charlotte,3.0942744913,Nashville,4.3855371908
Charlotte,"Mecklenburg County, NC",Poor Physical Health Days,Health outcomes / well-being,2021,2018,3.0942744913,days per month,Lower is better,9,3.534304,0.851233,24.08,Worse,Charlotte,3.0942744913,Nashville,4.3855371908
Denver,"Denver County, CO",Poor Physical Health Days,Health outcomes / well-being,2021,2018,3.3547110692,days per month,Lower is better,9,3.534304,0.851233,24.08,Worse,Charlotte,3.0942744913,Nashville,4.3855371908
Atlanta,"Fulton County, GA",Poor Physical Health Days,Health outcomes / well-being,2021,2018,3.2872388966,days per month,Lower is better,9,3.534304,0.851233,24.08,Worse,Charlotte,3.0942744913,Nashville,4.3855371908
Fort Worth,"Tarrant County, TX",Poor Physical Health Days,Health outcomes / well-being,2021,2018,4.2781161523,days per month,Lower is better,9,3.534304,0.851233,24.08,Worse,Charlotte,3.0942744913,Nashville,4.3855371908
Dallas,"Dallas County, TX",Poor Physical Health Days,Health outcomes / well-being,2021,2018,4.0628019138,days per month,Lower is better,9,3.534304,0.851233,24.08,Worse,Charlotte,3.0942744913,Nashville,4.3855371908
Nashville,"Davidson County, TN",Poor Physical Health Days,Health outcomes / well-being,2021,2018,4.3855371908,days per month,Lower is better,9,3.534304,0.851233,24.08,Worse,Charlotte,3.0942744913,Nashville,4.3855371908
Austin,"Travis County, TX",Poor Mental Health Days,Health outcomes / well-being,2021,2018,4.0539857688,days per month,Lower is better,9,3.980565,0.97261,24.43,Worse,Charlotte,3.5795442533,Nashville,4.9531750808
Raleigh,"Wake County, NC",Poor Mental Health Days,Health outcomes / well-being,2021,2018,3.8593195053,days per month,Lower is better,9,3.980565,0.97261,24.43,Worse,Charlotte,3.5795442533,Nashville,4.9531750808
Durham,"Durham County, NC",Poor Mental Health Days,Health outcomes / well-being,2021,2018,4.0803441744,days per month,Lower is better,9,3.980565,0.97261,24.43,Worse,Charlotte,3.5795442533,Nashville,4.9531750808
Charlotte,"Mecklenburg County, NC",Poor Mental Health Days,Health outcomes / well-being,2021,2018,3.5795442533,days per month,Lower is better,9,3.980565,0.97261,24.43,Worse,Charlotte,3.5795442533,Nashville,4.9531750808
Denver,"Denver County, CO",Poor Mental Health Days,Health outcomes / well-being,2021,2018,3.8087766008,days per month,Lower is better,9,3.980565,0.97261,24.43,Worse,Charlotte,3.5795442533,Nashville,4.9531750808
Atlanta,"Fulton County, GA",Poor Mental Health Days,Health outcomes / well-being,2021,2018,3.7119718744,days per month,Lower is better,9,3.980565,0.97261,24.43,Worse,Charlotte,3.5795442533,Nashville,4.9531750808
Fort Worth,"Tarrant County, TX",Poor Mental Health Days,Health outcomes / well-being,2021,2018,4.3978774448,days per month,Lower is better,9,3.980565,0.97261,24.43,Worse,Charlotte,3.5795442533,Nashville,4.9531750808
Dallas,"Dallas County, TX",Poor Mental Health Days,Health outcomes / well-being,2021,2018,4.3526983231,days per month,Lower is better,9,3.980565,0.97261,24.43,Worse,Charlotte,3.5795442533,Nashville,4.9531750808
Nashville,"Davidson County, TN",Poor Mental Health Days,Health outcomes / well-being,2021,2018,4.9531750808,days per month,Lower is better,9,3.980565,0.97261,24.43,Worse,Charlotte,3.5795442533,Nashville,4.9531750808
Austin,"Travis County, TX",Adult Obesity,Health outcomes / well-being,2021,2017,22.9,%,Lower is better,7,26.4,2.8,10.61,Worse,Denver,17.3,Fort Worth,30.8
Raleigh,"Wake County, NC",Adult Obesity,Health outcomes / well-being,2021,2017,27.6,%,Lower is better,7,26.4,2.8,10.61,Worse,Denver,17.3,Fort Worth,30.8
Durham,"Durham County, NC",Adult Obesity,Health outcomes / well-being,2021,2017,28.3,%,Lower is better,7,26.4,2.8,10.61,Worse,Denver,17.3,Fort Worth,30.8
Charlotte,"Mecklenburg County, NC",Adult Obesity,Health outcomes / well-being,2021,2017,28.9,%,Lower is better,7,26.4,2.8,10.61,Worse,Denver,17.3,Fort Worth,30.8
Denver,"Denver County, CO",Adult Obesity,Health outcomes / well-being,2021,2017,17.3,%,Lower is better,7,26.4,2.8,10.61,Worse,Denver,17.3,Fort Worth,30.8
Atlanta,"Fulton County, GA",Adult Obesity,Health outcomes / well-being,2021,2017,24.8,%,Lower is better,7,26.4,2.8,10.61,Worse,Denver,17.3,Fort Worth,30.8
Fort Worth,"Tarrant County, TX",Adult Obesity,Health outcomes / well-being,2021,2017,30.8,%,Lower is better,7,26.4,2.8,10.61,Worse,Denver,17.3,Fort Worth,30.8
Dallas,"Dallas County, TX",Adult Obesity,Health outcomes / well-being,2021,2017,30.6,%,Lower is better,7,26.4,2.8,10.61,Worse,Denver,17.3,Fort Worth,30.8
Nashville,"Davidson County, TN",Adult Obesity,Health outcomes / well-being,2021,2017,29.2,%,Lower is better,7,26.4,2.8,10.61,Worse,Denver,17.3,Fort Worth,30.8
Austin,"Travis County, TX",Diabetes Prevalence,Health outcomes / well-being,2021,2017,7,%,Lower is better,8,7.85,0.85,10.83,Worse,Denver,5.1,Fort Worth,11
Raleigh,"Wake County, NC",Diabetes Prevalence,Health outcomes / well-being,2021,2017,8.6,%,Lower is better,8,7.85,0.85,10.83,Worse,Denver,5.1,Fort Worth,11
Durham,"Durham County, NC",Diabetes Prevalence,Health outcomes / well-being,2021,2017,7.2,%,Lower is better,8,7.85,0.85,10.83,Worse,Denver,5.1,Fort Worth,11
Charlotte,"Mecklenburg County, NC",Diabetes Prevalence,Health outcomes / well-being,2021,2017,8.2,%,Lower is better,8,7.85,0.85,10.83,Worse,Denver,5.1,Fort Worth,11
Denver,"Denver County, CO",Diabetes Prevalence,Health outcomes / well-being,2021,2017,5.1,%,Lower is better,8,7.85,0.85,10.83,Worse,Denver,5.1,Fort Worth,11
Atlanta,"Fulton County, GA",Diabetes Prevalence,Health outcomes / well-being,2021,2017,8.1,%,Lower is better,8,7.85,0.85,10.83,Worse,Denver,5.1,Fort Worth,11
Fort Worth,"Tarrant County, TX",Diabetes Prevalence,Health outcomes / well-being,2021,2017,11,%,Lower is better,8,7.85,0.85,10.83,Worse,Denver,5.1,Fort Worth,11
Dallas,"Dallas County, TX",Diabetes Prevalence,Health outcomes / well-being,2021,2017,7.6,%,Lower is better,8,7.85,0.85,10.83,Worse,Denver,5.1,Fort Worth,11
Nashville,"Davidson County, TN",Diabetes Prevalence,Health outcomes / well-being,2021,2017,8.7,%,Lower is better,8,7.85,0.85,10.83,Worse,Denver,5.1,Fort Worth,11
Austin,"Travis County, TX",Adult Smoking,Health behaviors,2021,2018,12.685921001,%,Lower is better,9,14.630806,5.843414,39.94,Worse,Austin,12.685921001,Nashville,20.474219607
Raleigh,"Wake County, NC",Adult Smoking,Health behaviors,2021,2018,14.341352926,%,Lower is better,9,14.630806,5.843414,39.94,Worse,Austin,12.685921001,Nashville,20.474219607
Durham,"Durham County, NC",Adult Smoking,Health behaviors,2021,2018,15.150844809,%,Lower is better,9,14.630806,5.843414,39.94,Worse,Austin,12.685921001,Nashville,20.474219607
Charlotte,"Mecklenburg County, NC",Adult Smoking,Health behaviors,2021,2018,14.868912581,%,Lower is better,9,14.630806,5.843414,39.94,Worse,Austin,12.685921001,Nashville,20.474219607
Denver,"Denver County, CO",Adult Smoking,Health behaviors,2021,2018,15.283500177,%,Lower is better,9,14.630806,5.843414,39.94,Worse,Austin,12.685921001,Nashville,20.474219607
Atlanta,"Fulton County, GA",Adult Smoking,Health behaviors,2021,2018,13.287735617,%,Lower is better,9,14.630806,5.843414,39.94,Worse,Austin,12.685921001,Nashville,20.474219607
Fort Worth,"Tarrant County, TX",Adult Smoking,Health behaviors,2021,2018,15.384147347,%,Lower is better,9,14.630806,5.843414,39.94,Worse,Austin,12.685921001,Nashville,20.474219607
Dallas,"Dallas County, TX",Adult Smoking,Health behaviors,2021,2018,16.044034303,%,Lower is better,9,14.630806,5.843414,39.94,Worse,Austin,12.685921001,Nashville,20.474219607
Nashville,"Davidson County, TN",Adult Smoking,Health behaviors,2021,2018,20.474219607,%,Lower is better,9,14.630806,5.843414,39.94,Worse,Austin,12.685921001,Nashville,20.474219607
Austin,"Travis County, TX",Physical Inactivity,Health behaviors,2021,2017,15.4,%,Lower is better,6,18.3,4.5,24.59,Worse,Denver,12.6,Fort Worth,23.2
Raleigh,"Wake County, NC",Physical Inactivity,Health behaviors,2021,2017,15.4,%,Lower is better,6,18.3,4.5,24.59,Worse,Denver,12.6,Fort Worth,23.2
Durham,"Durham County, NC",Physical Inactivity,Health behaviors,2021,2017,18.5,%,Lower is better,6,18.3,4.5,24.59,Worse,Denver,12.6,Fort Worth,23.2
Charlotte,"Mecklenburg County, NC",Physical Inactivity,Health behaviors,2021,2017,17.7,%,Lower is better,6,18.3,4.5,24.59,Worse,Denver,12.6,Fort Worth,23.2
Denver,"Denver County, CO",Physical Inactivity,Health behaviors,2021,2017,12.6,%,Lower is better,6,18.3,4.5,24.59,Worse,Denver,12.6,Fort Worth,23.2
Atlanta,"Fulton County, GA",Physical Inactivity,Health behaviors,2021,2017,20.6,%,Lower is better,6,18.3,4.5,24.59,Worse,Denver,12.6,Fort Worth,23.2
Fort Worth,"Tarrant County, TX",Physical Inactivity,Health behaviors,2021,2017,23.2,%,Lower is better,6,18.3,4.5,24.59,Worse,Denver,12.6,Fort Worth,23.2
Dallas,"Dallas County, TX",Physical Inactivity,Health behaviors,2021,2017,23,%,Lower is better,6,18.3,4.5,24.59,Worse,Denver,12.6,Fort Worth,23.2
Nashville,"Davidson County, TN",Physical Inactivity,Health behaviors,2021,2017,22.8,%,Lower is better,6,18.3,4.5,24.59,Worse,Denver,12.6,Fort Worth,23.2
Austin,"Travis County, TX",Excessive Drinking,Health behaviors,2021,2018,22.169822373,%,Lower is better,2,19.56915,-2.716039,-13.88,Better,Durham,16.243677612,Denver,25.285593336
Raleigh,"Wake County, NC",Excessive Drinking,Health behaviors,2021,2018,18.30917533,%,Lower is better,2,19.56915,-2.716039,-13.88,Better,Durham,16.243677612,Denver,25.285593336
Durham,"Durham County, NC",Excessive Drinking,Health behaviors,2021,2018,16.243677612,%,Lower is better,2,19.56915,-2.716039,-13.88,Better,Durham,16.243677612,Denver,25.285593336
Charlotte,"Mecklenburg County, NC",Excessive Drinking,Health behaviors,2021,2018,18.094980594,%,Lower is better,2,19.56915,-2.716039,-13.88,Better,Durham,16.243677612,Denver,25.285593336
Denver,"Denver County, CO",Excessive Drinking,Health behaviors,2021,2018,25.285593336,%,Lower is better,2,19.56915,-2.716039,-13.88,Better,Durham,16.243677612,Denver,25.285593336
Atlanta,"Fulton County, GA",Excessive Drinking,Health behaviors,2021,2018,19.959003319,%,Lower is better,2,19.56915,-2.716039,-13.88,Better,Durham,16.243677612,Denver,25.285593336
Fort Worth,"Tarrant County, TX",Excessive Drinking,Health behaviors,2021,2018,18.19279254,%,Lower is better,2,19.56915,-2.716039,-13.88,Better,Durham,16.243677612,Denver,25.285593336
Dallas,"Dallas County, TX",Excessive Drinking,Health behaviors,2021,2018,18.29815488,%,Lower is better,2,19.56915,-2.716039,-13.88,Better,Durham,16.243677612,Denver,25.285593336
Nashville,"Davidson County, TN",Excessive Drinking,Health behaviors,2021,2018,16.853110834,%,Lower is better,2,19.56915,-2.716039,-13.88,Better,Durham,16.243677612,Denver,25.285593336
Austin,"Travis County, TX",Insufficient Sleep,Health behaviors,2021,2018,31.929197618,%,Lower is better,9,33.97078,4.679477,13.78,Worse,Denver,30.276794009,Nashville,38.650257865
Raleigh,"Wake County, NC",Insufficient Sleep,Health behaviors,2021,2018,31.864850372,%,Lower is better,9,33.97078,4.679477,13.78,Worse,Denver,30.276794009,Nashville,38.650257865
Durham,"Durham County, NC",Insufficient Sleep,Health behaviors,2021,2018,36.678467961,%,Lower is better,9,33.97078,4.679477,13.78,Worse,Denver,30.276794009,Nashville,38.650257865
Charlotte,"Mecklenburg County, NC",Insufficient Sleep,Health behaviors,2021,2018,35.428052054,%,Lower is better,9,33.97078,4.679477,13.78,Worse,Denver,30.276794009,Nashville,38.650257865
Denver,"Denver County, CO",Insufficient Sleep,Health behaviors,2021,2018,30.276794009,%,Lower is better,9,33.97078,4.679477,13.78,Worse,Denver,30.276794009,Nashville,38.650257865
Atlanta,"Fulton County, GA",Insufficient Sleep,Health behaviors,2021,2018,35.636892514,%,Lower is better,9,33.97078,4.679477,13.78,Worse,Denver,30.276794009,Nashville,38.650257865
Fort Worth,"Tarrant County, TX",Insufficient Sleep,Health behaviors,2021,2018,33.025292914,%,Lower is better,9,33.97078,4.679477,13.78,Worse,Denver,30.276794009,Nashville,38.650257865
Dallas,"Dallas County, TX",Insufficient Sleep,Health behaviors,2021,2018,36.92669603,%,Lower is better,9,33.97078,4.679477,13.78,Worse,Denver,30.276794009,Nashville,38.650257865
Nashville,"Davidson County, TN",Insufficient Sleep,Health behaviors,2021,2018,38.650257865,%,Lower is better,9,33.97078,4.679477,13.78,Worse,Denver,30.276794009,Nashville,38.650257865
Austin,"Travis County, TX",Food Insecurity,Health behaviors,2021,2018,12.9,%,Lower is better,4,12.6625,-0.2625,-2.07,Better,Raleigh,10.4,Dallas,15.1
Raleigh,"Wake County, NC",Food Insecurity,Health behaviors,2021,2018,10.4,%,Lower is better,4,12.6625,-0.2625,-2.07,Better,Raleigh,10.4,Dallas,15.1
Durham,"Durham County, NC",Food Insecurity,Health behaviors,2021,2018,13.5,%,Lower is better,4,12.6625,-0.2625,-2.07,Better,Raleigh,10.4,Dallas,15.1
Charlotte,"Mecklenburg County, NC",Food Insecurity,Health behaviors,2021,2018,12,%,Lower is better,4,12.6625,-0.2625,-2.07,Better,Raleigh,10.4,Dallas,15.1
Denver,"Denver County, CO",Food Insecurity,Health behaviors,2021,2018,11,%,Lower is better,4,12.6625,-0.2625,-2.07,Better,Raleigh,10.4,Dallas,15.1
Atlanta,"Fulton County, GA",Food Insecurity,Health behaviors,2021,2018,12.5,%,Lower is better,4,12.6625,-0.2625,-2.07,Better,Raleigh,10.4,Dallas,15.1
Fort Worth,"Tarrant County, TX",Food Insecurity,Health behaviors,2021,2018,13.9,%,Lower is better,4,12.6625,-0.2625,-2.07,Better,Raleigh,10.4,Dallas,15.1
Dallas,"Dallas County, TX",Food Insecurity,Health behaviors,2021,2018,15.1,%,Lower is better,4,12.6625,-0.2625,-2.07,Better,Raleigh,10.4,Dallas,15.1
Nashville,"Davidson County, TN",Food Insecurity,Health behaviors,2021,2018,12.4,%,Lower is better,4,12.6625,-0.2625,-2.07,Better,Raleigh,10.4,Dallas,15.1
Austin,"Travis County, TX",Drug Overdose Deaths,Health behaviors,2021,2017-2019,12.615368613,"deaths per 100,000 population",Lower is better,9,14.760514,24.027267,162.78,Worse,Fort Worth,8.8754727911,Nashville,38.78778079
Raleigh,"Wake County, NC",Drug Overdose Deaths,Health behaviors,2021,2017-2019,12.392144845,"deaths per 100,000 population",Lower is better,9,14.760514,24.027267,162.78,Worse,Fort Worth,8.8754727911,Nashville,38.78778079
Durham,"Durham County, NC",Drug Overdose Deaths,Health behaviors,2021,2017-2019,15.265295036,"deaths per 100,000 population",Lower is better,9,14.760514,24.027267,162.78,Worse,Fort Worth,8.8754727911,Nashville,38.78778079
Charlotte,"Mecklenburg County, NC",Drug Overdose Deaths,Health behaviors,2021,2017-2019,18.225628403,"deaths per 100,000 population",Lower is better,9,14.760514,24.027267,162.78,Worse,Fort Worth,8.8754727911,Nashville,38.78778079
Denver,"Denver County, CO",Drug Overdose Deaths,Health behaviors,2021,2017-2019,22.249902715,"deaths per 100,000 population",Lower is better,9,14.760514,24.027267,162.78,Worse,Fort Worth,8.8754727911,Nashville,38.78778079
Atlanta,"Fulton County, GA",Drug Overdose Deaths,Health behaviors,2021,2017-2019,15.496879391,"deaths per 100,000 population",Lower is better,9,14.760514,24.027267,162.78,Worse,Fort Worth,8.8754727911,Nashville,38.78778079
Fort Worth,"Tarrant County, TX",Drug Overdose Deaths,Health behaviors,2021,2017-2019,8.8754727911,"deaths per 100,000 population",Lower is better,9,14.760514,24.027267,162.78,Worse,Fort Worth,8.8754727911,Nashville,38.78778079
Dallas,"Dallas County, TX",Drug Overdose Deaths,Health behaviors,2021,2017-2019,12.963420092,"deaths per 100,000 population",Lower is better,9,14.760514,24.027267,162.78,Worse,Fort Worth,8.8754727911,Nashville,38.78778079
Nashville,"Davidson County, TN",Drug Overdose Deaths,Health behaviors,2021,2017-2019,38.78778079,"deaths per 100,000 population",Lower is better,9,14.760514,24.027267,162.78,Worse,Fort Worth,8.8754727911,Nashville,38.78778079
Austin,"Travis County, TX",Access to Exercise Opportunities,Health behaviors,2021,2010 & 2019,93.174429299,%,Higher is better,7,93.640321,-2.727401,-2.91,Worse,Denver,99.453477251,Durham,89.588059211
Raleigh,"Wake County, NC",Access to Exercise Opportunities,Health behaviors,2021,2010 & 2019,90.056193555,%,Higher is better,7,93.640321,-2.727401,-2.91,Worse,Denver,99.453477251,Durham,89.588059211
Durham,"Durham County, NC",Access to Exercise Opportunities,Health behaviors,2021,2010 & 2019,89.588059211,%,Higher is better,7,93.640321,-2.727401,-2.91,Worse,Denver,99.453477251,Durham,89.588059211
Charlotte,"Mecklenburg County, NC",Access to Exercise Opportunities,Health behaviors,2021,2010 & 2019,92.253824372,%,Higher is better,7,93.640321,-2.727401,-2.91,Worse,Denver,99.453477251,Durham,89.588059211
Denver,"Denver County, CO",Access to Exercise Opportunities,Health behaviors,2021,2010 & 2019,99.453477251,%,Higher is better,7,93.640321,-2.727401,-2.91,Worse,Denver,99.453477251,Durham,89.588059211
Atlanta,"Fulton County, GA",Access to Exercise Opportunities,Health behaviors,2021,2010 & 2019,94.458825459,%,Higher is better,7,93.640321,-2.727401,-2.91,Worse,Denver,99.453477251,Durham,89.588059211
Fort Worth,"Tarrant County, TX",Access to Exercise Opportunities,Health behaviors,2021,2010 & 2019,93.863133584,%,Higher is better,7,93.640321,-2.727401,-2.91,Worse,Denver,99.453477251,Durham,89.588059211
Dallas,"Dallas County, TX",Access to Exercise Opportunities,Health behaviors,2021,2010 & 2019,96.274627461,%,Higher is better,7,93.640321,-2.727401,-2.91,Worse,Denver,99.453477251,Durham,89.588059211
Nashville,"Davidson County, TN",Access to Exercise Opportunities,Health behaviors,2021,2010 & 2019,90.912920609,%,Higher is better,7,93.640321,-2.727401,-2.91,Worse,Denver,99.453477251,Durham,89.588059211
Austin,"Travis County, TX",Uninsured,Clinical care,2021,2018,14.779995948,%,Lower is better,6,14.655508,-0.678356,-4.63,Better,Raleigh,9.9658317941,Dallas,23.981183774
Raleigh,"Wake County, NC",Uninsured,Clinical care,2021,2018,9.9658317941,%,Lower is better,6,14.655508,-0.678356,-4.63,Better,Raleigh,9.9658317941,Dallas,23.981183774
Durham,"Durham County, NC",Uninsured,Clinical care,2021,2018,12.555730846,%,Lower is better,6,14.655508,-0.678356,-4.63,Better,Raleigh,9.9658317941,Dallas,23.981183774
Charlotte,"Mecklenburg County, NC",Uninsured,Clinical care,2021,2018,12.973817368,%,Lower is better,6,14.655508,-0.678356,-4.63,Better,Raleigh,9.9658317941,Dallas,23.981183774
Denver,"Denver County, CO",Uninsured,Clinical care,2021,2018,10.296851264,%,Lower is better,6,14.655508,-0.678356,-4.63,Better,Raleigh,9.9658317941,Dallas,23.981183774
Atlanta,"Fulton County, GA",Uninsured,Clinical care,2021,2018,13.674451238,%,Lower is better,6,14.655508,-0.678356,-4.63,Better,Raleigh,9.9658317941,Dallas,23.981183774
Fort Worth,"Tarrant County, TX",Uninsured,Clinical care,2021,2018,19.016201949,%,Lower is better,6,14.655508,-0.678356,-4.63,Better,Raleigh,9.9658317941,Dallas,23.981183774
Dallas,"Dallas County, TX",Uninsured,Clinical care,2021,2018,23.981183774,%,Lower is better,6,14.655508,-0.678356,-4.63,Better,Raleigh,9.9658317941,Dallas,23.981183774
Nashville,"Davidson County, TN",Uninsured,Clinical care,2021,2018,13.977152089,%,Lower is better,6,14.655508,-0.678356,-4.63,Better,Raleigh,9.9658317941,Dallas,23.981183774
Austin,"Travis County, TX",Primary Care Physicians,Clinical care,2021,2018,1158,residents per primary care physician,Lower is better,4,1129.625,-88.625,-7.85,Better,Denver,722,Fort Worth,1702
Raleigh,"Wake County, NC",Primary Care Physicians,Clinical care,2021,2018,1177,residents per primary care physician,Lower is better,4,1129.625,-88.625,-7.85,Better,Denver,722,Fort Worth,1702
Durham,"Durham County, NC",Primary Care Physicians,Clinical care,2021,2018,802,residents per primary care physician,Lower is better,4,1129.625,-88.625,-7.85,Better,Denver,722,Fort Worth,1702
Charlotte,"Mecklenburg County, NC",Primary Care Physicians,Clinical care,2021,2018,1134,residents per primary care physician,Lower is better,4,1129.625,-88.625,-7.85,Better,Denver,722,Fort Worth,1702
Denver,"Denver County, CO",Primary Care Physicians,Clinical care,2021,2018,722,residents per primary care physician,Lower is better,4,1129.625,-88.625,-7.85,Better,Denver,722,Fort Worth,1702
Atlanta,"Fulton County, GA",Primary Care Physicians,Clinical care,2021,2018,904,residents per primary care physician,Lower is better,4,1129.625,-88.625,-7.85,Better,Denver,722,Fort Worth,1702
Fort Worth,"Tarrant County, TX",Primary Care Physicians,Clinical care,2021,2018,1702,residents per primary care physician,Lower is better,4,1129.625,-88.625,-7.85,Better,Denver,722,Fort Worth,1702
Dallas,"Dallas County, TX",Primary Care Physicians,Clinical care,2021,2018,1438,residents per primary care physician,Lower is better,4,1129.625,-88.625,-7.85,Better,Denver,722,Fort Worth,1702
Nashville,"Davidson County, TN",Primary Care Physicians,Clinical care,2021,2018,1041,residents per primary care physician,Lower is better,4,1129.625,-88.625,-7.85,Better,Denver,722,Fort Worth,1702
Austin,"Travis County, TX",Mental Health Providers,Clinical care,2021,2020,343,residents per mental health provider,Lower is better,3,390.375,-92.375,-23.66,Better,Durham,161,Fort Worth,759
Raleigh,"Wake County, NC",Mental Health Providers,Clinical care,2021,2020,319,residents per mental health provider,Lower is better,3,390.375,-92.375,-23.66,Better,Durham,161,Fort Worth,759
Durham,"Durham County, NC",Mental Health Providers,Clinical care,2021,2020,161,residents per mental health provider,Lower is better,3,390.375,-92.375,-23.66,Better,Durham,161,Fort Worth,759
Charlotte,"Mecklenburg County, NC",Mental Health Providers,Clinical care,2021,2020,328,residents per mental health provider,Lower is better,3,390.375,-92.375,-23.66,Better,Durham,161,Fort Worth,759
Denver,"Denver County, CO",Mental Health Providers,Clinical care,2021,2020,169,residents per mental health provider,Lower is better,3,390.375,-92.375,-23.66,Better,Durham,161,Fort Worth,759
Atlanta,"Fulton County, GA",Mental Health Providers,Clinical care,2021,2020,407,residents per mental health provider,Lower is better,3,390.375,-92.375,-23.66,Better,Durham,161,Fort Worth,759
Fort Worth,"Tarrant County, TX",Mental Health Providers,Clinical care,2021,2020,759,residents per mental health provider,Lower is better,3,390.375,-92.375,-23.66,Better,Durham,161,Fort Worth,759
Dallas,"Dallas County, TX",Mental Health Providers,Clinical care,2021,2020,637,residents per mental health provider,Lower is better,3,390.375,-92.375,-23.66,Better,Durham,161,Fort Worth,759
Nashville,"Davidson County, TN",Mental Health Providers,Clinical care,2021,2020,298,residents per mental health provider,Lower is better,3,390.375,-92.375,-23.66,Better,Durham,161,Fort Worth,759
Austin,"Travis County, TX",Preventable Hospital Stays,Clinical care,2021,2018,3803,"hospital stays per 100,000 Medicare enrollees",Lower is better,8,4131.375,955.625,23.13,Worse,Denver,2777,Fort Worth,5329
Raleigh,"Wake County, NC",Preventable Hospital Stays,Clinical care,2021,2018,3775,"hospital stays per 100,000 Medicare enrollees",Lower is better,8,4131.375,955.625,23.13,Worse,Denver,2777,Fort Worth,5329
Durham,"Durham County, NC",Preventable Hospital Stays,Clinical care,2021,2018,4439,"hospital stays per 100,000 Medicare enrollees",Lower is better,8,4131.375,955.625,23.13,Worse,Denver,2777,Fort Worth,5329
Charlotte,"Mecklenburg County, NC",Preventable Hospital Stays,Clinical care,2021,2018,3960,"hospital stays per 100,000 Medicare enrollees",Lower is better,8,4131.375,955.625,23.13,Worse,Denver,2777,Fort Worth,5329
Denver,"Denver County, CO",Preventable Hospital Stays,Clinical care,2021,2018,2777,"hospital stays per 100,000 Medicare enrollees",Lower is better,8,4131.375,955.625,23.13,Worse,Denver,2777,Fort Worth,5329
Atlanta,"Fulton County, GA",Preventable Hospital Stays,Clinical care,2021,2018,4273,"hospital stays per 100,000 Medicare enrollees",Lower is better,8,4131.375,955.625,23.13,Worse,Denver,2777,Fort Worth,5329
Fort Worth,"Tarrant County, TX",Preventable Hospital Stays,Clinical care,2021,2018,5329,"hospital stays per 100,000 Medicare enrollees",Lower is better,8,4131.375,955.625,23.13,Worse,Denver,2777,Fort Worth,5329
Dallas,"Dallas County, TX",Preventable Hospital Stays,Clinical care,2021,2018,4695,"hospital stays per 100,000 Medicare enrollees",Lower is better,8,4131.375,955.625,23.13,Worse,Denver,2777,Fort Worth,5329
Nashville,"Davidson County, TN",Preventable Hospital Stays,Clinical care,2021,2018,5087,"hospital stays per 100,000 Medicare enrollees",Lower is better,8,4131.375,955.625,23.13,Worse,Denver,2777,Fort Worth,5329
Austin,"Travis County, TX",Children in Poverty,Social & economic,2021,2019,13.6,%,Lower is better,6,16.2,1.9,11.73,Worse,Raleigh,9.4,Atlanta,21.8
Raleigh,"Wake County, NC",Children in Poverty,Social & economic,2021,2019,9.4,%,Lower is better,6,16.2,1.9,11.73,Worse,Raleigh,9.4,Atlanta,21.8
Durham,"Durham County, NC",Children in Poverty,Social & economic,2021,2019,20.6,%,Lower is better,6,16.2,1.9,11.73,Worse,Raleigh,9.4,Atlanta,21.8
Charlotte,"Mecklenburg County, NC",Children in Poverty,Social & economic,2021,2019,13.8,%,Lower is better,6,16.2,1.9,11.73,Worse,Raleigh,9.4,Atlanta,21.8
Denver,"Denver County, CO",Children in Poverty,Social & economic,2021,2019,15.6,%,Lower is better,6,16.2,1.9,11.73,Worse,Raleigh,9.4,Atlanta,21.8
Atlanta,"Fulton County, GA",Children in Poverty,Social & economic,2021,2019,21.8,%,Lower is better,6,16.2,1.9,11.73,Worse,Raleigh,9.4,Atlanta,21.8
Fort Worth,"Tarrant County, TX",Children in Poverty,Social & economic,2021,2019,13.9,%,Lower is better,6,16.2,1.9,11.73,Worse,Raleigh,9.4,Atlanta,21.8
Dallas,"Dallas County, TX",Children in Poverty,Social & economic,2021,2019,20.9,%,Lower is better,6,16.2,1.9,11.73,Worse,Raleigh,9.4,Atlanta,21.8
Nashville,"Davidson County, TN",Children in Poverty,Social & economic,2021,2019,18.1,%,Lower is better,6,16.2,1.9,11.73,Worse,Raleigh,9.4,Atlanta,21.8
Austin,"Travis County, TX",Unemployment,Social & economic,2021,2019,2.5700950343,%,Lower is better,1,3.236052,-0.72074,-22.27,Better,Nashville,2.5153119738,Charlotte,3.6354701652
Raleigh,"Wake County, NC",Unemployment,Social & economic,2021,2019,3.3445623192,%,Lower is better,1,3.236052,-0.72074,-22.27,Better,Nashville,2.5153119738,Charlotte,3.6354701652
Durham,"Durham County, NC",Unemployment,Social & economic,2021,2019,3.4225076729,%,Lower is better,1,3.236052,-0.72074,-22.27,Better,Nashville,2.5153119738,Charlotte,3.6354701652
Charlotte,"Mecklenburg County, NC",Unemployment,Social & economic,2021,2019,3.6354701652,%,Lower is better,1,3.236052,-0.72074,-22.27,Better,Nashville,2.5153119738,Charlotte,3.6354701652
Denver,"Denver County, CO",Unemployment,Social & economic,2021,2019,2.6934268802,%,Lower is better,1,3.236052,-0.72074,-22.27,Better,Nashville,2.5153119738,Charlotte,3.6354701652
Atlanta,"Fulton County, GA",Unemployment,Social & economic,2021,2019,3.4740750583,%,Lower is better,1,3.236052,-0.72074,-22.27,Better,Nashville,2.5153119738,Charlotte,3.6354701652
Fort Worth,"Tarrant County, TX",Unemployment,Social & economic,2021,2019,3.2935484139,%,Lower is better,1,3.236052,-0.72074,-22.27,Better,Nashville,2.5153119738,Charlotte,3.6354701652
Dallas,"Dallas County, TX",Unemployment,Social & economic,2021,2019,3.4547269194,%,Lower is better,1,3.236052,-0.72074,-22.27,Better,Nashville,2.5153119738,Charlotte,3.6354701652
Nashville,"Davidson County, TN",Unemployment,Social & economic,2021,2019,2.5153119738,%,Lower is better,1,3.236052,-0.72074,-22.27,Better,Nashville,2.5153119738,Charlotte,3.6354701652
Austin,"Travis County, TX",Median Household Income,Social & economic,2021,2019,80690,USD,Higher is better,8,73336.375,-9490.375,-12.94,Worse,Raleigh,84377,Dallas,61807
Raleigh,"Wake County, NC",Median Household Income,Social & economic,2021,2019,84377,USD,Higher is better,8,73336.375,-9490.375,-12.94,Worse,Raleigh,84377,Dallas,61807
Durham,"Durham County, NC",Median Household Income,Social & economic,2021,2019,65541,USD,Higher is better,8,73336.375,-9490.375,-12.94,Worse,Raleigh,84377,Dallas,61807
Charlotte,"Mecklenburg County, NC",Median Household Income,Social & economic,2021,2019,69455,USD,Higher is better,8,73336.375,-9490.375,-12.94,Worse,Raleigh,84377,Dallas,61807
Denver,"Denver County, CO",Median Household Income,Social & economic,2021,2019,75456,USD,Higher is better,8,73336.375,-9490.375,-12.94,Worse,Raleigh,84377,Dallas,61807
Atlanta,"Fulton County, GA",Median Household Income,Social & economic,2021,2019,79235,USD,Higher is better,8,73336.375,-9490.375,-12.94,Worse,Raleigh,84377,Dallas,61807
Fort Worth,"Tarrant County, TX",Median Household Income,Social & economic,2021,2019,70130,USD,Higher is better,8,73336.375,-9490.375,-12.94,Worse,Raleigh,84377,Dallas,61807
Dallas,"Dallas County, TX",Median Household Income,Social & economic,2021,2019,61807,USD,Higher is better,8,73336.375,-9490.375,-12.94,Worse,Raleigh,84377,Dallas,61807
Nashville,"Davidson County, TN",Median Household Income,Social & economic,2021,2019,63846,USD,Higher is better,8,73336.375,-9490.375,-12.94,Worse,Raleigh,84377,Dallas,61807
Austin,"Travis County, TX",High School Completion,Social & economic,2021,2015-2019,89.332408099,%,Higher is better,5,88.376076,0.694929,0.79,Better,Raleigh,92.996241551,Dallas,79.342630771
Raleigh,"Wake County, NC",High School Completion,Social & economic,2021,2015-2019,92.996241551,%,Higher is better,5,88.376076,0.694929,0.79,Better,Raleigh,92.996241551,Dallas,79.342630771
Durham,"Durham County, NC",High School Completion,Social & economic,2021,2015-2019,88.358462479,%,Higher is better,5,88.376076,0.694929,0.79,Better,Raleigh,92.996241551,Dallas,79.342630771
Charlotte,"Mecklenburg County, NC",High School Completion,Social & economic,2021,2015-2019,90.279530934,%,Higher is better,5,88.376076,0.694929,0.79,Better,Raleigh,92.996241551,Dallas,79.342630771
Denver,"Denver County, CO",High School Completion,Social & economic,2021,2015-2019,88.021261288,%,Higher is better,5,88.376076,0.694929,0.79,Better,Raleigh,92.996241551,Dallas,79.342630771
Atlanta,"Fulton County, GA",High School Completion,Social & economic,2021,2015-2019,92.566146099,%,Higher is better,5,88.376076,0.694929,0.79,Better,Raleigh,92.996241551,Dallas,79.342630771
Fort Worth,"Tarrant County, TX",High School Completion,Social & economic,2021,2015-2019,86.111922874,%,Higher is better,5,88.376076,0.694929,0.79,Better,Raleigh,92.996241551,Dallas,79.342630771
Dallas,"Dallas County, TX",High School Completion,Social & economic,2021,2015-2019,79.342630771,%,Higher is better,5,88.376076,0.694929,0.79,Better,Raleigh,92.996241551,Dallas,79.342630771
Nashville,"Davidson County, TN",High School Completion,Social & economic,2021,2015-2019,89.071004844,%,Higher is better,5,88.376076,0.694929,0.79,Better,Raleigh,92.996241551,Dallas,79.342630771
Austin,"Travis County, TX",Income Inequality,Social & economic,2021,2015-2019,4.7403406987,80th/20th percentile income ratio,Lower is better,3,4.732356,-0.368483,-7.79,Better,Raleigh,4.1930562,Atlanta,5.9484575153
Raleigh,"Wake County, NC",Income Inequality,Social & economic,2021,2015-2019,4.1930562,80th/20th percentile income ratio,Lower is better,3,4.732356,-0.368483,-7.79,Better,Raleigh,4.1930562,Atlanta,5.9484575153
Durham,"Durham County, NC",Income Inequality,Social & economic,2021,2015-2019,4.7042692077,80th/20th percentile income ratio,Lower is better,3,4.732356,-0.368483,-7.79,Better,Raleigh,4.1930562,Atlanta,5.9484575153
Charlotte,"Mecklenburg County, NC",Income Inequality,Social & economic,2021,2015-2019,4.4799590259,80th/20th percentile income ratio,Lower is better,3,4.732356,-0.368483,-7.79,Better,Raleigh,4.1930562,Atlanta,5.9484575153
Denver,"Denver County, CO",Income Inequality,Social & economic,2021,2015-2019,5.023203089,80th/20th percentile income ratio,Lower is better,3,4.732356,-0.368483,-7.79,Better,Raleigh,4.1930562,Atlanta,5.9484575153
Atlanta,"Fulton County, GA",Income Inequality,Social & economic,2021,2015-2019,5.9484575153,80th/20th percentile income ratio,Lower is better,3,4.732356,-0.368483,-7.79,Better,Raleigh,4.1930562,Atlanta,5.9484575153
Fort Worth,"Tarrant County, TX",Income Inequality,Social & economic,2021,2015-2019,4.2769280939,80th/20th percentile income ratio,Lower is better,3,4.732356,-0.368483,-7.79,Better,Raleigh,4.1930562,Atlanta,5.9484575153
Dallas,"Dallas County, TX",Income Inequality,Social & economic,2021,2015-2019,4.4926329276,80th/20th percentile income ratio,Lower is better,3,4.732356,-0.368483,-7.79,Better,Raleigh,4.1930562,Atlanta,5.9484575153
Nashville,"Davidson County, TN",Income Inequality,Social & economic,2021,2015-2019,4.3638725963,80th/20th percentile income ratio,Lower is better,3,4.732356,-0.368483,-7.79,Better,Raleigh,4.1930562,Atlanta,5.9484575153
Austin,"Travis County, TX",Severe Housing Problems,Physical environment,2021,2013-2017,19.278979355,%,Lower is better,4,17.498468,-0.805293,-4.60,Better,Raleigh,13.222242584,Dallas,21.284402657
Raleigh,"Wake County, NC",Severe Housing Problems,Physical environment,2021,2013-2017,13.222242584,%,Lower is better,4,17.498468,-0.805293,-4.60,Better,Raleigh,13.222242584,Dallas,21.284402657
Durham,"Durham County, NC",Severe Housing Problems,Physical environment,2021,2013-2017,16.682515401,%,Lower is better,4,17.498468,-0.805293,-4.60,Better,Raleigh,13.222242584,Dallas,21.284402657
Charlotte,"Mecklenburg County, NC",Severe Housing Problems,Physical environment,2021,2013-2017,15.897396999,%,Lower is better,4,17.498468,-0.805293,-4.60,Better,Raleigh,13.222242584,Dallas,21.284402657
Denver,"Denver County, CO",Severe Housing Problems,Physical environment,2021,2013-2017,18.693866184,%,Lower is better,4,17.498468,-0.805293,-4.60,Better,Raleigh,13.222242584,Dallas,21.284402657
Atlanta,"Fulton County, GA",Severe Housing Problems,Physical environment,2021,2013-2017,18.114074263,%,Lower is better,4,17.498468,-0.805293,-4.60,Better,Raleigh,13.222242584,Dallas,21.284402657
Fort Worth,"Tarrant County, TX",Severe Housing Problems,Physical environment,2021,2013-2017,16.814268321,%,Lower is better,4,17.498468,-0.805293,-4.60,Better,Raleigh,13.222242584,Dallas,21.284402657
Dallas,"Dallas County, TX",Severe Housing Problems,Physical environment,2021,2013-2017,21.284402657,%,Lower is better,4,17.498468,-0.805293,-4.60,Better,Raleigh,13.222242584,Dallas,21.284402657
Nashville,"Davidson County, TN",Severe Housing Problems,Physical environment,2021,2013-2017,16.693175378,%,Lower is better,4,17.498468,-0.805293,-4.60,Better,Raleigh,13.222242584,Dallas,21.284402657
Austin,"Travis County, TX",Air Pollution – Particulate Matter,Physical environment,2021,2016,9.2,µg/m³ PM2.5,Lower is better,3,9.425,-0.525,-5.57,Better,Fort Worth,8.5,Atlanta,10.6
Raleigh,"Wake County, NC",Air Pollution – Particulate Matter,Physical environment,2021,2016,10.1,µg/m³ PM2.5,Lower is better,3,9.425,-0.525,-5.57,Better,Fort Worth,8.5,Atlanta,10.6
Durham,"Durham County, NC",Air Pollution – Particulate Matter,Physical environment,2021,2016,9.5,µg/m³ PM2.5,Lower is better,3,9.425,-0.525,-5.57,Better,Fort Worth,8.5,Atlanta,10.6
Charlotte,"Mecklenburg County, NC",Air Pollution – Particulate Matter,Physical environment,2021,2016,9.2,µg/m³ PM2.5,Lower is better,3,9.425,-0.525,-5.57,Better,Fort Worth,8.5,Atlanta,10.6
Denver,"Denver County, CO",Air Pollution – Particulate Matter,Physical environment,2021,2016,9.5,µg/m³ PM2.5,Lower is better,3,9.425,-0.525,-5.57,Better,Fort Worth,8.5,Atlanta,10.6
Atlanta,"Fulton County, GA",Air Pollution – Particulate Matter,Physical environment,2021,2016,10.6,µg/m³ PM2.5,Lower is better,3,9.425,-0.525,-5.57,Better,Fort Worth,8.5,Atlanta,10.6
Fort Worth,"Tarrant County, TX",Air Pollution – Particulate Matter,Physical environment,2021,2016,8.5,µg/m³ PM2.5,Lower is better,3,9.425,-0.525,-5.57,Better,Fort Worth,8.5,Atlanta,10.6
Dallas,"Dallas County, TX",Air Pollution – Particulate Matter,Physical environment,2021,2016,8.8,µg/m³ PM2.5,Lower is better,3,9.425,-0.525,-5.57,Better,Fort Worth,8.5,Atlanta,10.6
Nashville,"Davidson County, TN",Air Pollution – Particulate Matter,Physical environment,2021,2016,8.9,µg/m³ PM2.5,Lower is better,3,9.425,-0.525,-5.57,Better,Fort Worth,8.5,Atlanta,10.6
Austin,"Travis County, TX",Suicide Rate,Health outcomes / well-being,2021,2015-2019,12.501082635,"deaths per 100,000 population",Lower is better,8,11.57385,1.86996,16.16,Worse,Durham,8.14725383,Denver,18.262972154
Raleigh,"Wake County, NC",Suicide Rate,Health outcomes / well-being,2021,2015-2019,9.3948137756,"deaths per 100,000 population",Lower is better,8,11.57385,1.86996,16.16,Worse,Durham,8.14725383,Denver,18.262972154
Durham,"Durham County, NC",Suicide Rate,Health outcomes / well-being,2021,2015-2019,8.14725383,"deaths per 100,000 population",Lower is better,8,11.57385,1.86996,16.16,Worse,Durham,8.14725383,Denver,18.262972154
Charlotte,"Mecklenburg County, NC",Suicide Rate,Health outcomes / well-being,2021,2015-2019,9.7871439543,"deaths per 100,000 population",Lower is better,8,11.57385,1.86996,16.16,Worse,Durham,8.14725383,Denver,18.262972154
Denver,"Denver County, CO",Suicide Rate,Health outcomes / well-being,2021,2015-2019,18.262972154,"deaths per 100,000 population",Lower is better,8,11.57385,1.86996,16.16,Worse,Durham,8.14725383,Denver,18.262972154
Atlanta,"Fulton County, GA",Suicide Rate,Health outcomes / well-being,2021,2015-2019,10.551297122,"deaths per 100,000 population",Lower is better,8,11.57385,1.86996,16.16,Worse,Durham,8.14725383,Denver,18.262972154
Fort Worth,"Tarrant County, TX",Suicide Rate,Health outcomes / well-being,2021,2015-2019,12.811285989,"deaths per 100,000 population",Lower is better,8,11.57385,1.86996,16.16,Worse,Durham,8.14725383,Denver,18.262972154
Dallas,"Dallas County, TX",Suicide Rate,Health outcomes / well-being,2021,2015-2019,11.134950523,"deaths per 100,000 population",Lower is better,8,11.57385,1.86996,16.16,Worse,Durham,8.14725383,Denver,18.262972154
Nashville,"Davidson County, TN",Suicide Rate,Health outcomes / well-being,2021,2015-2019,13.443810436,"deaths per 100,000 population",Lower is better,8,11.57385,1.86996,16.16,Worse,Durham,8.14725383,Denver,18.262972154
Austin,"Travis County, TX",Teen Birth Rate,Health behaviors,2021,2013-2019,23.767521313,"births per 1,000 females ages 15–19",Lower is better,8,22.904758,4.751742,20.75,Worse,Raleigh,11.790841421,Dallas,35.679105828
Raleigh,"Wake County, NC",Teen Birth Rate,Health behaviors,2021,2013-2019,11.790841421,"births per 1,000 females ages 15–19",Lower is better,8,22.904758,4.751742,20.75,Worse,Raleigh,11.790841421,Dallas,35.679105828
Durham,"Durham County, NC",Teen Birth Rate,Health behaviors,2021,2013-2019,20.339629282,"births per 1,000 females ages 15–19",Lower is better,8,22.904758,4.751742,20.75,Worse,Raleigh,11.790841421,Dallas,35.679105828
Charlotte,"Mecklenburg County, NC",Teen Birth Rate,Health behaviors,2021,2013-2019,19.580365802,"births per 1,000 females ages 15–19",Lower is better,8,22.904758,4.751742,20.75,Worse,Raleigh,11.790841421,Dallas,35.679105828
Denver,"Denver County, CO",Teen Birth Rate,Health behaviors,2021,2013-2019,27.34506332,"births per 1,000 females ages 15–19",Lower is better,8,22.904758,4.751742,20.75,Worse,Raleigh,11.790841421,Dallas,35.679105828
Atlanta,"Fulton County, GA",Teen Birth Rate,Health behaviors,2021,2013-2019,18.92522778,"births per 1,000 females ages 15–19",Lower is better,8,22.904758,4.751742,20.75,Worse,Raleigh,11.790841421,Dallas,35.679105828
Fort Worth,"Tarrant County, TX",Teen Birth Rate,Health behaviors,2021,2013-2019,25.810307049,"births per 1,000 females ages 15–19",Lower is better,8,22.904758,4.751742,20.75,Worse,Raleigh,11.790841421,Dallas,35.679105828
Dallas,"Dallas County, TX",Teen Birth Rate,Health behaviors,2021,2013-2019,35.679105828,"births per 1,000 females ages 15–19",Lower is better,8,22.904758,4.751742,20.75,Worse,Raleigh,11.790841421,Dallas,35.679105828
Nashville,"Davidson County, TN",Teen Birth Rate,Health behaviors,2021,2013-2019,27.656499353,"births per 1,000 females ages 15–19",Lower is better,8,22.904758,4.751742,20.75,Worse,Raleigh,11.790841421,Dallas,35.679105828
Austin,"Travis County, TX",Injury Deaths,Health outcomes / well-being,2021,2015-2019,56.20971202,"deaths per 100,000 population",Lower is better,9,58.771643,39.622178,67.42,Worse,Raleigh,45.612162346,Nashville,98.393821124
Raleigh,"Wake County, NC",Injury Deaths,Health outcomes / well-being,2021,2015-2019,45.612162346,"deaths per 100,000 population",Lower is better,9,58.771643,39.622178,67.42,Worse,Raleigh,45.612162346,Nashville,98.393821124
Durham,"Durham County, NC",Injury Deaths,Health outcomes / well-being,2021,2015-2019,63.132975516,"deaths per 100,000 population",Lower is better,9,58.771643,39.622178,67.42,Worse,Raleigh,45.612162346,Nashville,98.393821124
Charlotte,"Mecklenburg County, NC",Injury Deaths,Health outcomes / well-being,2021,2015-2019,55.605224507,"deaths per 100,000 population",Lower is better,9,58.771643,39.622178,67.42,Worse,Raleigh,45.612162346,Nashville,98.393821124
Denver,"Denver County, CO",Injury Deaths,Health outcomes / well-being,2021,2015-2019,78.491933294,"deaths per 100,000 population",Lower is better,9,58.771643,39.622178,67.42,Worse,Raleigh,45.612162346,Nashville,98.393821124
Atlanta,"Fulton County, GA",Injury Deaths,Health outcomes / well-being,2021,2015-2019,64.343045748,"deaths per 100,000 population",Lower is better,9,58.771643,39.622178,67.42,Worse,Raleigh,45.612162346,Nashville,98.393821124
Fort Worth,"Tarrant County, TX",Injury Deaths,Health outcomes / well-being,2021,2015-2019,49.749587235,"deaths per 100,000 population",Lower is better,9,58.771643,39.622178,67.42,Worse,Raleigh,45.612162346,Nashville,98.393821124
Dallas,"Dallas County, TX",Injury Deaths,Health outcomes / well-being,2021,2015-2019,57.028503883,"deaths per 100,000 population",Lower is better,9,58.771643,39.622178,67.42,Worse,Raleigh,45.612162346,Nashville,98.393821124
Nashville,"Davidson County, TN",Injury Deaths,Health outcomes / well-being,2021,2015-2019,98.393821124,"deaths per 100,000 population",Lower is better,9,58.771643,39.622178,67.42,Worse,Raleigh,45.612162346,Nashville,98.393821124
Austin,"Travis County, TX",Broadband Access,Physical environment,2021,2015-2019,88.213463855,%,Higher is better,8,86.860603,-1.759351,-2.03,Worse,Raleigh,91.373709305,Dallas,81.096278199
Raleigh,"Wake County, NC",Broadband Access,Physical environment,2021,2015-2019,91.373709305,%,Higher is better,8,86.860603,-1.759351,-2.03,Worse,Raleigh,91.373709305,Dallas,81.096278199
Durham,"Durham County, NC",Broadband Access,Physical environment,2021,2015-2019,87.018967393,%,Higher is better,8,86.860603,-1.759351,-2.03,Worse,Raleigh,91.373709305,Dallas,81.096278199
Charlotte,"Mecklenburg County, NC",Broadband Access,Physical environment,2021,2015-2019,88.15121492,%,Higher is better,8,86.860603,-1.759351,-2.03,Worse,Raleigh,91.373709305,Dallas,81.096278199
Denver,"Denver County, CO",Broadband Access,Physical environment,2021,2015-2019,86.602366161,%,Higher is better,8,86.860603,-1.759351,-2.03,Worse,Raleigh,91.373709305,Dallas,81.096278199
Atlanta,"Fulton County, GA",Broadband Access,Physical environment,2021,2015-2019,85.563695881,%,Higher is better,8,86.860603,-1.759351,-2.03,Worse,Raleigh,91.373709305,Dallas,81.096278199
Fort Worth,"Tarrant County, TX",Broadband Access,Physical environment,2021,2015-2019,86.865127102,%,Higher is better,8,86.860603,-1.759351,-2.03,Worse,Raleigh,91.373709305,Dallas,81.096278199
Dallas,"Dallas County, TX",Broadband Access,Physical environment,2021,2015-2019,81.096278199,%,Higher is better,8,86.860603,-1.759351,-2.03,Worse,Raleigh,91.373709305,Dallas,81.096278199
Nashville,"Davidson County, TN",Broadband Access,Physical environment,2021,2015-2019,85.101251567,%,Higher is better,8,86.860603,-1.759351,-2.03,Worse,Raleigh,91.373709305,Dallas,81.096278199
Austin,"Travis County, TX",Severe Housing Cost Burden,Physical environment,2021,2015-2019,15.33307312,%,Lower is better,5,14.246321,-0.098624,-0.69,Better,Raleigh,10.519357262,Atlanta,16.30896887
Raleigh,"Wake County, NC",Severe Housing Cost Burden,Physical environment,2021,2015-2019,10.519357262,%,Lower is better,5,14.246321,-0.098624,-0.69,Better,Raleigh,10.519357262,Atlanta,16.30896887
Durham,"Durham County, NC",Severe Housing Cost Burden,Physical environment,2021,2015-2019,14.03153373,%,Lower is better,5,14.246321,-0.098624,-0.69,Better,Raleigh,10.519357262,Atlanta,16.30896887
Charlotte,"Mecklenburg County, NC",Severe Housing Cost Burden,Physical environment,2021,2015-2019,13.643031663,%,Lower is better,5,14.246321,-0.098624,-0.69,Better,Raleigh,10.519357262,Atlanta,16.30896887
Denver,"Denver County, CO",Severe Housing Cost Burden,Physical environment,2021,2015-2019,15.984467654,%,Lower is better,5,14.246321,-0.098624,-0.69,Better,Raleigh,10.519357262,Atlanta,16.30896887
Atlanta,"Fulton County, GA",Severe Housing Cost Burden,Physical environment,2021,2015-2019,16.30896887,%,Lower is better,5,14.246321,-0.098624,-0.69,Better,Raleigh,10.519357262,Atlanta,16.30896887
Fort Worth,"Tarrant County, TX",Severe Housing Cost Burden,Physical environment,2021,2015-2019,12.89951733,%,Lower is better,5,14.246321,-0.098624,-0.69,Better,Raleigh,10.519357262,Atlanta,16.30896887
Dallas,"Dallas County, TX",Severe Housing Cost Burden,Physical environment,2021,2015-2019,15.250618017,%,Lower is better,5,14.246321,-0.098624,-0.69,Better,Raleigh,10.519357262,Atlanta,16.30896887
Nashville,"Davidson County, TN",Severe Housing Cost Burden,Physical environment,2021,2015-2019,14.147697339,%,Lower is better,5,14.246321,-0.098624,-0.69,Better,Raleigh,10.519357262,Atlanta,16.30896887
Austin,"Travis County, TX",Life Expectancy,Health outcomes / well-being,2022,2018-2020,81.382475673,years,Higher is better,9,79.727125,-3.407014,-4.27,Worse,Raleigh,81.639840231,Nashville,76.320111921
Raleigh,"Wake County, NC",Life Expectancy,Health outcomes / well-being,2022,2018-2020,81.639840231,years,Higher is better,9,79.727125,-3.407014,-4.27,Worse,Raleigh,81.639840231,Nashville,76.320111921
Durham,"Durham County, NC",Life Expectancy,Health outcomes / well-being,2022,2018-2020,79.962184498,years,Higher is better,9,79.727125,-3.407014,-4.27,Worse,Raleigh,81.639840231,Nashville,76.320111921
Charlotte,"Mecklenburg County, NC",Life Expectancy,Health outcomes / well-being,2022,2018-2020,79.989319305,years,Higher is better,9,79.727125,-3.407014,-4.27,Worse,Raleigh,81.639840231,Nashville,76.320111921
Denver,"Denver County, CO",Life Expectancy,Health outcomes / well-being,2022,2018-2020,78.852156724,years,Higher is better,9,79.727125,-3.407014,-4.27,Worse,Raleigh,81.639840231,Nashville,76.320111921
Atlanta,"Fulton County, GA",Life Expectancy,Health outcomes / well-being,2022,2018-2020,79.034859281,years,Higher is better,9,79.727125,-3.407014,-4.27,Worse,Raleigh,81.639840231,Nashville,76.320111921
Fort Worth,"Tarrant County, TX",Life Expectancy,Health outcomes / well-being,2022,2018-2020,78.62667047,years,Higher is better,9,79.727125,-3.407014,-4.27,Worse,Raleigh,81.639840231,Nashville,76.320111921
Dallas,"Dallas County, TX",Life Expectancy,Health outcomes / well-being,2022,2018-2020,78.329497663,years,Higher is better,9,79.727125,-3.407014,-4.27,Worse,Raleigh,81.639840231,Nashville,76.320111921
Nashville,"Davidson County, TN",Life Expectancy,Health outcomes / well-being,2022,2018-2020,76.320111921,years,Higher is better,9,79.727125,-3.407014,-4.27,Worse,Raleigh,81.639840231,Nashville,76.320111921
Austin,"Travis County, TX",Infant Mortality,Health outcomes / well-being,2022,2014-2020,4.0891632738,"deaths per 1,000 live births",Lower is better,8,5.761759,1.253393,21.75,Worse,Austin,4.0891632738,Atlanta,7.0476904751
Raleigh,"Wake County, NC",Infant Mortality,Health outcomes / well-being,2022,2014-2020,5.4616298303,"deaths per 1,000 live births",Lower is better,8,5.761759,1.253393,21.75,Worse,Austin,4.0891632738,Atlanta,7.0476904751
Durham,"Durham County, NC",Infant Mortality,Health outcomes / well-being,2022,2014-2020,6.3753796856,"deaths per 1,000 live births",Lower is better,8,5.761759,1.253393,21.75,Worse,Austin,4.0891632738,Atlanta,7.0476904751
Charlotte,"Mecklenburg County, NC",Infant Mortality,Health outcomes / well-being,2022,2014-2020,5.8277552927,"deaths per 1,000 live births",Lower is better,8,5.761759,1.253393,21.75,Worse,Austin,4.0891632738,Atlanta,7.0476904751
Denver,"Denver County, CO",Infant Mortality,Health outcomes / well-being,2022,2014-2020,4.733281064,"deaths per 1,000 live births",Lower is better,8,5.761759,1.253393,21.75,Worse,Austin,4.0891632738,Atlanta,7.0476904751
Atlanta,"Fulton County, GA",Infant Mortality,Health outcomes / well-being,2022,2014-2020,7.0476904751,"deaths per 1,000 live births",Lower is better,8,5.761759,1.253393,21.75,Worse,Austin,4.0891632738,Atlanta,7.0476904751
Fort Worth,"Tarrant County, TX",Infant Mortality,Health outcomes / well-being,2022,2014-2020,6.1974459625,"deaths per 1,000 live births",Lower is better,8,5.761759,1.253393,21.75,Worse,Austin,4.0891632738,Atlanta,7.0476904751
Dallas,"Dallas County, TX",Infant Mortality,Health outcomes / well-being,2022,2014-2020,6.3617250733,"deaths per 1,000 live births",Lower is better,8,5.761759,1.253393,21.75,Worse,Austin,4.0891632738,Atlanta,7.0476904751
Nashville,"Davidson County, TN",Infant Mortality,Health outcomes / well-being,2022,2014-2020,7.0151521606,"deaths per 1,000 live births",Lower is better,8,5.761759,1.253393,21.75,Worse,Austin,4.0891632738,Atlanta,7.0476904751
Austin,"Travis County, TX",Poor or Fair Health,Health outcomes / well-being,2022,2019,16.9,%,Lower is better,7,17.825,2.375,13.32,Worse,Raleigh,14,Dallas,23.9
Raleigh,"Wake County, NC",Poor or Fair Health,Health outcomes / well-being,2022,2019,14,%,Lower is better,7,17.825,2.375,13.32,Worse,Raleigh,14,Dallas,23.9
Durham,"Durham County, NC",Poor or Fair Health,Health outcomes / well-being,2022,2019,17.7,%,Lower is better,7,17.825,2.375,13.32,Worse,Raleigh,14,Dallas,23.9
Charlotte,"Mecklenburg County, NC",Poor or Fair Health,Health outcomes / well-being,2022,2019,16.6,%,Lower is better,7,17.825,2.375,13.32,Worse,Raleigh,14,Dallas,23.9
Denver,"Denver County, CO",Poor or Fair Health,Health outcomes / well-being,2022,2019,15.7,%,Lower is better,7,17.825,2.375,13.32,Worse,Raleigh,14,Dallas,23.9
Atlanta,"Fulton County, GA",Poor or Fair Health,Health outcomes / well-being,2022,2019,17.4,%,Lower is better,7,17.825,2.375,13.32,Worse,Raleigh,14,Dallas,23.9
Fort Worth,"Tarrant County, TX",Poor or Fair Health,Health outcomes / well-being,2022,2019,20.4,%,Lower is better,7,17.825,2.375,13.32,Worse,Raleigh,14,Dallas,23.9
Dallas,"Dallas County, TX",Poor or Fair Health,Health outcomes / well-being,2022,2019,23.9,%,Lower is better,7,17.825,2.375,13.32,Worse,Raleigh,14,Dallas,23.9
Nashville,"Davidson County, TN",Poor or Fair Health,Health outcomes / well-being,2022,2019,20.2,%,Lower is better,7,17.825,2.375,13.32,Worse,Raleigh,14,Dallas,23.9
Austin,"Travis County, TX",Poor Physical Health Days,Health outcomes / well-being,2022,2019,3.3734768342,days per month,Lower is better,9,3.548945,0.731642,20.62,Worse,Raleigh,3.1199482988,Nashville,4.280587299
Raleigh,"Wake County, NC",Poor Physical Health Days,Health outcomes / well-being,2022,2019,3.1199482988,days per month,Lower is better,9,3.548945,0.731642,20.62,Worse,Raleigh,3.1199482988,Nashville,4.280587299
Durham,"Durham County, NC",Poor Physical Health Days,Health outcomes / well-being,2022,2019,3.5130674544,days per month,Lower is better,9,3.548945,0.731642,20.62,Worse,Raleigh,3.1199482988,Nashville,4.280587299
Charlotte,"Mecklenburg County, NC",Poor Physical Health Days,Health outcomes / well-being,2022,2019,3.4120669175,days per month,Lower is better,9,3.548945,0.731642,20.62,Worse,Raleigh,3.1199482988,Nashville,4.280587299
Denver,"Denver County, CO",Poor Physical Health Days,Health outcomes / well-being,2022,2019,3.328681542,days per month,Lower is better,9,3.548945,0.731642,20.62,Worse,Raleigh,3.1199482988,Nashville,4.280587299
Atlanta,"Fulton County, GA",Poor Physical Health Days,Health outcomes / well-being,2022,2019,3.7229126052,days per month,Lower is better,9,3.548945,0.731642,20.62,Worse,Raleigh,3.1199482988,Nashville,4.280587299
Fort Worth,"Tarrant County, TX",Poor Physical Health Days,Health outcomes / well-being,2022,2019,3.8214813364,days per month,Lower is better,9,3.548945,0.731642,20.62,Worse,Raleigh,3.1199482988,Nashville,4.280587299
Dallas,"Dallas County, TX",Poor Physical Health Days,Health outcomes / well-being,2022,2019,4.0999246723,days per month,Lower is better,9,3.548945,0.731642,20.62,Worse,Raleigh,3.1199482988,Nashville,4.280587299
Nashville,"Davidson County, TN",Poor Physical Health Days,Health outcomes / well-being,2022,2019,4.280587299,days per month,Lower is better,9,3.548945,0.731642,20.62,Worse,Raleigh,3.1199482988,Nashville,4.280587299
Austin,"Travis County, TX",Poor Mental Health Days,Health outcomes / well-being,2022,2019,3.8260840093,days per month,Lower is better,9,4.052033,0.826183,20.39,Worse,Denver,3.7889619622,Nashville,4.8782157719
Raleigh,"Wake County, NC",Poor Mental Health Days,Health outcomes / well-being,2022,2019,3.8171227604,days per month,Lower is better,9,4.052033,0.826183,20.39,Worse,Denver,3.7889619622,Nashville,4.8782157719
Durham,"Durham County, NC",Poor Mental Health Days,Health outcomes / well-being,2022,2019,4.0257970115,days per month,Lower is better,9,4.052033,0.826183,20.39,Worse,Denver,3.7889619622,Nashville,4.8782157719
Charlotte,"Mecklenburg County, NC",Poor Mental Health Days,Health outcomes / well-being,2022,2019,3.9835538448,days per month,Lower is better,9,4.052033,0.826183,20.39,Worse,Denver,3.7889619622,Nashville,4.8782157719
Denver,"Denver County, CO",Poor Mental Health Days,Health outcomes / well-being,2022,2019,3.7889619622,days per month,Lower is better,9,4.052033,0.826183,20.39,Worse,Denver,3.7889619622,Nashville,4.8782157719
Atlanta,"Fulton County, GA",Poor Mental Health Days,Health outcomes / well-being,2022,2019,4.4722732044,days per month,Lower is better,9,4.052033,0.826183,20.39,Worse,Denver,3.7889619622,Nashville,4.8782157719
Fort Worth,"Tarrant County, TX",Poor Mental Health Days,Health outcomes / well-being,2022,2019,4.2382079352,days per month,Lower is better,9,4.052033,0.826183,20.39,Worse,Denver,3.7889619622,Nashville,4.8782157719
Dallas,"Dallas County, TX",Poor Mental Health Days,Health outcomes / well-being,2022,2019,4.2642651467,days per month,Lower is better,9,4.052033,0.826183,20.39,Worse,Denver,3.7889619622,Nashville,4.8782157719
Nashville,"Davidson County, TN",Poor Mental Health Days,Health outcomes / well-being,2022,2019,4.8782157719,days per month,Lower is better,9,4.052033,0.826183,20.39,Worse,Denver,3.7889619622,Nashville,4.8782157719
Austin,"Travis County, TX",Adult Obesity,Health outcomes / well-being,2022,2019,25.2,%,Lower is better,7,29.8875,3.7125,12.42,Worse,Denver,22.2,Fort Worth,37.7
Raleigh,"Wake County, NC",Adult Obesity,Health outcomes / well-being,2022,2019,28.4,%,Lower is better,7,29.8875,3.7125,12.42,Worse,Denver,22.2,Fort Worth,37.7
Durham,"Durham County, NC",Adult Obesity,Health outcomes / well-being,2022,2019,34.4,%,Lower is better,7,29.8875,3.7125,12.42,Worse,Denver,22.2,Fort Worth,37.7
Charlotte,"Mecklenburg County, NC",Adult Obesity,Health outcomes / well-being,2022,2019,28.7,%,Lower is better,7,29.8875,3.7125,12.42,Worse,Denver,22.2,Fort Worth,37.7
Denver,"Denver County, CO",Adult Obesity,Health outcomes / well-being,2022,2019,22.2,%,Lower is better,7,29.8875,3.7125,12.42,Worse,Denver,22.2,Fort Worth,37.7
Atlanta,"Fulton County, GA",Adult Obesity,Health outcomes / well-being,2022,2019,29.4,%,Lower is better,7,29.8875,3.7125,12.42,Worse,Denver,22.2,Fort Worth,37.7
Fort Worth,"Tarrant County, TX",Adult Obesity,Health outcomes / well-being,2022,2019,37.7,%,Lower is better,7,29.8875,3.7125,12.42,Worse,Denver,22.2,Fort Worth,37.7
Dallas,"Dallas County, TX",Adult Obesity,Health outcomes / well-being,2022,2019,33.1,%,Lower is better,7,29.8875,3.7125,12.42,Worse,Denver,22.2,Fort Worth,37.7
Nashville,"Davidson County, TN",Adult Obesity,Health outcomes / well-being,2022,2019,33.6,%,Lower is better,7,29.8875,3.7125,12.42,Worse,Denver,22.2,Fort Worth,37.7
Austin,"Travis County, TX",Diabetes Prevalence,Health outcomes / well-being,2022,2019,10,%,Lower is better,8,10.5375,1.3625,12.93,Worse,Denver,8,Dallas,13.7
Raleigh,"Wake County, NC",Diabetes Prevalence,Health outcomes / well-being,2022,2019,8.8,%,Lower is better,8,10.5375,1.3625,12.93,Worse,Denver,8,Dallas,13.7
Durham,"Durham County, NC",Diabetes Prevalence,Health outcomes / well-being,2022,2019,10.8,%,Lower is better,8,10.5375,1.3625,12.93,Worse,Denver,8,Dallas,13.7
Charlotte,"Mecklenburg County, NC",Diabetes Prevalence,Health outcomes / well-being,2022,2019,10.3,%,Lower is better,8,10.5375,1.3625,12.93,Worse,Denver,8,Dallas,13.7
Denver,"Denver County, CO",Diabetes Prevalence,Health outcomes / well-being,2022,2019,8,%,Lower is better,8,10.5375,1.3625,12.93,Worse,Denver,8,Dallas,13.7
Atlanta,"Fulton County, GA",Diabetes Prevalence,Health outcomes / well-being,2022,2019,11,%,Lower is better,8,10.5375,1.3625,12.93,Worse,Denver,8,Dallas,13.7
Fort Worth,"Tarrant County, TX",Diabetes Prevalence,Health outcomes / well-being,2022,2019,11.7,%,Lower is better,8,10.5375,1.3625,12.93,Worse,Denver,8,Dallas,13.7
Dallas,"Dallas County, TX",Diabetes Prevalence,Health outcomes / well-being,2022,2019,13.7,%,Lower is better,8,10.5375,1.3625,12.93,Worse,Denver,8,Dallas,13.7
Nashville,"Davidson County, TN",Diabetes Prevalence,Health outcomes / well-being,2022,2019,11.9,%,Lower is better,8,10.5375,1.3625,12.93,Worse,Denver,8,Dallas,13.7
Austin,"Travis County, TX",Adult Smoking,Health behaviors,2022,2019,12,%,Lower is better,8,13.975,2.925,20.93,Worse,Austin,12,Nashville,16.9
Raleigh,"Wake County, NC",Adult Smoking,Health behaviors,2022,2019,12.6,%,Lower is better,8,13.975,2.925,20.93,Worse,Austin,12,Nashville,16.9
Durham,"Durham County, NC",Adult Smoking,Health behaviors,2022,2019,15.2,%,Lower is better,8,13.975,2.925,20.93,Worse,Austin,12,Nashville,16.9
Charlotte,"Mecklenburg County, NC",Adult Smoking,Health behaviors,2022,2019,14.9,%,Lower is better,8,13.975,2.925,20.93,Worse,Austin,12,Nashville,16.9
Denver,"Denver County, CO",Adult Smoking,Health behaviors,2022,2019,13.2,%,Lower is better,8,13.975,2.925,20.93,Worse,Austin,12,Nashville,16.9
Atlanta,"Fulton County, GA",Adult Smoking,Health behaviors,2022,2019,13.9,%,Lower is better,8,13.975,2.925,20.93,Worse,Austin,12,Nashville,16.9
Fort Worth,"Tarrant County, TX",Adult Smoking,Health behaviors,2022,2019,14.8,%,Lower is better,8,13.975,2.925,20.93,Worse,Austin,12,Nashville,16.9
Dallas,"Dallas County, TX",Adult Smoking,Health behaviors,2022,2019,15.2,%,Lower is better,8,13.975,2.925,20.93,Worse,Austin,12,Nashville,16.9
Nashville,"Davidson County, TN",Adult Smoking,Health behaviors,2022,2019,16.9,%,Lower is better,8,13.975,2.925,20.93,Worse,Austin,12,Nashville,16.9
Austin,"Travis County, TX",Physical Inactivity,Health behaviors,2022,2019,21.5,%,Lower is better,7,24.3125,2.5875,10.64,Worse,Denver,19.2,Dallas,32
Raleigh,"Wake County, NC",Physical Inactivity,Health behaviors,2022,2019,20.2,%,Lower is better,7,24.3125,2.5875,10.64,Worse,Denver,19.2,Dallas,32
Durham,"Durham County, NC",Physical Inactivity,Health behaviors,2022,2019,26.7,%,Lower is better,7,24.3125,2.5875,10.64,Worse,Denver,19.2,Dallas,32
Charlotte,"Mecklenburg County, NC",Physical Inactivity,Health behaviors,2022,2019,22.3,%,Lower is better,7,24.3125,2.5875,10.64,Worse,Denver,19.2,Dallas,32
Denver,"Denver County, CO",Physical Inactivity,Health behaviors,2022,2019,19.2,%,Lower is better,7,24.3125,2.5875,10.64,Worse,Denver,19.2,Dallas,32
Atlanta,"Fulton County, GA",Physical Inactivity,Health behaviors,2022,2019,23.8,%,Lower is better,7,24.3125,2.5875,10.64,Worse,Denver,19.2,Dallas,32
Fort Worth,"Tarrant County, TX",Physical Inactivity,Health behaviors,2022,2019,28.8,%,Lower is better,7,24.3125,2.5875,10.64,Worse,Denver,19.2,Dallas,32
Dallas,"Dallas County, TX",Physical Inactivity,Health behaviors,2022,2019,32,%,Lower is better,7,24.3125,2.5875,10.64,Worse,Denver,19.2,Dallas,32
Nashville,"Davidson County, TN",Physical Inactivity,Health behaviors,2022,2019,26.9,%,Lower is better,7,24.3125,2.5875,10.64,Worse,Denver,19.2,Dallas,32
Austin,"Travis County, TX",Excessive Drinking,Health behaviors,2022,2019,21.547810341,%,Lower is better,4,19.515268,-0.843084,-4.32,Better,Durham,16.365748563,Denver,23.769116301
Raleigh,"Wake County, NC",Excessive Drinking,Health behaviors,2022,2019,20.666489467,%,Lower is better,4,19.515268,-0.843084,-4.32,Better,Durham,16.365748563,Denver,23.769116301
Durham,"Durham County, NC",Excessive Drinking,Health behaviors,2022,2019,16.365748563,%,Lower is better,4,19.515268,-0.843084,-4.32,Better,Durham,16.365748563,Denver,23.769116301
Charlotte,"Mecklenburg County, NC",Excessive Drinking,Health behaviors,2022,2019,19.932570712,%,Lower is better,4,19.515268,-0.843084,-4.32,Better,Durham,16.365748563,Denver,23.769116301
Denver,"Denver County, CO",Excessive Drinking,Health behaviors,2022,2019,23.769116301,%,Lower is better,4,19.515268,-0.843084,-4.32,Better,Durham,16.365748563,Denver,23.769116301
Atlanta,"Fulton County, GA",Excessive Drinking,Health behaviors,2022,2019,17.180868418,%,Lower is better,4,19.515268,-0.843084,-4.32,Better,Durham,16.365748563,Denver,23.769116301
Fort Worth,"Tarrant County, TX",Excessive Drinking,Health behaviors,2022,2019,17.821902385,%,Lower is better,4,19.515268,-0.843084,-4.32,Better,Durham,16.365748563,Denver,23.769116301
Dallas,"Dallas County, TX",Excessive Drinking,Health behaviors,2022,2019,18.837633958,%,Lower is better,4,19.515268,-0.843084,-4.32,Better,Durham,16.365748563,Denver,23.769116301
Nashville,"Davidson County, TN",Excessive Drinking,Health behaviors,2022,2019,18.67218374,%,Lower is better,4,19.515268,-0.843084,-4.32,Better,Durham,16.365748563,Denver,23.769116301
Austin,"Travis County, TX",Insufficient Sleep,Health behaviors,2022,2018,31.929197618,%,Lower is better,9,33.97078,4.679477,13.78,Worse,Denver,30.276794009,Nashville,38.650257865
Raleigh,"Wake County, NC",Insufficient Sleep,Health behaviors,2022,2018,31.864850372,%,Lower is better,9,33.97078,4.679477,13.78,Worse,Denver,30.276794009,Nashville,38.650257865
Durham,"Durham County, NC",Insufficient Sleep,Health behaviors,2022,2018,36.678467961,%,Lower is better,9,33.97078,4.679477,13.78,Worse,Denver,30.276794009,Nashville,38.650257865
Charlotte,"Mecklenburg County, NC",Insufficient Sleep,Health behaviors,2022,2018,35.428052054,%,Lower is better,9,33.97078,4.679477,13.78,Worse,Denver,30.276794009,Nashville,38.650257865
Denver,"Denver County, CO",Insufficient Sleep,Health behaviors,2022,2018,30.276794009,%,Lower is better,9,33.97078,4.679477,13.78,Worse,Denver,30.276794009,Nashville,38.650257865
Atlanta,"Fulton County, GA",Insufficient Sleep,Health behaviors,2022,2018,35.636892514,%,Lower is better,9,33.97078,4.679477,13.78,Worse,Denver,30.276794009,Nashville,38.650257865
Fort Worth,"Tarrant County, TX",Insufficient Sleep,Health behaviors,2022,2018,33.025292914,%,Lower is better,9,33.97078,4.679477,13.78,Worse,Denver,30.276794009,Nashville,38.650257865
Dallas,"Dallas County, TX",Insufficient Sleep,Health behaviors,2022,2018,36.92669603,%,Lower is better,9,33.97078,4.679477,13.78,Worse,Denver,30.276794009,Nashville,38.650257865
Nashville,"Davidson County, TN",Insufficient Sleep,Health behaviors,2022,2018,38.650257865,%,Lower is better,9,33.97078,4.679477,13.78,Worse,Denver,30.276794009,Nashville,38.650257865
Austin,"Travis County, TX",Food Insecurity,Health behaviors,2022,2019,12.8,%,Lower is better,5,11.85,-0.35,-2.95,Better,Raleigh,10.1,Dallas,14
Raleigh,"Wake County, NC",Food Insecurity,Health behaviors,2022,2019,10.1,%,Lower is better,5,11.85,-0.35,-2.95,Better,Raleigh,10.1,Dallas,14
Durham,"Durham County, NC",Food Insecurity,Health behaviors,2022,2019,12.1,%,Lower is better,5,11.85,-0.35,-2.95,Better,Raleigh,10.1,Dallas,14
Charlotte,"Mecklenburg County, NC",Food Insecurity,Health behaviors,2022,2019,10.8,%,Lower is better,5,11.85,-0.35,-2.95,Better,Raleigh,10.1,Dallas,14
Denver,"Denver County, CO",Food Insecurity,Health behaviors,2022,2019,10.7,%,Lower is better,5,11.85,-0.35,-2.95,Better,Raleigh,10.1,Dallas,14
Atlanta,"Fulton County, GA",Food Insecurity,Health behaviors,2022,2019,11.3,%,Lower is better,5,11.85,-0.35,-2.95,Better,Raleigh,10.1,Dallas,14
Fort Worth,"Tarrant County, TX",Food Insecurity,Health behaviors,2022,2019,13,%,Lower is better,5,11.85,-0.35,-2.95,Better,Raleigh,10.1,Dallas,14
Dallas,"Dallas County, TX",Food Insecurity,Health behaviors,2022,2019,14,%,Lower is better,5,11.85,-0.35,-2.95,Better,Raleigh,10.1,Dallas,14
Nashville,"Davidson County, TN",Food Insecurity,Health behaviors,2022,2019,11.5,%,Lower is better,5,11.85,-0.35,-2.95,Better,Raleigh,10.1,Dallas,14
Austin,"Travis County, TX",Drug Overdose Deaths,Health behaviors,2022,2018-2020,14.202762084,"deaths per 100,000 population",Lower is better,9,16.838345,31.650126,187.96,Worse,Fort Worth,10.442427758,Nashville,48.488471614
Raleigh,"Wake County, NC",Drug Overdose Deaths,Health behaviors,2022,2018-2020,13.517819093,"deaths per 100,000 population",Lower is better,9,16.838345,31.650126,187.96,Worse,Fort Worth,10.442427758,Nashville,48.488471614
Durham,"Durham County, NC",Drug Overdose Deaths,Health behaviors,2022,2018-2020,17.710425226,"deaths per 100,000 population",Lower is better,9,16.838345,31.650126,187.96,Worse,Fort Worth,10.442427758,Nashville,48.488471614
Charlotte,"Mecklenburg County, NC",Drug Overdose Deaths,Health behaviors,2022,2018-2020,19.020749418,"deaths per 100,000 population",Lower is better,9,16.838345,31.650126,187.96,Worse,Fort Worth,10.442427758,Nashville,48.488471614
Denver,"Denver County, CO",Drug Overdose Deaths,Health behaviors,2022,2018-2020,28.817372654,"deaths per 100,000 population",Lower is better,9,16.838345,31.650126,187.96,Worse,Fort Worth,10.442427758,Nashville,48.488471614
Atlanta,"Fulton County, GA",Drug Overdose Deaths,Health behaviors,2022,2018-2020,16.606855874,"deaths per 100,000 population",Lower is better,9,16.838345,31.650126,187.96,Worse,Fort Worth,10.442427758,Nashville,48.488471614
Fort Worth,"Tarrant County, TX",Drug Overdose Deaths,Health behaviors,2022,2018-2020,10.442427758,"deaths per 100,000 population",Lower is better,9,16.838345,31.650126,187.96,Worse,Fort Worth,10.442427758,Nashville,48.488471614
Dallas,"Dallas County, TX",Drug Overdose Deaths,Health behaviors,2022,2018-2020,14.388350948,"deaths per 100,000 population",Lower is better,9,16.838345,31.650126,187.96,Worse,Fort Worth,10.442427758,Nashville,48.488471614
Nashville,"Davidson County, TN",Drug Overdose Deaths,Health behaviors,2022,2018-2020,48.488471614,"deaths per 100,000 population",Lower is better,9,16.838345,31.650126,187.96,Worse,Fort Worth,10.442427758,Nashville,48.488471614
Austin,"Travis County, TX",Access to Exercise Opportunities,Health behaviors,2022,2010 & 2021,94.761321766,%,Higher is better,9,92.305973,-6.280866,-6.80,Worse,Denver,98.934613885,Nashville,86.025106873
Raleigh,"Wake County, NC",Access to Exercise Opportunities,Health behaviors,2022,2010 & 2021,87.81688648,%,Higher is better,9,92.305973,-6.280866,-6.80,Worse,Denver,98.934613885,Nashville,86.025106873
Durham,"Durham County, NC",Access to Exercise Opportunities,Health behaviors,2022,2010 & 2021,86.743750631,%,Higher is better,9,92.305973,-6.280866,-6.80,Worse,Denver,98.934613885,Nashville,86.025106873
Charlotte,"Mecklenburg County, NC",Access to Exercise Opportunities,Health behaviors,2022,2010 & 2021,87.484178385,%,Higher is better,9,92.305973,-6.280866,-6.80,Worse,Denver,98.934613885,Nashville,86.025106873
Denver,"Denver County, CO",Access to Exercise Opportunities,Health behaviors,2022,2010 & 2021,98.934613885,%,Higher is better,9,92.305973,-6.280866,-6.80,Worse,Denver,98.934613885,Nashville,86.025106873
Atlanta,"Fulton County, GA",Access to Exercise Opportunities,Health behaviors,2022,2010 & 2021,92.613794984,%,Higher is better,9,92.305973,-6.280866,-6.80,Worse,Denver,98.934613885,Nashville,86.025106873
Fort Worth,"Tarrant County, TX",Access to Exercise Opportunities,Health behaviors,2022,2010 & 2021,94.416633408,%,Higher is better,9,92.305973,-6.280866,-6.80,Worse,Denver,98.934613885,Nashville,86.025106873
Dallas,"Dallas County, TX",Access to Exercise Opportunities,Health behaviors,2022,2010 & 2021,95.676605132,%,Higher is better,9,92.305973,-6.280866,-6.80,Worse,Denver,98.934613885,Nashville,86.025106873
Nashville,"Davidson County, TN",Access to Exercise Opportunities,Health behaviors,2022,2010 & 2021,86.025106873,%,Higher is better,9,92.305973,-6.280866,-6.80,Worse,Denver,98.934613885,Nashville,86.025106873
Austin,"Travis County, TX",Uninsured,Clinical care,2022,2019,16.479589886,%,Lower is better,5,15.051827,-1.667771,-11.08,Better,Raleigh,10.104411457,Dallas,25.082594055
Raleigh,"Wake County, NC",Uninsured,Clinical care,2022,2019,10.104411457,%,Lower is better,5,15.051827,-1.667771,-11.08,Better,Raleigh,10.104411457,Dallas,25.082594055
Durham,"Durham County, NC",Uninsured,Clinical care,2022,2019,13.950456323,%,Lower is better,5,15.051827,-1.667771,-11.08,Better,Raleigh,10.104411457,Dallas,25.082594055
Charlotte,"Mecklenburg County, NC",Uninsured,Clinical care,2022,2019,13.175185719,%,Lower is better,5,15.051827,-1.667771,-11.08,Better,Raleigh,10.104411457,Dallas,25.082594055
Denver,"Denver County, CO",Uninsured,Clinical care,2022,2019,10.128479076,%,Lower is better,5,15.051827,-1.667771,-11.08,Better,Raleigh,10.104411457,Dallas,25.082594055
Atlanta,"Fulton County, GA",Uninsured,Clinical care,2022,2019,12.563857646,%,Lower is better,5,15.051827,-1.667771,-11.08,Better,Raleigh,10.104411457,Dallas,25.082594055
Fort Worth,"Tarrant County, TX",Uninsured,Clinical care,2022,2019,18.930041377,%,Lower is better,5,15.051827,-1.667771,-11.08,Better,Raleigh,10.104411457,Dallas,25.082594055
Dallas,"Dallas County, TX",Uninsured,Clinical care,2022,2019,25.082594055,%,Lower is better,5,15.051827,-1.667771,-11.08,Better,Raleigh,10.104411457,Dallas,25.082594055
Nashville,"Davidson County, TN",Uninsured,Clinical care,2022,2019,13.384055563,%,Lower is better,5,15.051827,-1.667771,-11.08,Better,Raleigh,10.104411457,Dallas,25.082594055
Austin,"Travis County, TX",Primary Care Physicians,Clinical care,2022,2019,1138,residents per primary care physician,Lower is better,4,1115.5,-74.5,-6.68,Better,Denver,721,Fort Worth,1689
Raleigh,"Wake County, NC",Primary Care Physicians,Clinical care,2022,2019,1146,residents per primary care physician,Lower is better,4,1115.5,-74.5,-6.68,Better,Denver,721,Fort Worth,1689
Durham,"Durham County, NC",Primary Care Physicians,Clinical care,2022,2019,790,residents per primary care physician,Lower is better,4,1115.5,-74.5,-6.68,Better,Denver,721,Fort Worth,1689
Charlotte,"Mecklenburg County, NC",Primary Care Physicians,Clinical care,2022,2019,1126,residents per primary care physician,Lower is better,4,1115.5,-74.5,-6.68,Better,Denver,721,Fort Worth,1689
Denver,"Denver County, CO",Primary Care Physicians,Clinical care,2022,2019,721,residents per primary care physician,Lower is better,4,1115.5,-74.5,-6.68,Better,Denver,721,Fort Worth,1689
Atlanta,"Fulton County, GA",Primary Care Physicians,Clinical care,2022,2019,899,residents per primary care physician,Lower is better,4,1115.5,-74.5,-6.68,Better,Denver,721,Fort Worth,1689
Fort Worth,"Tarrant County, TX",Primary Care Physicians,Clinical care,2022,2019,1689,residents per primary care physician,Lower is better,4,1115.5,-74.5,-6.68,Better,Denver,721,Fort Worth,1689
Dallas,"Dallas County, TX",Primary Care Physicians,Clinical care,2022,2019,1415,residents per primary care physician,Lower is better,4,1115.5,-74.5,-6.68,Better,Denver,721,Fort Worth,1689
Nashville,"Davidson County, TN",Primary Care Physicians,Clinical care,2022,2019,1041,residents per primary care physician,Lower is better,4,1115.5,-74.5,-6.68,Better,Denver,721,Fort Worth,1689
Austin,"Travis County, TX",Mental Health Providers,Clinical care,2022,2021,318,residents per mental health provider,Lower is better,3,359.625,-78.625,-21.86,Better,Durham,150,Fort Worth,696
Raleigh,"Wake County, NC",Mental Health Providers,Clinical care,2022,2021,298,residents per mental health provider,Lower is better,3,359.625,-78.625,-21.86,Better,Durham,150,Fort Worth,696
Durham,"Durham County, NC",Mental Health Providers,Clinical care,2022,2021,150,residents per mental health provider,Lower is better,3,359.625,-78.625,-21.86,Better,Durham,150,Fort Worth,696
Charlotte,"Mecklenburg County, NC",Mental Health Providers,Clinical care,2022,2021,301,residents per mental health provider,Lower is better,3,359.625,-78.625,-21.86,Better,Durham,150,Fort Worth,696
Denver,"Denver County, CO",Mental Health Providers,Clinical care,2022,2021,158,residents per mental health provider,Lower is better,3,359.625,-78.625,-21.86,Better,Durham,150,Fort Worth,696
Atlanta,"Fulton County, GA",Mental Health Providers,Clinical care,2022,2021,371,residents per mental health provider,Lower is better,3,359.625,-78.625,-21.86,Better,Durham,150,Fort Worth,696
Fort Worth,"Tarrant County, TX",Mental Health Providers,Clinical care,2022,2021,696,residents per mental health provider,Lower is better,3,359.625,-78.625,-21.86,Better,Durham,150,Fort Worth,696
Dallas,"Dallas County, TX",Mental Health Providers,Clinical care,2022,2021,585,residents per mental health provider,Lower is better,3,359.625,-78.625,-21.86,Better,Durham,150,Fort Worth,696
Nashville,"Davidson County, TN",Mental Health Providers,Clinical care,2022,2021,281,residents per mental health provider,Lower is better,3,359.625,-78.625,-21.86,Better,Durham,150,Fort Worth,696
Austin,"Travis County, TX",Preventable Hospital Stays,Clinical care,2022,2019,3296,"hospital stays per 100,000 Medicare enrollees",Lower is better,9,3679.875,1142.125,31.04,Worse,Denver,2493,Nashville,4822
Raleigh,"Wake County, NC",Preventable Hospital Stays,Clinical care,2022,2019,3175,"hospital stays per 100,000 Medicare enrollees",Lower is better,9,3679.875,1142.125,31.04,Worse,Denver,2493,Nashville,4822
Durham,"Durham County, NC",Preventable Hospital Stays,Clinical care,2022,2019,3811,"hospital stays per 100,000 Medicare enrollees",Lower is better,9,3679.875,1142.125,31.04,Worse,Denver,2493,Nashville,4822
Charlotte,"Mecklenburg County, NC",Preventable Hospital Stays,Clinical care,2022,2019,3750,"hospital stays per 100,000 Medicare enrollees",Lower is better,9,3679.875,1142.125,31.04,Worse,Denver,2493,Nashville,4822
Denver,"Denver County, CO",Preventable Hospital Stays,Clinical care,2022,2019,2493,"hospital stays per 100,000 Medicare enrollees",Lower is better,9,3679.875,1142.125,31.04,Worse,Denver,2493,Nashville,4822
Atlanta,"Fulton County, GA",Preventable Hospital Stays,Clinical care,2022,2019,3983,"hospital stays per 100,000 Medicare enrollees",Lower is better,9,3679.875,1142.125,31.04,Worse,Denver,2493,Nashville,4822
Fort Worth,"Tarrant County, TX",Preventable Hospital Stays,Clinical care,2022,2019,4685,"hospital stays per 100,000 Medicare enrollees",Lower is better,9,3679.875,1142.125,31.04,Worse,Denver,2493,Nashville,4822
Dallas,"Dallas County, TX",Preventable Hospital Stays,Clinical care,2022,2019,4246,"hospital stays per 100,000 Medicare enrollees",Lower is better,9,3679.875,1142.125,31.04,Worse,Denver,2493,Nashville,4822
Nashville,"Davidson County, TN",Preventable Hospital Stays,Clinical care,2022,2019,4822,"hospital stays per 100,000 Medicare enrollees",Lower is better,9,3679.875,1142.125,31.04,Worse,Denver,2493,Nashville,4822
Austin,"Travis County, TX",Children in Poverty,Social & economic,2022,2020,10.9,%,Lower is better,6,15.25,2.05,13.44,Worse,Raleigh,8.3,Dallas,20.1
Raleigh,"Wake County, NC",Children in Poverty,Social & economic,2022,2020,8.3,%,Lower is better,6,15.25,2.05,13.44,Worse,Raleigh,8.3,Dallas,20.1
Durham,"Durham County, NC",Children in Poverty,Social & economic,2022,2020,16.2,%,Lower is better,6,15.25,2.05,13.44,Worse,Raleigh,8.3,Dallas,20.1
Charlotte,"Mecklenburg County, NC",Children in Poverty,Social & economic,2022,2020,16.3,%,Lower is better,6,15.25,2.05,13.44,Worse,Raleigh,8.3,Dallas,20.1
Denver,"Denver County, CO",Children in Poverty,Social & economic,2022,2020,17.3,%,Lower is better,6,15.25,2.05,13.44,Worse,Raleigh,8.3,Dallas,20.1
Atlanta,"Fulton County, GA",Children in Poverty,Social & economic,2022,2020,17.5,%,Lower is better,6,15.25,2.05,13.44,Worse,Raleigh,8.3,Dallas,20.1
Fort Worth,"Tarrant County, TX",Children in Poverty,Social & economic,2022,2020,15.4,%,Lower is better,6,15.25,2.05,13.44,Worse,Raleigh,8.3,Dallas,20.1
Dallas,"Dallas County, TX",Children in Poverty,Social & economic,2022,2020,20.1,%,Lower is better,6,15.25,2.05,13.44,Worse,Raleigh,8.3,Dallas,20.1
Nashville,"Davidson County, TN",Children in Poverty,Social & economic,2022,2020,17.3,%,Lower is better,6,15.25,2.05,13.44,Worse,Raleigh,8.3,Dallas,20.1
Austin,"Travis County, TX",Unemployment,Social & economic,2022,2020,6.28586312,%,Lower is better,8,7.2829,0.743553,10.21,Worse,Austin,6.28586312,Denver,8.23455019
Raleigh,"Wake County, NC",Unemployment,Social & economic,2022,2020,6.43704373,%,Lower is better,8,7.2829,0.743553,10.21,Worse,Austin,6.28586312,Denver,8.23455019
Durham,"Durham County, NC",Unemployment,Social & economic,2022,2020,6.52380561,%,Lower is better,8,7.2829,0.743553,10.21,Worse,Austin,6.28586312,Denver,8.23455019
Charlotte,"Mecklenburg County, NC",Unemployment,Social & economic,2022,2020,7.76091705,%,Lower is better,8,7.2829,0.743553,10.21,Worse,Austin,6.28586312,Denver,8.23455019
Denver,"Denver County, CO",Unemployment,Social & economic,2022,2020,8.23455019,%,Lower is better,8,7.2829,0.743553,10.21,Worse,Austin,6.28586312,Denver,8.23455019
Atlanta,"Fulton County, GA",Unemployment,Social & economic,2022,2020,8.01084647,%,Lower is better,8,7.2829,0.743553,10.21,Worse,Austin,6.28586312,Denver,8.23455019
Fort Worth,"Tarrant County, TX",Unemployment,Social & economic,2022,2020,7.34682155,%,Lower is better,8,7.2829,0.743553,10.21,Worse,Austin,6.28586312,Denver,8.23455019
Dallas,"Dallas County, TX",Unemployment,Social & economic,2022,2020,7.6633558,%,Lower is better,8,7.2829,0.743553,10.21,Worse,Austin,6.28586312,Denver,8.23455019
Nashville,"Davidson County, TN",Unemployment,Social & economic,2022,2020,8.02645389,%,Lower is better,8,7.2829,0.743553,10.21,Worse,Austin,6.28586312,Denver,8.23455019
Austin,"Travis County, TX",Median Household Income,Social & economic,2022,2020,82605,USD,Higher is better,9,74252.5,-9834.5,-13.24,Worse,Raleigh,88763,Nashville,64418
Raleigh,"Wake County, NC",Median Household Income,Social & economic,2022,2020,88763,USD,Higher is better,9,74252.5,-9834.5,-13.24,Worse,Raleigh,88763,Nashville,64418
Durham,"Durham County, NC",Median Household Income,Social & economic,2022,2020,65619,USD,Higher is better,9,74252.5,-9834.5,-13.24,Worse,Raleigh,88763,Nashville,64418
Charlotte,"Mecklenburg County, NC",Median Household Income,Social & economic,2022,2020,72340,USD,Higher is better,9,74252.5,-9834.5,-13.24,Worse,Raleigh,88763,Nashville,64418
Denver,"Denver County, CO",Median Household Income,Social & economic,2022,2020,75355,USD,Higher is better,9,74252.5,-9834.5,-13.24,Worse,Raleigh,88763,Nashville,64418
Atlanta,"Fulton County, GA",Median Household Income,Social & economic,2022,2020,71504,USD,Higher is better,9,74252.5,-9834.5,-13.24,Worse,Raleigh,88763,Nashville,64418
Fort Worth,"Tarrant County, TX",Median Household Income,Social & economic,2022,2020,72064,USD,Higher is better,9,74252.5,-9834.5,-13.24,Worse,Raleigh,88763,Nashville,64418
Dallas,"Dallas County, TX",Median Household Income,Social & economic,2022,2020,65770,USD,Higher is better,9,74252.5,-9834.5,-13.24,Worse,Raleigh,88763,Nashville,64418
Nashville,"Davidson County, TN",Median Household Income,Social & economic,2022,2020,64418,USD,Higher is better,9,74252.5,-9834.5,-13.24,Worse,Raleigh,88763,Nashville,64418
Austin,"Travis County, TX",High School Completion,Social & economic,2022,2016-2020,90.260830602,%,Higher is better,5,89.109625,0.586209,0.66,Better,Raleigh,93.445482219,Dallas,80.347975391
Raleigh,"Wake County, NC",High School Completion,Social & economic,2022,2016-2020,93.445482219,%,Higher is better,5,89.109625,0.586209,0.66,Better,Raleigh,93.445482219,Dallas,80.347975391
Durham,"Durham County, NC",High School Completion,Social & economic,2022,2016-2020,89.607179665,%,Higher is better,5,89.109625,0.586209,0.66,Better,Raleigh,93.445482219,Dallas,80.347975391
Charlotte,"Mecklenburg County, NC",High School Completion,Social & economic,2022,2016-2020,90.51128188,%,Higher is better,5,89.109625,0.586209,0.66,Better,Raleigh,93.445482219,Dallas,80.347975391
Denver,"Denver County, CO",High School Completion,Social & economic,2022,2016-2020,89.133384529,%,Higher is better,5,89.109625,0.586209,0.66,Better,Raleigh,93.445482219,Dallas,80.347975391
Atlanta,"Fulton County, GA",High School Completion,Social & economic,2022,2016-2020,93.072751472,%,Higher is better,5,89.109625,0.586209,0.66,Better,Raleigh,93.445482219,Dallas,80.347975391
Fort Worth,"Tarrant County, TX",High School Completion,Social & economic,2022,2016-2020,86.498118233,%,Higher is better,5,89.109625,0.586209,0.66,Better,Raleigh,93.445482219,Dallas,80.347975391
Dallas,"Dallas County, TX",High School Completion,Social & economic,2022,2016-2020,80.347975391,%,Higher is better,5,89.109625,0.586209,0.66,Better,Raleigh,93.445482219,Dallas,80.347975391
Nashville,"Davidson County, TN",High School Completion,Social & economic,2022,2016-2020,89.695834091,%,Higher is better,5,89.109625,0.586209,0.66,Better,Raleigh,93.445482219,Dallas,80.347975391
Austin,"Travis County, TX",Income Inequality,Social & economic,2022,2016-2020,4.4445925632,80th/20th percentile income ratio,Lower is better,3,4.633489,-0.335676,-7.24,Better,Fort Worth,4.2010419282,Atlanta,5.9260864774
Raleigh,"Wake County, NC",Income Inequality,Social & economic,2022,2016-2020,4.2643696538,80th/20th percentile income ratio,Lower is better,3,4.633489,-0.335676,-7.24,Better,Fort Worth,4.2010419282,Atlanta,5.9260864774
Durham,"Durham County, NC",Income Inequality,Social & economic,2022,2016-2020,4.5526607341,80th/20th percentile income ratio,Lower is better,3,4.633489,-0.335676,-7.24,Better,Fort Worth,4.2010419282,Atlanta,5.9260864774
Charlotte,"Mecklenburg County, NC",Income Inequality,Social & economic,2022,2016-2020,4.4212363544,80th/20th percentile income ratio,Lower is better,3,4.633489,-0.335676,-7.24,Better,Fort Worth,4.2010419282,Atlanta,5.9260864774
Denver,"Denver County, CO",Income Inequality,Social & economic,2022,2016-2020,4.8384439654,80th/20th percentile income ratio,Lower is better,3,4.633489,-0.335676,-7.24,Better,Fort Worth,4.2010419282,Atlanta,5.9260864774
Atlanta,"Fulton County, GA",Income Inequality,Social & economic,2022,2016-2020,5.9260864774,80th/20th percentile income ratio,Lower is better,3,4.633489,-0.335676,-7.24,Better,Fort Worth,4.2010419282,Atlanta,5.9260864774
Fort Worth,"Tarrant County, TX",Income Inequality,Social & economic,2022,2016-2020,4.2010419282,80th/20th percentile income ratio,Lower is better,3,4.633489,-0.335676,-7.24,Better,Fort Worth,4.2010419282,Atlanta,5.9260864774
Dallas,"Dallas County, TX",Income Inequality,Social & economic,2022,2016-2020,4.4194783355,80th/20th percentile income ratio,Lower is better,3,4.633489,-0.335676,-7.24,Better,Fort Worth,4.2010419282,Atlanta,5.9260864774
Nashville,"Davidson County, TN",Income Inequality,Social & economic,2022,2016-2020,4.2978125556,80th/20th percentile income ratio,Lower is better,3,4.633489,-0.335676,-7.24,Better,Fort Worth,4.2010419282,Atlanta,5.9260864774
Austin,"Travis County, TX",Severe Housing Problems,Physical environment,2022,2014-2018,18.935188719,%,Lower is better,5,17.262817,-0.316378,-1.83,Better,Raleigh,12.57234315,Dallas,20.944645826
Raleigh,"Wake County, NC",Severe Housing Problems,Physical environment,2022,2014-2018,12.57234315,%,Lower is better,5,17.262817,-0.316378,-1.83,Better,Raleigh,12.57234315,Dallas,20.944645826
Durham,"Durham County, NC",Severe Housing Problems,Physical environment,2022,2014-2018,16.9225161,%,Lower is better,5,17.262817,-0.316378,-1.83,Better,Raleigh,12.57234315,Dallas,20.944645826
Charlotte,"Mecklenburg County, NC",Severe Housing Problems,Physical environment,2022,2014-2018,15.616597901,%,Lower is better,5,17.262817,-0.316378,-1.83,Better,Raleigh,12.57234315,Dallas,20.944645826
Denver,"Denver County, CO",Severe Housing Problems,Physical environment,2022,2014-2018,18.424718032,%,Lower is better,5,17.262817,-0.316378,-1.83,Better,Raleigh,12.57234315,Dallas,20.944645826
Atlanta,"Fulton County, GA",Severe Housing Problems,Physical environment,2022,2014-2018,17.981825682,%,Lower is better,5,17.262817,-0.316378,-1.83,Better,Raleigh,12.57234315,Dallas,20.944645826
Fort Worth,"Tarrant County, TX",Severe Housing Problems,Physical environment,2022,2014-2018,16.704697458,%,Lower is better,5,17.262817,-0.316378,-1.83,Better,Raleigh,12.57234315,Dallas,20.944645826
Dallas,"Dallas County, TX",Severe Housing Problems,Physical environment,2022,2014-2018,20.944645826,%,Lower is better,5,17.262817,-0.316378,-1.83,Better,Raleigh,12.57234315,Dallas,20.944645826
Nashville,"Davidson County, TN",Severe Housing Problems,Physical environment,2022,2014-2018,16.946438531,%,Lower is better,5,17.262817,-0.316378,-1.83,Better,Raleigh,12.57234315,Dallas,20.944645826
Austin,"Travis County, TX",Air Pollution – Particulate Matter,Physical environment,2022,2018,10.2,µg/m³ PM2.5,Lower is better,4,9.4125,-0.2125,-2.26,Better,Fort Worth,8.5,Dallas,10.3
Raleigh,"Wake County, NC",Air Pollution – Particulate Matter,Physical environment,2022,2018,10,µg/m³ PM2.5,Lower is better,4,9.4125,-0.2125,-2.26,Better,Fort Worth,8.5,Dallas,10.3
Durham,"Durham County, NC",Air Pollution – Particulate Matter,Physical environment,2022,2018,9,µg/m³ PM2.5,Lower is better,4,9.4125,-0.2125,-2.26,Better,Fort Worth,8.5,Dallas,10.3
Charlotte,"Mecklenburg County, NC",Air Pollution – Particulate Matter,Physical environment,2022,2018,9,µg/m³ PM2.5,Lower is better,4,9.4125,-0.2125,-2.26,Better,Fort Worth,8.5,Dallas,10.3
Denver,"Denver County, CO",Air Pollution – Particulate Matter,Physical environment,2022,2018,9.1,µg/m³ PM2.5,Lower is better,4,9.4125,-0.2125,-2.26,Better,Fort Worth,8.5,Dallas,10.3
Atlanta,"Fulton County, GA",Air Pollution – Particulate Matter,Physical environment,2022,2018,9.2,µg/m³ PM2.5,Lower is better,4,9.4125,-0.2125,-2.26,Better,Fort Worth,8.5,Dallas,10.3
Fort Worth,"Tarrant County, TX",Air Pollution – Particulate Matter,Physical environment,2022,2018,8.5,µg/m³ PM2.5,Lower is better,4,9.4125,-0.2125,-2.26,Better,Fort Worth,8.5,Dallas,10.3
Dallas,"Dallas County, TX",Air Pollution – Particulate Matter,Physical environment,2022,2018,10.3,µg/m³ PM2.5,Lower is better,4,9.4125,-0.2125,-2.26,Better,Fort Worth,8.5,Dallas,10.3
Nashville,"Davidson County, TN",Air Pollution – Particulate Matter,Physical environment,2022,2018,9.2,µg/m³ PM2.5,Lower is better,4,9.4125,-0.2125,-2.26,Better,Fort Worth,8.5,Dallas,10.3
Austin,"Travis County, TX",Suicide Rate,Health outcomes / well-being,2022,2016-2020,12.162310077,"deaths per 100,000 population",Lower is better,8,11.588317,1.711568,14.77,Worse,Durham,8.1786612881,Denver,19.289932872
Raleigh,"Wake County, NC",Suicide Rate,Health outcomes / well-being,2022,2016-2020,9.0604956714,"deaths per 100,000 population",Lower is better,8,11.588317,1.711568,14.77,Worse,Durham,8.1786612881,Denver,19.289932872
Durham,"Durham County, NC",Suicide Rate,Health outcomes / well-being,2022,2016-2020,8.1786612881,"deaths per 100,000 population",Lower is better,8,11.588317,1.711568,14.77,Worse,Durham,8.1786612881,Denver,19.289932872
Charlotte,"Mecklenburg County, NC",Suicide Rate,Health outcomes / well-being,2022,2016-2020,9.5254169022,"deaths per 100,000 population",Lower is better,8,11.588317,1.711568,14.77,Worse,Durham,8.1786612881,Denver,19.289932872
Denver,"Denver County, CO",Suicide Rate,Health outcomes / well-being,2022,2016-2020,19.289932872,"deaths per 100,000 population",Lower is better,8,11.588317,1.711568,14.77,Worse,Durham,8.1786612881,Denver,19.289932872
Atlanta,"Fulton County, GA",Suicide Rate,Health outcomes / well-being,2022,2016-2020,10.623081001,"deaths per 100,000 population",Lower is better,8,11.588317,1.711568,14.77,Worse,Durham,8.1786612881,Denver,19.289932872
Fort Worth,"Tarrant County, TX",Suicide Rate,Health outcomes / well-being,2022,2016-2020,12.81691413,"deaths per 100,000 population",Lower is better,8,11.588317,1.711568,14.77,Worse,Durham,8.1786612881,Denver,19.289932872
Dallas,"Dallas County, TX",Suicide Rate,Health outcomes / well-being,2022,2016-2020,11.049727917,"deaths per 100,000 population",Lower is better,8,11.588317,1.711568,14.77,Worse,Durham,8.1786612881,Denver,19.289932872
Nashville,"Davidson County, TN",Suicide Rate,Health outcomes / well-being,2022,2016-2020,13.299885979,"deaths per 100,000 population",Lower is better,8,11.588317,1.711568,14.77,Worse,Durham,8.1786612881,Denver,19.289932872
Austin,"Travis County, TX",Teen Birth Rate,Health behaviors,2022,2014-2020,21.974317565,"births per 1,000 females ages 15–19",Lower is better,8,21.061599,5.512792,26.17,Worse,Raleigh,11.018550763,Dallas,33.09600863
Raleigh,"Wake County, NC",Teen Birth Rate,Health behaviors,2022,2014-2020,11.018550763,"births per 1,000 females ages 15–19",Lower is better,8,21.061599,5.512792,26.17,Worse,Raleigh,11.018550763,Dallas,33.09600863
Durham,"Durham County, NC",Teen Birth Rate,Health behaviors,2022,2014-2020,18.399633154,"births per 1,000 females ages 15–19",Lower is better,8,21.061599,5.512792,26.17,Worse,Raleigh,11.018550763,Dallas,33.09600863
Charlotte,"Mecklenburg County, NC",Teen Birth Rate,Health behaviors,2022,2014-2020,18.575838408,"births per 1,000 females ages 15–19",Lower is better,8,21.061599,5.512792,26.17,Worse,Raleigh,11.018550763,Dallas,33.09600863
Denver,"Denver County, CO",Teen Birth Rate,Health behaviors,2022,2014-2020,24.710039563,"births per 1,000 females ages 15–19",Lower is better,8,21.061599,5.512792,26.17,Worse,Raleigh,11.018550763,Dallas,33.09600863
Atlanta,"Fulton County, GA",Teen Birth Rate,Health behaviors,2022,2014-2020,17.064832256,"births per 1,000 females ages 15–19",Lower is better,8,21.061599,5.512792,26.17,Worse,Raleigh,11.018550763,Dallas,33.09600863
Fort Worth,"Tarrant County, TX",Teen Birth Rate,Health behaviors,2022,2014-2020,23.653569856,"births per 1,000 females ages 15–19",Lower is better,8,21.061599,5.512792,26.17,Worse,Raleigh,11.018550763,Dallas,33.09600863
Dallas,"Dallas County, TX",Teen Birth Rate,Health behaviors,2022,2014-2020,33.09600863,"births per 1,000 females ages 15–19",Lower is better,8,21.061599,5.512792,26.17,Worse,Raleigh,11.018550763,Dallas,33.09600863
Nashville,"Davidson County, TN",Teen Birth Rate,Health behaviors,2022,2014-2020,26.574390317,"births per 1,000 females ages 15–19",Lower is better,8,21.061599,5.512792,26.17,Worse,Raleigh,11.018550763,Dallas,33.09600863
Austin,"Travis County, TX",Injury Deaths,Health outcomes / well-being,2022,2016-2020,57.495166198,"deaths per 100,000 population",Lower is better,9,62.171997,46.895978,75.43,Worse,Raleigh,47.678133554,Nashville,109.0679751
Raleigh,"Wake County, NC",Injury Deaths,Health outcomes / well-being,2022,2016-2020,47.678133554,"deaths per 100,000 population",Lower is better,9,62.171997,46.895978,75.43,Worse,Raleigh,47.678133554,Nashville,109.0679751
Durham,"Durham County, NC",Injury Deaths,Health outcomes / well-being,2022,2016-2020,67.892521402,"deaths per 100,000 population",Lower is better,9,62.171997,46.895978,75.43,Worse,Raleigh,47.678133554,Nashville,109.0679751
Charlotte,"Mecklenburg County, NC",Injury Deaths,Health outcomes / well-being,2022,2016-2020,58.866865,"deaths per 100,000 population",Lower is better,9,62.171997,46.895978,75.43,Worse,Raleigh,47.678133554,Nashville,109.0679751
Denver,"Denver County, CO",Injury Deaths,Health outcomes / well-being,2022,2016-2020,85.240885879,"deaths per 100,000 population",Lower is better,9,62.171997,46.895978,75.43,Worse,Raleigh,47.678133554,Nashville,109.0679751
Atlanta,"Fulton County, GA",Injury Deaths,Health outcomes / well-being,2022,2016-2020,67.063505049,"deaths per 100,000 population",Lower is better,9,62.171997,46.895978,75.43,Worse,Raleigh,47.678133554,Nashville,109.0679751
Fort Worth,"Tarrant County, TX",Injury Deaths,Health outcomes / well-being,2022,2016-2020,52.599945676,"deaths per 100,000 population",Lower is better,9,62.171997,46.895978,75.43,Worse,Raleigh,47.678133554,Nashville,109.0679751
Dallas,"Dallas County, TX",Injury Deaths,Health outcomes / well-being,2022,2016-2020,60.538952374,"deaths per 100,000 population",Lower is better,9,62.171997,46.895978,75.43,Worse,Raleigh,47.678133554,Nashville,109.0679751
Nashville,"Davidson County, TN",Injury Deaths,Health outcomes / well-being,2022,2016-2020,109.0679751,"deaths per 100,000 population",Lower is better,9,62.171997,46.895978,75.43,Worse,Raleigh,47.678133554,Nashville,109.0679751
Austin,"Travis County, TX",Broadband Access,Physical environment,2022,2016-2020,90.554207161,%,Higher is better,8,89.442366,-0.934771,-1.05,Worse,Raleigh,93.115366628,Dallas,84.90331883
Raleigh,"Wake County, NC",Broadband Access,Physical environment,2022,2016-2020,93.115366628,%,Higher is better,8,89.442366,-0.934771,-1.05,Worse,Raleigh,93.115366628,Dallas,84.90331883
Durham,"Durham County, NC",Broadband Access,Physical environment,2022,2016-2020,88.564336653,%,Higher is better,8,89.442366,-0.934771,-1.05,Worse,Raleigh,93.115366628,Dallas,84.90331883
Charlotte,"Mecklenburg County, NC",Broadband Access,Physical environment,2022,2016-2020,90.133665126,%,Higher is better,8,89.442366,-0.934771,-1.05,Worse,Raleigh,93.115366628,Dallas,84.90331883
Denver,"Denver County, CO",Broadband Access,Physical environment,2022,2016-2020,89.388231696,%,Higher is better,8,89.442366,-0.934771,-1.05,Worse,Raleigh,93.115366628,Dallas,84.90331883
Atlanta,"Fulton County, GA",Broadband Access,Physical environment,2022,2016-2020,89.090947379,%,Higher is better,8,89.442366,-0.934771,-1.05,Worse,Raleigh,93.115366628,Dallas,84.90331883
Fort Worth,"Tarrant County, TX",Broadband Access,Physical environment,2022,2016-2020,89.788856191,%,Higher is better,8,89.442366,-0.934771,-1.05,Worse,Raleigh,93.115366628,Dallas,84.90331883
Dallas,"Dallas County, TX",Broadband Access,Physical environment,2022,2016-2020,84.90331883,%,Higher is better,8,89.442366,-0.934771,-1.05,Worse,Raleigh,93.115366628,Dallas,84.90331883
Nashville,"Davidson County, TN",Broadband Access,Physical environment,2022,2016-2020,88.507595326,%,Higher is better,8,89.442366,-0.934771,-1.05,Worse,Raleigh,93.115366628,Dallas,84.90331883
Austin,"Travis County, TX",Severe Housing Cost Burden,Physical environment,2022,2016-2020,14.917579222,%,Lower is better,5,14.01432,0.703132,5.02,Worse,Raleigh,10.500866461,Atlanta,16.433387293
Raleigh,"Wake County, NC",Severe Housing Cost Burden,Physical environment,2022,2016-2020,10.500866461,%,Lower is better,5,14.01432,0.703132,5.02,Worse,Raleigh,10.500866461,Atlanta,16.433387293
Durham,"Durham County, NC",Severe Housing Cost Burden,Physical environment,2022,2016-2020,13.227825212,%,Lower is better,5,14.01432,0.703132,5.02,Worse,Raleigh,10.500866461,Atlanta,16.433387293
Charlotte,"Mecklenburg County, NC",Severe Housing Cost Burden,Physical environment,2022,2016-2020,13.37987357,%,Lower is better,5,14.01432,0.703132,5.02,Worse,Raleigh,10.500866461,Atlanta,16.433387293
Denver,"Denver County, CO",Severe Housing Cost Burden,Physical environment,2022,2016-2020,15.46178615,%,Lower is better,5,14.01432,0.703132,5.02,Worse,Raleigh,10.500866461,Atlanta,16.433387293
Atlanta,"Fulton County, GA",Severe Housing Cost Burden,Physical environment,2022,2016-2020,16.433387293,%,Lower is better,5,14.01432,0.703132,5.02,Worse,Raleigh,10.500866461,Atlanta,16.433387293
Fort Worth,"Tarrant County, TX",Severe Housing Cost Burden,Physical environment,2022,2016-2020,13.043404477,%,Lower is better,5,14.01432,0.703132,5.02,Worse,Raleigh,10.500866461,Atlanta,16.433387293
Dallas,"Dallas County, TX",Severe Housing Cost Burden,Physical environment,2022,2016-2020,15.149836111,%,Lower is better,5,14.01432,0.703132,5.02,Worse,Raleigh,10.500866461,Atlanta,16.433387293
Nashville,"Davidson County, TN",Severe Housing Cost Burden,Physical environment,2022,2016-2020,14.717452233,%,Lower is better,5,14.01432,0.703132,5.02,Worse,Raleigh,10.500866461,Atlanta,16.433387293
Austin,"Travis County, TX",Life Expectancy,Health outcomes / well-being,2023,2018-2020,81.382475673,years,Higher is better,9,79.727125,-3.407014,-4.27,Worse,Raleigh,81.639840231,Nashville,76.320111921
Raleigh,"Wake County, NC",Life Expectancy,Health outcomes / well-being,2023,2018-2020,81.639840231,years,Higher is better,9,79.727125,-3.407014,-4.27,Worse,Raleigh,81.639840231,Nashville,76.320111921
Durham,"Durham County, NC",Life Expectancy,Health outcomes / well-being,2023,2018-2020,79.962184498,years,Higher is better,9,79.727125,-3.407014,-4.27,Worse,Raleigh,81.639840231,Nashville,76.320111921
Charlotte,"Mecklenburg County, NC",Life Expectancy,Health outcomes / well-being,2023,2018-2020,79.989319305,years,Higher is better,9,79.727125,-3.407014,-4.27,Worse,Raleigh,81.639840231,Nashville,76.320111921
Denver,"Denver County, CO",Life Expectancy,Health outcomes / well-being,2023,2018-2020,78.852156724,years,Higher is better,9,79.727125,-3.407014,-4.27,Worse,Raleigh,81.639840231,Nashville,76.320111921
Atlanta,"Fulton County, GA",Life Expectancy,Health outcomes / well-being,2023,2018-2020,79.034859281,years,Higher is better,9,79.727125,-3.407014,-4.27,Worse,Raleigh,81.639840231,Nashville,76.320111921
Fort Worth,"Tarrant County, TX",Life Expectancy,Health outcomes / well-being,2023,2018-2020,78.62667047,years,Higher is better,9,79.727125,-3.407014,-4.27,Worse,Raleigh,81.639840231,Nashville,76.320111921
Dallas,"Dallas County, TX",Life Expectancy,Health outcomes / well-being,2023,2018-2020,78.329497663,years,Higher is better,9,79.727125,-3.407014,-4.27,Worse,Raleigh,81.639840231,Nashville,76.320111921
Nashville,"Davidson County, TN",Life Expectancy,Health outcomes / well-being,2023,2018-2020,76.320111921,years,Higher is better,9,79.727125,-3.407014,-4.27,Worse,Raleigh,81.639840231,Nashville,76.320111921
Austin,"Travis County, TX",Infant Mortality,Health outcomes / well-being,2023,2014-2020,4.0891632738,"deaths per 1,000 live births",Lower is better,8,5.761759,1.253393,21.75,Worse,Austin,4.0891632738,Atlanta,7.0476904751
Raleigh,"Wake County, NC",Infant Mortality,Health outcomes / well-being,2023,2014-2020,5.4616298303,"deaths per 1,000 live births",Lower is better,8,5.761759,1.253393,21.75,Worse,Austin,4.0891632738,Atlanta,7.0476904751
Durham,"Durham County, NC",Infant Mortality,Health outcomes / well-being,2023,2014-2020,6.3753796856,"deaths per 1,000 live births",Lower is better,8,5.761759,1.253393,21.75,Worse,Austin,4.0891632738,Atlanta,7.0476904751
Charlotte,"Mecklenburg County, NC",Infant Mortality,Health outcomes / well-being,2023,2014-2020,5.8277552927,"deaths per 1,000 live births",Lower is better,8,5.761759,1.253393,21.75,Worse,Austin,4.0891632738,Atlanta,7.0476904751
Denver,"Denver County, CO",Infant Mortality,Health outcomes / well-being,2023,2014-2020,4.733281064,"deaths per 1,000 live births",Lower is better,8,5.761759,1.253393,21.75,Worse,Austin,4.0891632738,Atlanta,7.0476904751
Atlanta,"Fulton County, GA",Infant Mortality,Health outcomes / well-being,2023,2014-2020,7.0476904751,"deaths per 1,000 live births",Lower is better,8,5.761759,1.253393,21.75,Worse,Austin,4.0891632738,Atlanta,7.0476904751
Fort Worth,"Tarrant County, TX",Infant Mortality,Health outcomes / well-being,2023,2014-2020,6.1974459625,"deaths per 1,000 live births",Lower is better,8,5.761759,1.253393,21.75,Worse,Austin,4.0891632738,Atlanta,7.0476904751
Dallas,"Dallas County, TX",Infant Mortality,Health outcomes / well-being,2023,2014-2020,6.3617250733,"deaths per 1,000 live births",Lower is better,8,5.761759,1.253393,21.75,Worse,Austin,4.0891632738,Atlanta,7.0476904751
Nashville,"Davidson County, TN",Infant Mortality,Health outcomes / well-being,2023,2014-2020,7.0151521606,"deaths per 1,000 live births",Lower is better,8,5.761759,1.253393,21.75,Worse,Austin,4.0891632738,Atlanta,7.0476904751
Austin,"Travis County, TX",Poor or Fair Health,Health outcomes / well-being,2023,2020,13,%,Lower is better,7,12.9875,1.7125,13.19,Worse,Raleigh,9.6,Dallas,18.6
Raleigh,"Wake County, NC",Poor or Fair Health,Health outcomes / well-being,2023,2020,9.6,%,Lower is better,7,12.9875,1.7125,13.19,Worse,Raleigh,9.6,Dallas,18.6
Durham,"Durham County, NC",Poor or Fair Health,Health outcomes / well-being,2023,2020,12.2,%,Lower is better,7,12.9875,1.7125,13.19,Worse,Raleigh,9.6,Dallas,18.6
Charlotte,"Mecklenburg County, NC",Poor or Fair Health,Health outcomes / well-being,2023,2020,11.4,%,Lower is better,7,12.9875,1.7125,13.19,Worse,Raleigh,9.6,Dallas,18.6
Denver,"Denver County, CO",Poor or Fair Health,Health outcomes / well-being,2023,2020,11.1,%,Lower is better,7,12.9875,1.7125,13.19,Worse,Raleigh,9.6,Dallas,18.6
Atlanta,"Fulton County, GA",Poor or Fair Health,Health outcomes / well-being,2023,2020,12.5,%,Lower is better,7,12.9875,1.7125,13.19,Worse,Raleigh,9.6,Dallas,18.6
Fort Worth,"Tarrant County, TX",Poor or Fair Health,Health outcomes / well-being,2023,2020,15.5,%,Lower is better,7,12.9875,1.7125,13.19,Worse,Raleigh,9.6,Dallas,18.6
Dallas,"Dallas County, TX",Poor or Fair Health,Health outcomes / well-being,2023,2020,18.6,%,Lower is better,7,12.9875,1.7125,13.19,Worse,Raleigh,9.6,Dallas,18.6
Nashville,"Davidson County, TN",Poor or Fair Health,Health outcomes / well-being,2023,2020,14.7,%,Lower is better,7,12.9875,1.7125,13.19,Worse,Raleigh,9.6,Dallas,18.6
Austin,"Travis County, TX",Poor Physical Health Days,Health outcomes / well-being,2023,2020,2.9410579532,days per month,Lower is better,7,2.911606,0.238865,8.20,Worse,Raleigh,2.4799306168,Dallas,3.5409276917
Raleigh,"Wake County, NC",Poor Physical Health Days,Health outcomes / well-being,2023,2020,2.4799306168,days per month,Lower is better,7,2.911606,0.238865,8.20,Worse,Raleigh,2.4799306168,Dallas,3.5409276917
Durham,"Durham County, NC",Poor Physical Health Days,Health outcomes / well-being,2023,2020,2.7059358685,days per month,Lower is better,7,2.911606,0.238865,8.20,Worse,Raleigh,2.4799306168,Dallas,3.5409276917
Charlotte,"Mecklenburg County, NC",Poor Physical Health Days,Health outcomes / well-being,2023,2020,2.5582437974,days per month,Lower is better,7,2.911606,0.238865,8.20,Worse,Raleigh,2.4799306168,Dallas,3.5409276917
Denver,"Denver County, CO",Poor Physical Health Days,Health outcomes / well-being,2023,2020,2.8419071704,days per month,Lower is better,7,2.911606,0.238865,8.20,Worse,Raleigh,2.4799306168,Dallas,3.5409276917
Atlanta,"Fulton County, GA",Poor Physical Health Days,Health outcomes / well-being,2023,2020,2.8707323723,days per month,Lower is better,7,2.911606,0.238865,8.20,Worse,Raleigh,2.4799306168,Dallas,3.5409276917
Fort Worth,"Tarrant County, TX",Poor Physical Health Days,Health outcomes / well-being,2023,2020,3.3541089905,days per month,Lower is better,7,2.911606,0.238865,8.20,Worse,Raleigh,2.4799306168,Dallas,3.5409276917
Dallas,"Dallas County, TX",Poor Physical Health Days,Health outcomes / well-being,2023,2020,3.5409276917,days per month,Lower is better,7,2.911606,0.238865,8.20,Worse,Raleigh,2.4799306168,Dallas,3.5409276917
Nashville,"Davidson County, TN",Poor Physical Health Days,Health outcomes / well-being,2023,2020,3.1504706965,days per month,Lower is better,7,2.911606,0.238865,8.20,Worse,Raleigh,2.4799306168,Dallas,3.5409276917
Austin,"Travis County, TX",Poor Mental Health Days,Health outcomes / well-being,2023,2020,5.0568484755,days per month,Lower is better,8,4.513187,0.471948,10.46,Worse,Raleigh,3.9189729534,Austin,5.0568484755
Raleigh,"Wake County, NC",Poor Mental Health Days,Health outcomes / well-being,2023,2020,3.9189729534,days per month,Lower is better,8,4.513187,0.471948,10.46,Worse,Raleigh,3.9189729534,Austin,5.0568484755
Durham,"Durham County, NC",Poor Mental Health Days,Health outcomes / well-being,2023,2020,4.4761583452,days per month,Lower is better,8,4.513187,0.471948,10.46,Worse,Raleigh,3.9189729534,Austin,5.0568484755
Charlotte,"Mecklenburg County, NC",Poor Mental Health Days,Health outcomes / well-being,2023,2020,4.0846039275,days per month,Lower is better,8,4.513187,0.471948,10.46,Worse,Raleigh,3.9189729534,Austin,5.0568484755
Denver,"Denver County, CO",Poor Mental Health Days,Health outcomes / well-being,2023,2020,4.7320587349,days per month,Lower is better,8,4.513187,0.471948,10.46,Worse,Raleigh,3.9189729534,Austin,5.0568484755
Atlanta,"Fulton County, GA",Poor Mental Health Days,Health outcomes / well-being,2023,2020,4.5042867918,days per month,Lower is better,8,4.513187,0.471948,10.46,Worse,Raleigh,3.9189729534,Austin,5.0568484755
Fort Worth,"Tarrant County, TX",Poor Mental Health Days,Health outcomes / well-being,2023,2020,4.4727599581,days per month,Lower is better,8,4.513187,0.471948,10.46,Worse,Raleigh,3.9189729534,Austin,5.0568484755
Dallas,"Dallas County, TX",Poor Mental Health Days,Health outcomes / well-being,2023,2020,4.8598093206,days per month,Lower is better,8,4.513187,0.471948,10.46,Worse,Raleigh,3.9189729534,Austin,5.0568484755
Nashville,"Davidson County, TN",Poor Mental Health Days,Health outcomes / well-being,2023,2020,4.9851357169,days per month,Lower is better,8,4.513187,0.471948,10.46,Worse,Raleigh,3.9189729534,Austin,5.0568484755
Austin,"Travis County, TX",Adult Obesity,Health outcomes / well-being,2023,2020,29.3,%,Lower is better,5,30.825,1.575,5.11,Worse,Denver,21.5,Fort Worth,37.6
Raleigh,"Wake County, NC",Adult Obesity,Health outcomes / well-being,2023,2020,28.1,%,Lower is better,5,30.825,1.575,5.11,Worse,Denver,21.5,Fort Worth,37.6
Durham,"Durham County, NC",Adult Obesity,Health outcomes / well-being,2023,2020,35.6,%,Lower is better,5,30.825,1.575,5.11,Worse,Denver,21.5,Fort Worth,37.6
Charlotte,"Mecklenburg County, NC",Adult Obesity,Health outcomes / well-being,2023,2020,29.2,%,Lower is better,5,30.825,1.575,5.11,Worse,Denver,21.5,Fort Worth,37.6
Denver,"Denver County, CO",Adult Obesity,Health outcomes / well-being,2023,2020,21.5,%,Lower is better,5,30.825,1.575,5.11,Worse,Denver,21.5,Fort Worth,37.6
Atlanta,"Fulton County, GA",Adult Obesity,Health outcomes / well-being,2023,2020,29.3,%,Lower is better,5,30.825,1.575,5.11,Worse,Denver,21.5,Fort Worth,37.6
Fort Worth,"Tarrant County, TX",Adult Obesity,Health outcomes / well-being,2023,2020,37.6,%,Lower is better,5,30.825,1.575,5.11,Worse,Denver,21.5,Fort Worth,37.6
Dallas,"Dallas County, TX",Adult Obesity,Health outcomes / well-being,2023,2020,36,%,Lower is better,5,30.825,1.575,5.11,Worse,Denver,21.5,Fort Worth,37.6
Nashville,"Davidson County, TN",Adult Obesity,Health outcomes / well-being,2023,2020,32.4,%,Lower is better,5,30.825,1.575,5.11,Worse,Denver,21.5,Fort Worth,37.6
Austin,"Travis County, TX",Diabetes Prevalence,Health outcomes / well-being,2023,2020,9,%,Lower is better,8,10.0125,1.3875,13.86,Worse,Denver,8.3,Dallas,12.7
Raleigh,"Wake County, NC",Diabetes Prevalence,Health outcomes / well-being,2023,2020,8.6,%,Lower is better,8,10.0125,1.3875,13.86,Worse,Denver,8.3,Dallas,12.7
Durham,"Durham County, NC",Diabetes Prevalence,Health outcomes / well-being,2023,2020,10.4,%,Lower is better,8,10.0125,1.3875,13.86,Worse,Denver,8.3,Dallas,12.7
Charlotte,"Mecklenburg County, NC",Diabetes Prevalence,Health outcomes / well-being,2023,2020,9.7,%,Lower is better,8,10.0125,1.3875,13.86,Worse,Denver,8.3,Dallas,12.7
Denver,"Denver County, CO",Diabetes Prevalence,Health outcomes / well-being,2023,2020,8.3,%,Lower is better,8,10.0125,1.3875,13.86,Worse,Denver,8.3,Dallas,12.7
Atlanta,"Fulton County, GA",Diabetes Prevalence,Health outcomes / well-being,2023,2020,10.2,%,Lower is better,8,10.0125,1.3875,13.86,Worse,Denver,8.3,Dallas,12.7
Fort Worth,"Tarrant County, TX",Diabetes Prevalence,Health outcomes / well-being,2023,2020,11.2,%,Lower is better,8,10.0125,1.3875,13.86,Worse,Denver,8.3,Dallas,12.7
Dallas,"Dallas County, TX",Diabetes Prevalence,Health outcomes / well-being,2023,2020,12.7,%,Lower is better,8,10.0125,1.3875,13.86,Worse,Denver,8.3,Dallas,12.7
Nashville,"Davidson County, TN",Diabetes Prevalence,Health outcomes / well-being,2023,2020,11.4,%,Lower is better,8,10.0125,1.3875,13.86,Worse,Denver,8.3,Dallas,12.7
Austin,"Travis County, TX",Adult Smoking,Health behaviors,2023,2020,11.9,%,Lower is better,9,13.8375,4.6625,33.69,Worse,Raleigh,11.5,Nashville,18.5
Raleigh,"Wake County, NC",Adult Smoking,Health behaviors,2023,2020,11.5,%,Lower is better,9,13.8375,4.6625,33.69,Worse,Raleigh,11.5,Nashville,18.5
Durham,"Durham County, NC",Adult Smoking,Health behaviors,2023,2020,14.5,%,Lower is better,9,13.8375,4.6625,33.69,Worse,Raleigh,11.5,Nashville,18.5
Charlotte,"Mecklenburg County, NC",Adult Smoking,Health behaviors,2023,2020,13.9,%,Lower is better,9,13.8375,4.6625,33.69,Worse,Raleigh,11.5,Nashville,18.5
Denver,"Denver County, CO",Adult Smoking,Health behaviors,2023,2020,13.6,%,Lower is better,9,13.8375,4.6625,33.69,Worse,Raleigh,11.5,Nashville,18.5
Atlanta,"Fulton County, GA",Adult Smoking,Health behaviors,2023,2020,13,%,Lower is better,9,13.8375,4.6625,33.69,Worse,Raleigh,11.5,Nashville,18.5
Fort Worth,"Tarrant County, TX",Adult Smoking,Health behaviors,2023,2020,15.9,%,Lower is better,9,13.8375,4.6625,33.69,Worse,Raleigh,11.5,Nashville,18.5
Dallas,"Dallas County, TX",Adult Smoking,Health behaviors,2023,2020,16.4,%,Lower is better,9,13.8375,4.6625,33.69,Worse,Raleigh,11.5,Nashville,18.5
Nashville,"Davidson County, TN",Adult Smoking,Health behaviors,2023,2020,18.5,%,Lower is better,9,13.8375,4.6625,33.69,Worse,Raleigh,11.5,Nashville,18.5
Austin,"Travis County, TX",Physical Inactivity,Health behaviors,2023,2020,19.2,%,Lower is better,7,20.725,1.375,6.63,Worse,Denver,15.5,Dallas,28.3
Raleigh,"Wake County, NC",Physical Inactivity,Health behaviors,2023,2020,16.2,%,Lower is better,7,20.725,1.375,6.63,Worse,Denver,15.5,Dallas,28.3
Durham,"Durham County, NC",Physical Inactivity,Health behaviors,2023,2020,20.8,%,Lower is better,7,20.725,1.375,6.63,Worse,Denver,15.5,Dallas,28.3
Charlotte,"Mecklenburg County, NC",Physical Inactivity,Health behaviors,2023,2020,20,%,Lower is better,7,20.725,1.375,6.63,Worse,Denver,15.5,Dallas,28.3
Denver,"Denver County, CO",Physical Inactivity,Health behaviors,2023,2020,15.5,%,Lower is better,7,20.725,1.375,6.63,Worse,Denver,15.5,Dallas,28.3
Atlanta,"Fulton County, GA",Physical Inactivity,Health behaviors,2023,2020,20.7,%,Lower is better,7,20.725,1.375,6.63,Worse,Denver,15.5,Dallas,28.3
Fort Worth,"Tarrant County, TX",Physical Inactivity,Health behaviors,2023,2020,25.1,%,Lower is better,7,20.725,1.375,6.63,Worse,Denver,15.5,Dallas,28.3
Dallas,"Dallas County, TX",Physical Inactivity,Health behaviors,2023,2020,28.3,%,Lower is better,7,20.725,1.375,6.63,Worse,Denver,15.5,Dallas,28.3
Nashville,"Davidson County, TN",Physical Inactivity,Health behaviors,2023,2020,22.1,%,Lower is better,7,20.725,1.375,6.63,Worse,Denver,15.5,Dallas,28.3
Austin,"Travis County, TX",Excessive Drinking,Health behaviors,2023,2020,21.337778713,%,Lower is better,3,19.01889,-1.466988,-7.71,Better,Durham,15.664492254,Denver,23.21756922
Raleigh,"Wake County, NC",Excessive Drinking,Health behaviors,2023,2020,18.574171267,%,Lower is better,3,19.01889,-1.466988,-7.71,Better,Durham,15.664492254,Denver,23.21756922
Durham,"Durham County, NC",Excessive Drinking,Health behaviors,2023,2020,15.664492254,%,Lower is better,3,19.01889,-1.466988,-7.71,Better,Durham,15.664492254,Denver,23.21756922
Charlotte,"Mecklenburg County, NC",Excessive Drinking,Health behaviors,2023,2020,17.792767169,%,Lower is better,3,19.01889,-1.466988,-7.71,Better,Durham,15.664492254,Denver,23.21756922
Denver,"Denver County, CO",Excessive Drinking,Health behaviors,2023,2020,23.21756922,%,Lower is better,3,19.01889,-1.466988,-7.71,Better,Durham,15.664492254,Denver,23.21756922
Atlanta,"Fulton County, GA",Excessive Drinking,Health behaviors,2023,2020,19.463331873,%,Lower is better,3,19.01889,-1.466988,-7.71,Better,Durham,15.664492254,Denver,23.21756922
Fort Worth,"Tarrant County, TX",Excessive Drinking,Health behaviors,2023,2020,17.293485192,%,Lower is better,3,19.01889,-1.466988,-7.71,Better,Durham,15.664492254,Denver,23.21756922
Dallas,"Dallas County, TX",Excessive Drinking,Health behaviors,2023,2020,18.807526007,%,Lower is better,3,19.01889,-1.466988,-7.71,Better,Durham,15.664492254,Denver,23.21756922
Nashville,"Davidson County, TN",Excessive Drinking,Health behaviors,2023,2020,17.551902338,%,Lower is better,3,19.01889,-1.466988,-7.71,Better,Durham,15.664492254,Denver,23.21756922
Austin,"Travis County, TX",Insufficient Sleep,Health behaviors,2023,2020,30.4,%,Lower is better,6,32.3125,1.7875,5.53,Worse,Denver,27.5,Atlanta,36
Raleigh,"Wake County, NC",Insufficient Sleep,Health behaviors,2023,2020,30.5,%,Lower is better,6,32.3125,1.7875,5.53,Worse,Denver,27.5,Atlanta,36
Durham,"Durham County, NC",Insufficient Sleep,Health behaviors,2023,2020,32.5,%,Lower is better,6,32.3125,1.7875,5.53,Worse,Denver,27.5,Atlanta,36
Charlotte,"Mecklenburg County, NC",Insufficient Sleep,Health behaviors,2023,2020,32.6,%,Lower is better,6,32.3125,1.7875,5.53,Worse,Denver,27.5,Atlanta,36
Denver,"Denver County, CO",Insufficient Sleep,Health behaviors,2023,2020,27.5,%,Lower is better,6,32.3125,1.7875,5.53,Worse,Denver,27.5,Atlanta,36
Atlanta,"Fulton County, GA",Insufficient Sleep,Health behaviors,2023,2020,36,%,Lower is better,6,32.3125,1.7875,5.53,Worse,Denver,27.5,Atlanta,36
Fort Worth,"Tarrant County, TX",Insufficient Sleep,Health behaviors,2023,2020,34.1,%,Lower is better,6,32.3125,1.7875,5.53,Worse,Denver,27.5,Atlanta,36
Dallas,"Dallas County, TX",Insufficient Sleep,Health behaviors,2023,2020,34.9,%,Lower is better,6,32.3125,1.7875,5.53,Worse,Denver,27.5,Atlanta,36
Nashville,"Davidson County, TN",Insufficient Sleep,Health behaviors,2023,2020,34.1,%,Lower is better,6,32.3125,1.7875,5.53,Worse,Denver,27.5,Atlanta,36
Austin,"Travis County, TX",Food Insecurity,Health behaviors,2023,2020,12.6,%,Lower is better,5,11.75,0.65,5.53,Worse,Raleigh,9.5,Dallas,14.2
Raleigh,"Wake County, NC",Food Insecurity,Health behaviors,2023,2020,9.5,%,Lower is better,5,11.75,0.65,5.53,Worse,Raleigh,9.5,Dallas,14.2
Durham,"Durham County, NC",Food Insecurity,Health behaviors,2023,2020,11.3,%,Lower is better,5,11.75,0.65,5.53,Worse,Raleigh,9.5,Dallas,14.2
Charlotte,"Mecklenburg County, NC",Food Insecurity,Health behaviors,2023,2020,10.9,%,Lower is better,5,11.75,0.65,5.53,Worse,Raleigh,9.5,Dallas,14.2
Denver,"Denver County, CO",Food Insecurity,Health behaviors,2023,2020,11.1,%,Lower is better,5,11.75,0.65,5.53,Worse,Raleigh,9.5,Dallas,14.2
Atlanta,"Fulton County, GA",Food Insecurity,Health behaviors,2023,2020,11.3,%,Lower is better,5,11.75,0.65,5.53,Worse,Raleigh,9.5,Dallas,14.2
Fort Worth,"Tarrant County, TX",Food Insecurity,Health behaviors,2023,2020,13.1,%,Lower is better,5,11.75,0.65,5.53,Worse,Raleigh,9.5,Dallas,14.2
Dallas,"Dallas County, TX",Food Insecurity,Health behaviors,2023,2020,14.2,%,Lower is better,5,11.75,0.65,5.53,Worse,Raleigh,9.5,Dallas,14.2
Nashville,"Davidson County, TN",Food Insecurity,Health behaviors,2023,2020,12.4,%,Lower is better,5,11.75,0.65,5.53,Worse,Raleigh,9.5,Dallas,14.2
Austin,"Travis County, TX",Drug Overdose Deaths,Health behaviors,2023,2018-2020,14.202762084,"deaths per 100,000 population",Lower is better,9,16.838345,31.650126,187.96,Worse,Fort Worth,10.442427758,Nashville,48.488471614
Raleigh,"Wake County, NC",Drug Overdose Deaths,Health behaviors,2023,2018-2020,13.517819093,"deaths per 100,000 population",Lower is better,9,16.838345,31.650126,187.96,Worse,Fort Worth,10.442427758,Nashville,48.488471614
Durham,"Durham County, NC",Drug Overdose Deaths,Health behaviors,2023,2018-2020,17.710425226,"deaths per 100,000 population",Lower is better,9,16.838345,31.650126,187.96,Worse,Fort Worth,10.442427758,Nashville,48.488471614
Charlotte,"Mecklenburg County, NC",Drug Overdose Deaths,Health behaviors,2023,2018-2020,19.020749418,"deaths per 100,000 population",Lower is better,9,16.838345,31.650126,187.96,Worse,Fort Worth,10.442427758,Nashville,48.488471614
Denver,"Denver County, CO",Drug Overdose Deaths,Health behaviors,2023,2018-2020,28.817372654,"deaths per 100,000 population",Lower is better,9,16.838345,31.650126,187.96,Worse,Fort Worth,10.442427758,Nashville,48.488471614
Atlanta,"Fulton County, GA",Drug Overdose Deaths,Health behaviors,2023,2018-2020,16.606855874,"deaths per 100,000 population",Lower is better,9,16.838345,31.650126,187.96,Worse,Fort Worth,10.442427758,Nashville,48.488471614
Fort Worth,"Tarrant County, TX",Drug Overdose Deaths,Health behaviors,2023,2018-2020,10.442427758,"deaths per 100,000 population",Lower is better,9,16.838345,31.650126,187.96,Worse,Fort Worth,10.442427758,Nashville,48.488471614
Dallas,"Dallas County, TX",Drug Overdose Deaths,Health behaviors,2023,2018-2020,14.388350948,"deaths per 100,000 population",Lower is better,9,16.838345,31.650126,187.96,Worse,Fort Worth,10.442427758,Nashville,48.488471614
Nashville,"Davidson County, TN",Drug Overdose Deaths,Health behaviors,2023,2018-2020,48.488471614,"deaths per 100,000 population",Lower is better,9,16.838345,31.650126,187.96,Worse,Fort Worth,10.442427758,Nashville,48.488471614
Austin,"Travis County, TX",Access to Exercise Opportunities,Health behaviors,2023,2022 & 2020,92.82771193,%,Higher is better,6,93.268365,-0.467017,-0.50,Worse,Denver,99.062642379,Raleigh,89.566764948
Raleigh,"Wake County, NC",Access to Exercise Opportunities,Health behaviors,2023,2022 & 2020,89.566764948,%,Higher is better,6,93.268365,-0.467017,-0.50,Worse,Denver,99.062642379,Raleigh,89.566764948
Durham,"Durham County, NC",Access to Exercise Opportunities,Health behaviors,2023,2022 & 2020,89.742729341,%,Higher is better,6,93.268365,-0.467017,-0.50,Worse,Denver,99.062642379,Raleigh,89.566764948
Charlotte,"Mecklenburg County, NC",Access to Exercise Opportunities,Health behaviors,2023,2022 & 2020,89.575627397,%,Higher is better,6,93.268365,-0.467017,-0.50,Worse,Denver,99.062642379,Raleigh,89.566764948
Denver,"Denver County, CO",Access to Exercise Opportunities,Health behaviors,2023,2022 & 2020,99.062642379,%,Higher is better,6,93.268365,-0.467017,-0.50,Worse,Denver,99.062642379,Raleigh,89.566764948
Atlanta,"Fulton County, GA",Access to Exercise Opportunities,Health behaviors,2023,2022 & 2020,93.997806339,%,Higher is better,6,93.268365,-0.467017,-0.50,Worse,Denver,99.062642379,Raleigh,89.566764948
Fort Worth,"Tarrant County, TX",Access to Exercise Opportunities,Health behaviors,2023,2022 & 2020,94.645557746,%,Higher is better,6,93.268365,-0.467017,-0.50,Worse,Denver,99.062642379,Raleigh,89.566764948
Dallas,"Dallas County, TX",Access to Exercise Opportunities,Health behaviors,2023,2022 & 2020,96.728076375,%,Higher is better,6,93.268365,-0.467017,-0.50,Worse,Denver,99.062642379,Raleigh,89.566764948
Nashville,"Davidson County, TN",Access to Exercise Opportunities,Health behaviors,2023,2022 & 2020,92.801347704,%,Higher is better,6,93.268365,-0.467017,-0.50,Worse,Denver,99.062642379,Raleigh,89.566764948
Austin,"Travis County, TX",Uninsured,Clinical care,2023,2020,13.76534019,%,Lower is better,5,14.280008,-0.850793,-5.96,Better,Raleigh,9.4702436583,Dallas,22.543115326
Raleigh,"Wake County, NC",Uninsured,Clinical care,2023,2020,9.4702436583,%,Lower is better,5,14.280008,-0.850793,-5.96,Better,Raleigh,9.4702436583,Dallas,22.543115326
Durham,"Durham County, NC",Uninsured,Clinical care,2023,2020,13.46849344,%,Lower is better,5,14.280008,-0.850793,-5.96,Better,Raleigh,9.4702436583,Dallas,22.543115326
Charlotte,"Mecklenburg County, NC",Uninsured,Clinical care,2023,2020,12.218212298,%,Lower is better,5,14.280008,-0.850793,-5.96,Better,Raleigh,9.4702436583,Dallas,22.543115326
Denver,"Denver County, CO",Uninsured,Clinical care,2023,2020,12.011999684,%,Lower is better,5,14.280008,-0.850793,-5.96,Better,Raleigh,9.4702436583,Dallas,22.543115326
Atlanta,"Fulton County, GA",Uninsured,Clinical care,2023,2020,11.043056418,%,Lower is better,5,14.280008,-0.850793,-5.96,Better,Raleigh,9.4702436583,Dallas,22.543115326
Fort Worth,"Tarrant County, TX",Uninsured,Clinical care,2023,2020,19.719604976,%,Lower is better,5,14.280008,-0.850793,-5.96,Better,Raleigh,9.4702436583,Dallas,22.543115326
Dallas,"Dallas County, TX",Uninsured,Clinical care,2023,2020,22.543115326,%,Lower is better,5,14.280008,-0.850793,-5.96,Better,Raleigh,9.4702436583,Dallas,22.543115326
Nashville,"Davidson County, TN",Uninsured,Clinical care,2023,2020,13.42921552,%,Lower is better,5,14.280008,-0.850793,-5.96,Better,Raleigh,9.4702436583,Dallas,22.543115326
Austin,"Travis County, TX",Primary Care Physicians,Clinical care,2023,2020,1170,residents per primary care physician,Lower is better,4,1123.625,-84.625,-7.53,Better,Denver,725,Fort Worth,1707
Raleigh,"Wake County, NC",Primary Care Physicians,Clinical care,2023,2020,1159,residents per primary care physician,Lower is better,4,1123.625,-84.625,-7.53,Better,Denver,725,Fort Worth,1707
Durham,"Durham County, NC",Primary Care Physicians,Clinical care,2023,2020,812,residents per primary care physician,Lower is better,4,1123.625,-84.625,-7.53,Better,Denver,725,Fort Worth,1707
Charlotte,"Mecklenburg County, NC",Primary Care Physicians,Clinical care,2023,2020,1111,residents per primary care physician,Lower is better,4,1123.625,-84.625,-7.53,Better,Denver,725,Fort Worth,1707
Denver,"Denver County, CO",Primary Care Physicians,Clinical care,2023,2020,725,residents per primary care physician,Lower is better,4,1123.625,-84.625,-7.53,Better,Denver,725,Fort Worth,1707
Atlanta,"Fulton County, GA",Primary Care Physicians,Clinical care,2023,2020,902,residents per primary care physician,Lower is better,4,1123.625,-84.625,-7.53,Better,Denver,725,Fort Worth,1707
Fort Worth,"Tarrant County, TX",Primary Care Physicians,Clinical care,2023,2020,1707,residents per primary care physician,Lower is better,4,1123.625,-84.625,-7.53,Better,Denver,725,Fort Worth,1707
Dallas,"Dallas County, TX",Primary Care Physicians,Clinical care,2023,2020,1403,residents per primary care physician,Lower is better,4,1123.625,-84.625,-7.53,Better,Denver,725,Fort Worth,1707
Nashville,"Davidson County, TN",Primary Care Physicians,Clinical care,2023,2020,1039,residents per primary care physician,Lower is better,4,1123.625,-84.625,-7.53,Better,Denver,725,Fort Worth,1707
Austin,"Travis County, TX",Mental Health Providers,Clinical care,2023,2022,291,residents per mental health provider,Lower is better,3,324.875,-64.875,-19.97,Better,Durham,140,Fort Worth,614
Raleigh,"Wake County, NC",Mental Health Providers,Clinical care,2023,2022,272,residents per mental health provider,Lower is better,3,324.875,-64.875,-19.97,Better,Durham,140,Fort Worth,614
Durham,"Durham County, NC",Mental Health Providers,Clinical care,2023,2022,140,residents per mental health provider,Lower is better,3,324.875,-64.875,-19.97,Better,Durham,140,Fort Worth,614
Charlotte,"Mecklenburg County, NC",Mental Health Providers,Clinical care,2023,2022,274,residents per mental health provider,Lower is better,3,324.875,-64.875,-19.97,Better,Durham,140,Fort Worth,614
Denver,"Denver County, CO",Mental Health Providers,Clinical care,2023,2022,143,residents per mental health provider,Lower is better,3,324.875,-64.875,-19.97,Better,Durham,140,Fort Worth,614
Atlanta,"Fulton County, GA",Mental Health Providers,Clinical care,2023,2022,338,residents per mental health provider,Lower is better,3,324.875,-64.875,-19.97,Better,Durham,140,Fort Worth,614
Fort Worth,"Tarrant County, TX",Mental Health Providers,Clinical care,2023,2022,614,residents per mental health provider,Lower is better,3,324.875,-64.875,-19.97,Better,Durham,140,Fort Worth,614
Dallas,"Dallas County, TX",Mental Health Providers,Clinical care,2023,2022,527,residents per mental health provider,Lower is better,3,324.875,-64.875,-19.97,Better,Durham,140,Fort Worth,614
Nashville,"Davidson County, TN",Mental Health Providers,Clinical care,2023,2022,260,residents per mental health provider,Lower is better,3,324.875,-64.875,-19.97,Better,Durham,140,Fort Worth,614
Austin,"Travis County, TX",Preventable Hospital Stays,Clinical care,2023,2020,2367,"hospital stays per 100,000 Medicare enrollees",Lower is better,9,2782.625,796.375,28.62,Worse,Denver,1891,Nashville,3579
Raleigh,"Wake County, NC",Preventable Hospital Stays,Clinical care,2023,2020,2483,"hospital stays per 100,000 Medicare enrollees",Lower is better,9,2782.625,796.375,28.62,Worse,Denver,1891,Nashville,3579
Durham,"Durham County, NC",Preventable Hospital Stays,Clinical care,2023,2020,2885,"hospital stays per 100,000 Medicare enrollees",Lower is better,9,2782.625,796.375,28.62,Worse,Denver,1891,Nashville,3579
Charlotte,"Mecklenburg County, NC",Preventable Hospital Stays,Clinical care,2023,2020,2974,"hospital stays per 100,000 Medicare enrollees",Lower is better,9,2782.625,796.375,28.62,Worse,Denver,1891,Nashville,3579
Denver,"Denver County, CO",Preventable Hospital Stays,Clinical care,2023,2020,1891,"hospital stays per 100,000 Medicare enrollees",Lower is better,9,2782.625,796.375,28.62,Worse,Denver,1891,Nashville,3579
Atlanta,"Fulton County, GA",Preventable Hospital Stays,Clinical care,2023,2020,2976,"hospital stays per 100,000 Medicare enrollees",Lower is better,9,2782.625,796.375,28.62,Worse,Denver,1891,Nashville,3579
Fort Worth,"Tarrant County, TX",Preventable Hospital Stays,Clinical care,2023,2020,3520,"hospital stays per 100,000 Medicare enrollees",Lower is better,9,2782.625,796.375,28.62,Worse,Denver,1891,Nashville,3579
Dallas,"Dallas County, TX",Preventable Hospital Stays,Clinical care,2023,2020,3165,"hospital stays per 100,000 Medicare enrollees",Lower is better,9,2782.625,796.375,28.62,Worse,Denver,1891,Nashville,3579
Nashville,"Davidson County, TN",Preventable Hospital Stays,Clinical care,2023,2020,3579,"hospital stays per 100,000 Medicare enrollees",Lower is better,9,2782.625,796.375,28.62,Worse,Denver,1891,Nashville,3579
Austin,"Travis County, TX",Children in Poverty,Social & economic,2023,2021,13.8,%,Lower is better,8,16,5.1,31.88,Worse,Raleigh,10.1,Nashville,21.1
Raleigh,"Wake County, NC",Children in Poverty,Social & economic,2023,2021,10.1,%,Lower is better,8,16,5.1,31.88,Worse,Raleigh,10.1,Nashville,21.1
Durham,"Durham County, NC",Children in Poverty,Social & economic,2023,2021,19.3,%,Lower is better,8,16,5.1,31.88,Worse,Raleigh,10.1,Nashville,21.1
Charlotte,"Mecklenburg County, NC",Children in Poverty,Social & economic,2023,2021,14.1,%,Lower is better,8,16,5.1,31.88,Worse,Raleigh,10.1,Nashville,21.1
Denver,"Denver County, CO",Children in Poverty,Social & economic,2023,2021,15.8,%,Lower is better,8,16,5.1,31.88,Worse,Raleigh,10.1,Nashville,21.1
Atlanta,"Fulton County, GA",Children in Poverty,Social & economic,2023,2021,19.3,%,Lower is better,8,16,5.1,31.88,Worse,Raleigh,10.1,Nashville,21.1
Fort Worth,"Tarrant County, TX",Children in Poverty,Social & economic,2023,2021,15.3,%,Lower is better,8,16,5.1,31.88,Worse,Raleigh,10.1,Nashville,21.1
Dallas,"Dallas County, TX",Children in Poverty,Social & economic,2023,2021,20.3,%,Lower is better,8,16,5.1,31.88,Worse,Raleigh,10.1,Nashville,21.1
Nashville,"Davidson County, TN",Children in Poverty,Social & economic,2023,2021,21.1,%,Lower is better,8,16,5.1,31.88,Worse,Raleigh,10.1,Nashville,21.1
Austin,"Travis County, TX",Unemployment,Social & economic,2023,2021,4.0411587976,%,Lower is better,4,4.807813,-0.609882,-12.69,Better,Raleigh,3.9762895699,Denver,5.9187545769
Raleigh,"Wake County, NC",Unemployment,Social & economic,2023,2021,3.9762895699,%,Lower is better,4,4.807813,-0.609882,-12.69,Better,Raleigh,3.9762895699,Denver,5.9187545769
Durham,"Durham County, NC",Unemployment,Social & economic,2023,2021,4.0983090973,%,Lower is better,4,4.807813,-0.609882,-12.69,Better,Raleigh,3.9762895699,Denver,5.9187545769
Charlotte,"Mecklenburg County, NC",Unemployment,Social & economic,2023,2021,4.8942630408,%,Lower is better,4,4.807813,-0.609882,-12.69,Better,Raleigh,3.9762895699,Denver,5.9187545769
Denver,"Denver County, CO",Unemployment,Social & economic,2023,2021,5.9187545769,%,Lower is better,4,4.807813,-0.609882,-12.69,Better,Raleigh,3.9762895699,Denver,5.9187545769
Atlanta,"Fulton County, GA",Unemployment,Social & economic,2023,2021,4.6526010992,%,Lower is better,4,4.807813,-0.609882,-12.69,Better,Raleigh,3.9762895699,Denver,5.9187545769
Fort Worth,"Tarrant County, TX",Unemployment,Social & economic,2023,2021,5.300693909,%,Lower is better,4,4.807813,-0.609882,-12.69,Better,Raleigh,3.9762895699,Denver,5.9187545769
Dallas,"Dallas County, TX",Unemployment,Social & economic,2023,2021,5.580433105,%,Lower is better,4,4.807813,-0.609882,-12.69,Better,Raleigh,3.9762895699,Denver,5.9187545769
Nashville,"Davidson County, TN",Unemployment,Social & economic,2023,2021,4.1979310532,%,Lower is better,4,4.807813,-0.609882,-12.69,Better,Raleigh,3.9762895699,Denver,5.9187545769
Austin,"Travis County, TX",Median Household Income,Social & economic,2023,2021,84519,USD,Higher is better,8,77710.125,-12247.125,-15.76,Worse,Raleigh,91558,Dallas,63549
Raleigh,"Wake County, NC",Median Household Income,Social & economic,2023,2021,91558,USD,Higher is better,8,77710.125,-12247.125,-15.76,Worse,Raleigh,91558,Dallas,63549
Durham,"Durham County, NC",Median Household Income,Social & economic,2023,2021,71436,USD,Higher is better,8,77710.125,-12247.125,-15.76,Worse,Raleigh,91558,Dallas,63549
Charlotte,"Mecklenburg County, NC",Median Household Income,Social & economic,2023,2021,75138,USD,Higher is better,8,77710.125,-12247.125,-15.76,Worse,Raleigh,91558,Dallas,63549
Denver,"Denver County, CO",Median Household Income,Social & economic,2023,2021,81262,USD,Higher is better,8,77710.125,-12247.125,-15.76,Worse,Raleigh,91558,Dallas,63549
Atlanta,"Fulton County, GA",Median Household Income,Social & economic,2023,2021,82820,USD,Higher is better,8,77710.125,-12247.125,-15.76,Worse,Raleigh,91558,Dallas,63549
Fort Worth,"Tarrant County, TX",Median Household Income,Social & economic,2023,2021,71399,USD,Higher is better,8,77710.125,-12247.125,-15.76,Worse,Raleigh,91558,Dallas,63549
Dallas,"Dallas County, TX",Median Household Income,Social & economic,2023,2021,63549,USD,Higher is better,8,77710.125,-12247.125,-15.76,Worse,Raleigh,91558,Dallas,63549
Nashville,"Davidson County, TN",Median Household Income,Social & economic,2023,2021,65463,USD,Higher is better,8,77710.125,-12247.125,-15.76,Worse,Raleigh,91558,Dallas,63549
Austin,"Travis County, TX",High School Completion,Social & economic,2023,2017-2021,90.634492145,%,Higher is better,5,89.463859,0.648816,0.73,Better,Raleigh,93.661212565,Dallas,80.722989948
Raleigh,"Wake County, NC",High School Completion,Social & economic,2023,2017-2021,93.661212565,%,Higher is better,5,89.463859,0.648816,0.73,Better,Raleigh,93.661212565,Dallas,80.722989948
Durham,"Durham County, NC",High School Completion,Social & economic,2023,2017-2021,89.933703152,%,Higher is better,5,89.463859,0.648816,0.73,Better,Raleigh,93.661212565,Dallas,80.722989948
Charlotte,"Mecklenburg County, NC",High School Completion,Social & economic,2023,2017-2021,90.828960188,%,Higher is better,5,89.463859,0.648816,0.73,Better,Raleigh,93.661212565,Dallas,80.722989948
Denver,"Denver County, CO",High School Completion,Social & economic,2023,2017-2021,90.03238638,%,Higher is better,5,89.463859,0.648816,0.73,Better,Raleigh,93.661212565,Dallas,80.722989948
Atlanta,"Fulton County, GA",High School Completion,Social & economic,2023,2017-2021,93.245625481,%,Higher is better,5,89.463859,0.648816,0.73,Better,Raleigh,93.661212565,Dallas,80.722989948
Fort Worth,"Tarrant County, TX",High School Completion,Social & economic,2023,2017-2021,86.65149921,%,Higher is better,5,89.463859,0.648816,0.73,Better,Raleigh,93.661212565,Dallas,80.722989948
Dallas,"Dallas County, TX",High School Completion,Social & economic,2023,2017-2021,80.722989948,%,Higher is better,5,89.463859,0.648816,0.73,Better,Raleigh,93.661212565,Dallas,80.722989948
Nashville,"Davidson County, TN",High School Completion,Social & economic,2023,2017-2021,90.112674855,%,Higher is better,5,89.463859,0.648816,0.73,Better,Raleigh,93.661212565,Dallas,80.722989948
Austin,"Travis County, TX",Income Inequality,Social & economic,2023,2017-2021,4.488372093,80th/20th percentile income ratio,Lower is better,2,4.635836,-0.272172,-5.87,Better,Fort Worth,4.2183022276,Atlanta,5.7870407751
Raleigh,"Wake County, NC",Income Inequality,Social & economic,2023,2017-2021,4.3765625404,80th/20th percentile income ratio,Lower is better,2,4.635836,-0.272172,-5.87,Better,Fort Worth,4.2183022276,Atlanta,5.7870407751
Durham,"Durham County, NC",Income Inequality,Social & economic,2023,2017-2021,4.5860240476,80th/20th percentile income ratio,Lower is better,2,4.635836,-0.272172,-5.87,Better,Fort Worth,4.2183022276,Atlanta,5.7870407751
Charlotte,"Mecklenburg County, NC",Income Inequality,Social & economic,2023,2017-2021,4.4477715667,80th/20th percentile income ratio,Lower is better,2,4.635836,-0.272172,-5.87,Better,Fort Worth,4.2183022276,Atlanta,5.7870407751
Denver,"Denver County, CO",Income Inequality,Social & economic,2023,2017-2021,4.7730172103,80th/20th percentile income ratio,Lower is better,2,4.635836,-0.272172,-5.87,Better,Fort Worth,4.2183022276,Atlanta,5.7870407751
Atlanta,"Fulton County, GA",Income Inequality,Social & economic,2023,2017-2021,5.7870407751,80th/20th percentile income ratio,Lower is better,2,4.635836,-0.272172,-5.87,Better,Fort Worth,4.2183022276,Atlanta,5.7870407751
Fort Worth,"Tarrant County, TX",Income Inequality,Social & economic,2023,2017-2021,4.2183022276,80th/20th percentile income ratio,Lower is better,2,4.635836,-0.272172,-5.87,Better,Fort Worth,4.2183022276,Atlanta,5.7870407751
Dallas,"Dallas County, TX",Income Inequality,Social & economic,2023,2017-2021,4.4095992386,80th/20th percentile income ratio,Lower is better,2,4.635836,-0.272172,-5.87,Better,Fort Worth,4.2183022276,Atlanta,5.7870407751
Nashville,"Davidson County, TN",Income Inequality,Social & economic,2023,2017-2021,4.3636639881,80th/20th percentile income ratio,Lower is better,2,4.635836,-0.272172,-5.87,Better,Fort Worth,4.2183022276,Atlanta,5.7870407751
Austin,"Travis County, TX",Severe Housing Problems,Physical environment,2023,2015-2019,18.613980862,%,Lower is better,4,16.827911,-0.620165,-3.69,Better,Raleigh,12.048629333,Dallas,20.600749725
Raleigh,"Wake County, NC",Severe Housing Problems,Physical environment,2023,2015-2019,12.048629333,%,Lower is better,4,16.827911,-0.620165,-3.69,Better,Raleigh,12.048629333,Dallas,20.600749725
Durham,"Durham County, NC",Severe Housing Problems,Physical environment,2023,2015-2019,15.954110595,%,Lower is better,4,16.827911,-0.620165,-3.69,Better,Raleigh,12.048629333,Dallas,20.600749725
Charlotte,"Mecklenburg County, NC",Severe Housing Problems,Physical environment,2023,2015-2019,15.206947299,%,Lower is better,4,16.827911,-0.620165,-3.69,Better,Raleigh,12.048629333,Dallas,20.600749725
Denver,"Denver County, CO",Severe Housing Problems,Physical environment,2023,2015-2019,18.341625207,%,Lower is better,4,16.827911,-0.620165,-3.69,Better,Raleigh,12.048629333,Dallas,20.600749725
Atlanta,"Fulton County, GA",Severe Housing Problems,Physical environment,2023,2015-2019,17.414601474,%,Lower is better,4,16.827911,-0.620165,-3.69,Better,Raleigh,12.048629333,Dallas,20.600749725
Fort Worth,"Tarrant County, TX",Severe Housing Problems,Physical environment,2023,2015-2019,16.442640311,%,Lower is better,4,16.827911,-0.620165,-3.69,Better,Raleigh,12.048629333,Dallas,20.600749725
Dallas,"Dallas County, TX",Severe Housing Problems,Physical environment,2023,2015-2019,20.600749725,%,Lower is better,4,16.827911,-0.620165,-3.69,Better,Raleigh,12.048629333,Dallas,20.600749725
Nashville,"Davidson County, TN",Severe Housing Problems,Physical environment,2023,2015-2019,16.207745294,%,Lower is better,4,16.827911,-0.620165,-3.69,Better,Raleigh,12.048629333,Dallas,20.600749725
Austin,"Travis County, TX",Air Pollution – Particulate Matter,Physical environment,2023,2019,9.5,µg/m³ PM2.5,Lower is better,2,9.45,-0.25,-2.65,Better,Durham,8.1,Raleigh,10.2
Raleigh,"Wake County, NC",Air Pollution – Particulate Matter,Physical environment,2023,2019,10.2,µg/m³ PM2.5,Lower is better,2,9.45,-0.25,-2.65,Better,Durham,8.1,Raleigh,10.2
Durham,"Durham County, NC",Air Pollution – Particulate Matter,Physical environment,2023,2019,8.1,µg/m³ PM2.5,Lower is better,2,9.45,-0.25,-2.65,Better,Durham,8.1,Raleigh,10.2
Charlotte,"Mecklenburg County, NC",Air Pollution – Particulate Matter,Physical environment,2023,2019,9.5,µg/m³ PM2.5,Lower is better,2,9.45,-0.25,-2.65,Better,Durham,8.1,Raleigh,10.2
Denver,"Denver County, CO",Air Pollution – Particulate Matter,Physical environment,2023,2019,10,µg/m³ PM2.5,Lower is better,2,9.45,-0.25,-2.65,Better,Durham,8.1,Raleigh,10.2
Atlanta,"Fulton County, GA",Air Pollution – Particulate Matter,Physical environment,2023,2019,9.5,µg/m³ PM2.5,Lower is better,2,9.45,-0.25,-2.65,Better,Durham,8.1,Raleigh,10.2
Fort Worth,"Tarrant County, TX",Air Pollution – Particulate Matter,Physical environment,2023,2019,9.2,µg/m³ PM2.5,Lower is better,2,9.45,-0.25,-2.65,Better,Durham,8.1,Raleigh,10.2
Dallas,"Dallas County, TX",Air Pollution – Particulate Matter,Physical environment,2023,2019,9.6,µg/m³ PM2.5,Lower is better,2,9.45,-0.25,-2.65,Better,Durham,8.1,Raleigh,10.2
Nashville,"Davidson County, TN",Air Pollution – Particulate Matter,Physical environment,2023,2019,9.2,µg/m³ PM2.5,Lower is better,2,9.45,-0.25,-2.65,Better,Durham,8.1,Raleigh,10.2
Austin,"Travis County, TX",Suicide Rate,Health outcomes / well-being,2023,2016-2020,12.162310077,"deaths per 100,000 population",Lower is better,8,11.588317,1.711568,14.77,Worse,Durham,8.1786612881,Denver,19.289932872
Raleigh,"Wake County, NC",Suicide Rate,Health outcomes / well-being,2023,2016-2020,9.0604956714,"deaths per 100,000 population",Lower is better,8,11.588317,1.711568,14.77,Worse,Durham,8.1786612881,Denver,19.289932872
Durham,"Durham County, NC",Suicide Rate,Health outcomes / well-being,2023,2016-2020,8.1786612881,"deaths per 100,000 population",Lower is better,8,11.588317,1.711568,14.77,Worse,Durham,8.1786612881,Denver,19.289932872
Charlotte,"Mecklenburg County, NC",Suicide Rate,Health outcomes / well-being,2023,2016-2020,9.5254169022,"deaths per 100,000 population",Lower is better,8,11.588317,1.711568,14.77,Worse,Durham,8.1786612881,Denver,19.289932872
Denver,"Denver County, CO",Suicide Rate,Health outcomes / well-being,2023,2016-2020,19.289932872,"deaths per 100,000 population",Lower is better,8,11.588317,1.711568,14.77,Worse,Durham,8.1786612881,Denver,19.289932872
Atlanta,"Fulton County, GA",Suicide Rate,Health outcomes / well-being,2023,2016-2020,10.623081001,"deaths per 100,000 population",Lower is better,8,11.588317,1.711568,14.77,Worse,Durham,8.1786612881,Denver,19.289932872
Fort Worth,"Tarrant County, TX",Suicide Rate,Health outcomes / well-being,2023,2016-2020,12.81691413,"deaths per 100,000 population",Lower is better,8,11.588317,1.711568,14.77,Worse,Durham,8.1786612881,Denver,19.289932872
Dallas,"Dallas County, TX",Suicide Rate,Health outcomes / well-being,2023,2016-2020,11.049727917,"deaths per 100,000 population",Lower is better,8,11.588317,1.711568,14.77,Worse,Durham,8.1786612881,Denver,19.289932872
Nashville,"Davidson County, TN",Suicide Rate,Health outcomes / well-being,2023,2016-2020,13.299885979,"deaths per 100,000 population",Lower is better,8,11.588317,1.711568,14.77,Worse,Durham,8.1786612881,Denver,19.289932872
Austin,"Travis County, TX",Teen Birth Rate,Health behaviors,2023,2014-2020,21.974317565,"births per 1,000 females ages 15–19",Lower is better,8,21.061599,5.512792,26.17,Worse,Raleigh,11.018550763,Dallas,33.09600863
Raleigh,"Wake County, NC",Teen Birth Rate,Health behaviors,2023,2014-2020,11.018550763,"births per 1,000 females ages 15–19",Lower is better,8,21.061599,5.512792,26.17,Worse,Raleigh,11.018550763,Dallas,33.09600863
Durham,"Durham County, NC",Teen Birth Rate,Health behaviors,2023,2014-2020,18.399633154,"births per 1,000 females ages 15–19",Lower is better,8,21.061599,5.512792,26.17,Worse,Raleigh,11.018550763,Dallas,33.09600863
Charlotte,"Mecklenburg County, NC",Teen Birth Rate,Health behaviors,2023,2014-2020,18.575838408,"births per 1,000 females ages 15–19",Lower is better,8,21.061599,5.512792,26.17,Worse,Raleigh,11.018550763,Dallas,33.09600863
Denver,"Denver County, CO",Teen Birth Rate,Health behaviors,2023,2014-2020,24.710039563,"births per 1,000 females ages 15–19",Lower is better,8,21.061599,5.512792,26.17,Worse,Raleigh,11.018550763,Dallas,33.09600863
Atlanta,"Fulton County, GA",Teen Birth Rate,Health behaviors,2023,2014-2020,17.064832256,"births per 1,000 females ages 15–19",Lower is better,8,21.061599,5.512792,26.17,Worse,Raleigh,11.018550763,Dallas,33.09600863
Fort Worth,"Tarrant County, TX",Teen Birth Rate,Health behaviors,2023,2014-2020,23.653569856,"births per 1,000 females ages 15–19",Lower is better,8,21.061599,5.512792,26.17,Worse,Raleigh,11.018550763,Dallas,33.09600863
Dallas,"Dallas County, TX",Teen Birth Rate,Health behaviors,2023,2014-2020,33.09600863,"births per 1,000 females ages 15–19",Lower is better,8,21.061599,5.512792,26.17,Worse,Raleigh,11.018550763,Dallas,33.09600863
Nashville,"Davidson County, TN",Teen Birth Rate,Health behaviors,2023,2014-2020,26.574390317,"births per 1,000 females ages 15–19",Lower is better,8,21.061599,5.512792,26.17,Worse,Raleigh,11.018550763,Dallas,33.09600863
Austin,"Travis County, TX",Injury Deaths,Health outcomes / well-being,2023,2016-2020,57.495166198,"deaths per 100,000 population",Lower is better,9,62.171997,46.895978,75.43,Worse,Raleigh,47.678133554,Nashville,109.0679751
Raleigh,"Wake County, NC",Injury Deaths,Health outcomes / well-being,2023,2016-2020,47.678133554,"deaths per 100,000 population",Lower is better,9,62.171997,46.895978,75.43,Worse,Raleigh,47.678133554,Nashville,109.0679751
Durham,"Durham County, NC",Injury Deaths,Health outcomes / well-being,2023,2016-2020,67.892521402,"deaths per 100,000 population",Lower is better,9,62.171997,46.895978,75.43,Worse,Raleigh,47.678133554,Nashville,109.0679751
Charlotte,"Mecklenburg County, NC",Injury Deaths,Health outcomes / well-being,2023,2016-2020,58.866865,"deaths per 100,000 population",Lower is better,9,62.171997,46.895978,75.43,Worse,Raleigh,47.678133554,Nashville,109.0679751
Denver,"Denver County, CO",Injury Deaths,Health outcomes / well-being,2023,2016-2020,85.240885879,"deaths per 100,000 population",Lower is better,9,62.171997,46.895978,75.43,Worse,Raleigh,47.678133554,Nashville,109.0679751
Atlanta,"Fulton County, GA",Injury Deaths,Health outcomes / well-being,2023,2016-2020,67.063505049,"deaths per 100,000 population",Lower is better,9,62.171997,46.895978,75.43,Worse,Raleigh,47.678133554,Nashville,109.0679751
Fort Worth,"Tarrant County, TX",Injury Deaths,Health outcomes / well-being,2023,2016-2020,52.599945676,"deaths per 100,000 population",Lower is better,9,62.171997,46.895978,75.43,Worse,Raleigh,47.678133554,Nashville,109.0679751
Dallas,"Dallas County, TX",Injury Deaths,Health outcomes / well-being,2023,2016-2020,60.538952374,"deaths per 100,000 population",Lower is better,9,62.171997,46.895978,75.43,Worse,Raleigh,47.678133554,Nashville,109.0679751
Nashville,"Davidson County, TN",Injury Deaths,Health outcomes / well-being,2023,2016-2020,109.0679751,"deaths per 100,000 population",Lower is better,9,62.171997,46.895978,75.43,Worse,Raleigh,47.678133554,Nashville,109.0679751
Austin,"Travis County, TX",Broadband Access,Physical environment,2023,2017-2021,91.881406461,%,Higher is better,8,90.743449,-0.732594,-0.81,Worse,Raleigh,93.689357186,Dallas,86.765795959
Raleigh,"Wake County, NC",Broadband Access,Physical environment,2023,2017-2021,93.689357186,%,Higher is better,8,90.743449,-0.732594,-0.81,Worse,Raleigh,93.689357186,Dallas,86.765795959
Durham,"Durham County, NC",Broadband Access,Physical environment,2023,2017-2021,90.095057321,%,Higher is better,8,90.743449,-0.732594,-0.81,Worse,Raleigh,93.689357186,Dallas,86.765795959
Charlotte,"Mecklenburg County, NC",Broadband Access,Physical environment,2023,2017-2021,91.405127169,%,Higher is better,8,90.743449,-0.732594,-0.81,Worse,Raleigh,93.689357186,Dallas,86.765795959
Denver,"Denver County, CO",Broadband Access,Physical environment,2023,2017-2021,90.567203736,%,Higher is better,8,90.743449,-0.732594,-0.81,Worse,Raleigh,93.689357186,Dallas,86.765795959
Atlanta,"Fulton County, GA",Broadband Access,Physical environment,2023,2017-2021,90.380986429,%,Higher is better,8,90.743449,-0.732594,-0.81,Worse,Raleigh,93.689357186,Dallas,86.765795959
Fort Worth,"Tarrant County, TX",Broadband Access,Physical environment,2023,2017-2021,91.162659299,%,Higher is better,8,90.743449,-0.732594,-0.81,Worse,Raleigh,93.689357186,Dallas,86.765795959
Dallas,"Dallas County, TX",Broadband Access,Physical environment,2023,2017-2021,86.765795959,%,Higher is better,8,90.743449,-0.732594,-0.81,Worse,Raleigh,93.689357186,Dallas,86.765795959
Nashville,"Davidson County, TN",Broadband Access,Physical environment,2023,2017-2021,90.010855546,%,Higher is better,8,90.743449,-0.732594,-0.81,Worse,Raleigh,93.689357186,Dallas,86.765795959
Austin,"Travis County, TX",Severe Housing Cost Burden,Physical environment,2023,2017-2021,15.189305776,%,Lower is better,5,14.365587,0.732331,5.10,Worse,Raleigh,11.26226868,Atlanta,16.322520861
Raleigh,"Wake County, NC",Severe Housing Cost Burden,Physical environment,2023,2017-2021,11.26226868,%,Lower is better,5,14.365587,0.732331,5.10,Worse,Raleigh,11.26226868,Atlanta,16.322520861
Durham,"Durham County, NC",Severe Housing Cost Burden,Physical environment,2023,2017-2021,13.471335377,%,Lower is better,5,14.365587,0.732331,5.10,Worse,Raleigh,11.26226868,Atlanta,16.322520861
Charlotte,"Mecklenburg County, NC",Severe Housing Cost Burden,Physical environment,2023,2017-2021,13.486180624,%,Lower is better,5,14.365587,0.732331,5.10,Worse,Raleigh,11.26226868,Atlanta,16.322520861
Denver,"Denver County, CO",Severe Housing Cost Burden,Physical environment,2023,2017-2021,15.746549561,%,Lower is better,5,14.365587,0.732331,5.10,Worse,Raleigh,11.26226868,Atlanta,16.322520861
Atlanta,"Fulton County, GA",Severe Housing Cost Burden,Physical environment,2023,2017-2021,16.322520861,%,Lower is better,5,14.365587,0.732331,5.10,Worse,Raleigh,11.26226868,Atlanta,16.322520861
Fort Worth,"Tarrant County, TX",Severe Housing Cost Burden,Physical environment,2023,2017-2021,13.517967416,%,Lower is better,5,14.365587,0.732331,5.10,Worse,Raleigh,11.26226868,Atlanta,16.322520861
Dallas,"Dallas County, TX",Severe Housing Cost Burden,Physical environment,2023,2017-2021,15.928571584,%,Lower is better,5,14.365587,0.732331,5.10,Worse,Raleigh,11.26226868,Atlanta,16.322520861
Nashville,"Davidson County, TN",Severe Housing Cost Burden,Physical environment,2023,2017-2021,15.097918446,%,Lower is better,5,14.365587,0.732331,5.10,Worse,Raleigh,11.26226868,Atlanta,16.322520861
Austin,"Travis County, TX",Life Expectancy,Health outcomes / well-being,2024,2019-2021,80.639279379,years,Higher is better,9,78.906575,-3.466022,-4.39,Worse,Raleigh,81.158641111,Nashville,75.44055353
Raleigh,"Wake County, NC",Life Expectancy,Health outcomes / well-being,2024,2019-2021,81.158641111,years,Higher is better,9,78.906575,-3.466022,-4.39,Worse,Raleigh,81.158641111,Nashville,75.44055353
Durham,"Durham County, NC",Life Expectancy,Health outcomes / well-being,2024,2019-2021,79.394462074,years,Higher is better,9,78.906575,-3.466022,-4.39,Worse,Raleigh,81.158641111,Nashville,75.44055353
Charlotte,"Mecklenburg County, NC",Life Expectancy,Health outcomes / well-being,2024,2019-2021,79.1928541,years,Higher is better,9,78.906575,-3.466022,-4.39,Worse,Raleigh,81.158641111,Nashville,75.44055353
Denver,"Denver County, CO",Life Expectancy,Health outcomes / well-being,2024,2019-2021,78.0509182,years,Higher is better,9,78.906575,-3.466022,-4.39,Worse,Raleigh,81.158641111,Nashville,75.44055353
Atlanta,"Fulton County, GA",Life Expectancy,Health outcomes / well-being,2024,2019-2021,78.07800062,years,Higher is better,9,78.906575,-3.466022,-4.39,Worse,Raleigh,81.158641111,Nashville,75.44055353
Fort Worth,"Tarrant County, TX",Life Expectancy,Health outcomes / well-being,2024,2019-2021,77.455959517,years,Higher is better,9,78.906575,-3.466022,-4.39,Worse,Raleigh,81.158641111,Nashville,75.44055353
Dallas,"Dallas County, TX",Life Expectancy,Health outcomes / well-being,2024,2019-2021,77.282487655,years,Higher is better,9,78.906575,-3.466022,-4.39,Worse,Raleigh,81.158641111,Nashville,75.44055353
Nashville,"Davidson County, TN",Life Expectancy,Health outcomes / well-being,2024,2019-2021,75.44055353,years,Higher is better,9,78.906575,-3.466022,-4.39,Worse,Raleigh,81.158641111,Nashville,75.44055353
Austin,"Travis County, TX",Infant Mortality,Health outcomes / well-being,2024,2015-2021,4.0737879791,"deaths per 1,000 live births",Lower is better,9,5.665364,1.472191,25.99,Worse,Austin,4.0737879791,Nashville,7.1375549592
Raleigh,"Wake County, NC",Infant Mortality,Health outcomes / well-being,2024,2015-2021,5.5275764648,"deaths per 1,000 live births",Lower is better,9,5.665364,1.472191,25.99,Worse,Austin,4.0737879791,Nashville,7.1375549592
Durham,"Durham County, NC",Infant Mortality,Health outcomes / well-being,2024,2015-2021,5.9678079389,"deaths per 1,000 live births",Lower is better,9,5.665364,1.472191,25.99,Worse,Austin,4.0737879791,Nashville,7.1375549592
Charlotte,"Mecklenburg County, NC",Infant Mortality,Health outcomes / well-being,2024,2015-2021,5.6752149996,"deaths per 1,000 live births",Lower is better,9,5.665364,1.472191,25.99,Worse,Austin,4.0737879791,Nashville,7.1375549592
Denver,"Denver County, CO",Infant Mortality,Health outcomes / well-being,2024,2015-2021,4.858287491,"deaths per 1,000 live births",Lower is better,9,5.665364,1.472191,25.99,Worse,Austin,4.0737879791,Nashville,7.1375549592
Atlanta,"Fulton County, GA",Infant Mortality,Health outcomes / well-being,2024,2015-2021,6.6917234534,"deaths per 1,000 live births",Lower is better,9,5.665364,1.472191,25.99,Worse,Austin,4.0737879791,Nashville,7.1375549592
Fort Worth,"Tarrant County, TX",Infant Mortality,Health outcomes / well-being,2024,2015-2021,6.1690027038,"deaths per 1,000 live births",Lower is better,9,5.665364,1.472191,25.99,Worse,Austin,4.0737879791,Nashville,7.1375549592
Dallas,"Dallas County, TX",Infant Mortality,Health outcomes / well-being,2024,2015-2021,6.359508757,"deaths per 1,000 live births",Lower is better,9,5.665364,1.472191,25.99,Worse,Austin,4.0737879791,Nashville,7.1375549592
Nashville,"Davidson County, TN",Infant Mortality,Health outcomes / well-being,2024,2015-2021,7.1375549592,"deaths per 1,000 live births",Lower is better,9,5.665364,1.472191,25.99,Worse,Austin,4.0737879791,Nashville,7.1375549592
Austin,"Travis County, TX",Poor or Fair Health,Health outcomes / well-being,2024,2021,14.1,%,Lower is better,7,14.75,1.75,11.86,Worse,Raleigh,10.8,Dallas,19.9
Raleigh,"Wake County, NC",Poor or Fair Health,Health outcomes / well-being,2024,2021,10.8,%,Lower is better,7,14.75,1.75,11.86,Worse,Raleigh,10.8,Dallas,19.9
Durham,"Durham County, NC",Poor or Fair Health,Health outcomes / well-being,2024,2021,13.9,%,Lower is better,7,14.75,1.75,11.86,Worse,Raleigh,10.8,Dallas,19.9
Charlotte,"Mecklenburg County, NC",Poor or Fair Health,Health outcomes / well-being,2024,2021,12.7,%,Lower is better,7,14.75,1.75,11.86,Worse,Raleigh,10.8,Dallas,19.9
Denver,"Denver County, CO",Poor or Fair Health,Health outcomes / well-being,2024,2021,14,%,Lower is better,7,14.75,1.75,11.86,Worse,Raleigh,10.8,Dallas,19.9
Atlanta,"Fulton County, GA",Poor or Fair Health,Health outcomes / well-being,2024,2021,14.5,%,Lower is better,7,14.75,1.75,11.86,Worse,Raleigh,10.8,Dallas,19.9
Fort Worth,"Tarrant County, TX",Poor or Fair Health,Health outcomes / well-being,2024,2021,18.1,%,Lower is better,7,14.75,1.75,11.86,Worse,Raleigh,10.8,Dallas,19.9
Dallas,"Dallas County, TX",Poor or Fair Health,Health outcomes / well-being,2024,2021,19.9,%,Lower is better,7,14.75,1.75,11.86,Worse,Raleigh,10.8,Dallas,19.9
Nashville,"Davidson County, TN",Poor or Fair Health,Health outcomes / well-being,2024,2021,16.5,%,Lower is better,7,14.75,1.75,11.86,Worse,Raleigh,10.8,Dallas,19.9
Austin,"Travis County, TX",Poor Physical Health Days,Health outcomes / well-being,2024,2021,3.1035267607,days per month,Lower is better,9,3.195894,0.691308,21.63,Worse,Raleigh,2.703524185,Nashville,3.8872014319
Raleigh,"Wake County, NC",Poor Physical Health Days,Health outcomes / well-being,2024,2021,2.703524185,days per month,Lower is better,9,3.195894,0.691308,21.63,Worse,Raleigh,2.703524185,Nashville,3.8872014319
Durham,"Durham County, NC",Poor Physical Health Days,Health outcomes / well-being,2024,2021,3.0156899079,days per month,Lower is better,9,3.195894,0.691308,21.63,Worse,Raleigh,2.703524185,Nashville,3.8872014319
Charlotte,"Mecklenburg County, NC",Poor Physical Health Days,Health outcomes / well-being,2024,2021,2.9293681914,days per month,Lower is better,9,3.195894,0.691308,21.63,Worse,Raleigh,2.703524185,Nashville,3.8872014319
Denver,"Denver County, CO",Poor Physical Health Days,Health outcomes / well-being,2024,2021,3.2946006495,days per month,Lower is better,9,3.195894,0.691308,21.63,Worse,Raleigh,2.703524185,Nashville,3.8872014319
Atlanta,"Fulton County, GA",Poor Physical Health Days,Health outcomes / well-being,2024,2021,3.2229243635,days per month,Lower is better,9,3.195894,0.691308,21.63,Worse,Raleigh,2.703524185,Nashville,3.8872014319
Fort Worth,"Tarrant County, TX",Poor Physical Health Days,Health outcomes / well-being,2024,2021,3.573410059,days per month,Lower is better,9,3.195894,0.691308,21.63,Worse,Raleigh,2.703524185,Nashville,3.8872014319
Dallas,"Dallas County, TX",Poor Physical Health Days,Health outcomes / well-being,2024,2021,3.724106769,days per month,Lower is better,9,3.195894,0.691308,21.63,Worse,Raleigh,2.703524185,Nashville,3.8872014319
Nashville,"Davidson County, TN",Poor Physical Health Days,Health outcomes / well-being,2024,2021,3.8872014319,days per month,Lower is better,9,3.195894,0.691308,21.63,Worse,Raleigh,2.703524185,Nashville,3.8872014319
Austin,"Travis County, TX",Poor Mental Health Days,Health outcomes / well-being,2024,2021,5.0217675309,days per month,Lower is better,9,4.766169,0.992911,20.83,Worse,Raleigh,4.029482719,Nashville,5.7590801106
Raleigh,"Wake County, NC",Poor Mental Health Days,Health outcomes / well-being,2024,2021,4.029482719,days per month,Lower is better,9,4.766169,0.992911,20.83,Worse,Raleigh,4.029482719,Nashville,5.7590801106
Durham,"Durham County, NC",Poor Mental Health Days,Health outcomes / well-being,2024,2021,4.8193833289,days per month,Lower is better,9,4.766169,0.992911,20.83,Worse,Raleigh,4.029482719,Nashville,5.7590801106
Charlotte,"Mecklenburg County, NC",Poor Mental Health Days,Health outcomes / well-being,2024,2021,4.3744117938,days per month,Lower is better,9,4.766169,0.992911,20.83,Worse,Raleigh,4.029482719,Nashville,5.7590801106
Denver,"Denver County, CO",Poor Mental Health Days,Health outcomes / well-being,2024,2021,5.1720786725,days per month,Lower is better,9,4.766169,0.992911,20.83,Worse,Raleigh,4.029482719,Nashville,5.7590801106
Atlanta,"Fulton County, GA",Poor Mental Health Days,Health outcomes / well-being,2024,2021,4.4028811415,days per month,Lower is better,9,4.766169,0.992911,20.83,Worse,Raleigh,4.029482719,Nashville,5.7590801106
Fort Worth,"Tarrant County, TX",Poor Mental Health Days,Health outcomes / well-being,2024,2021,4.9897266418,days per month,Lower is better,9,4.766169,0.992911,20.83,Worse,Raleigh,4.029482719,Nashville,5.7590801106
Dallas,"Dallas County, TX",Poor Mental Health Days,Health outcomes / well-being,2024,2021,5.3196190174,days per month,Lower is better,9,4.766169,0.992911,20.83,Worse,Raleigh,4.029482719,Nashville,5.7590801106
Nashville,"Davidson County, TN",Poor Mental Health Days,Health outcomes / well-being,2024,2021,5.7590801106,days per month,Lower is better,9,4.766169,0.992911,20.83,Worse,Raleigh,4.029482719,Nashville,5.7590801106
Austin,"Travis County, TX",Adult Obesity,Health outcomes / well-being,2024,2021,28,%,Lower is better,6,30.525,2.075,6.80,Worse,Denver,22,Dallas,35.1
Raleigh,"Wake County, NC",Adult Obesity,Health outcomes / well-being,2024,2021,31.6,%,Lower is better,6,30.525,2.075,6.80,Worse,Denver,22,Dallas,35.1
Durham,"Durham County, NC",Adult Obesity,Health outcomes / well-being,2024,2021,30.3,%,Lower is better,6,30.525,2.075,6.80,Worse,Denver,22,Dallas,35.1
Charlotte,"Mecklenburg County, NC",Adult Obesity,Health outcomes / well-being,2024,2021,33.3,%,Lower is better,6,30.525,2.075,6.80,Worse,Denver,22,Dallas,35.1
Denver,"Denver County, CO",Adult Obesity,Health outcomes / well-being,2024,2021,22,%,Lower is better,6,30.525,2.075,6.80,Worse,Denver,22,Dallas,35.1
Atlanta,"Fulton County, GA",Adult Obesity,Health outcomes / well-being,2024,2021,29,%,Lower is better,6,30.525,2.075,6.80,Worse,Denver,22,Dallas,35.1
Fort Worth,"Tarrant County, TX",Adult Obesity,Health outcomes / well-being,2024,2021,34.9,%,Lower is better,6,30.525,2.075,6.80,Worse,Denver,22,Dallas,35.1
Dallas,"Dallas County, TX",Adult Obesity,Health outcomes / well-being,2024,2021,35.1,%,Lower is better,6,30.525,2.075,6.80,Worse,Denver,22,Dallas,35.1
Nashville,"Davidson County, TN",Adult Obesity,Health outcomes / well-being,2024,2021,32.6,%,Lower is better,6,30.525,2.075,6.80,Worse,Denver,22,Dallas,35.1
Austin,"Travis County, TX",Diabetes Prevalence,Health outcomes / well-being,2024,2021,9.3,%,Lower is better,8,10.0625,1.2375,12.30,Worse,Denver,7.5,Dallas,12.1
Raleigh,"Wake County, NC",Diabetes Prevalence,Health outcomes / well-being,2024,2021,8.8,%,Lower is better,8,10.0625,1.2375,12.30,Worse,Denver,7.5,Dallas,12.1
Durham,"Durham County, NC",Diabetes Prevalence,Health outcomes / well-being,2024,2021,10.5,%,Lower is better,8,10.0625,1.2375,12.30,Worse,Denver,7.5,Dallas,12.1
Charlotte,"Mecklenburg County, NC",Diabetes Prevalence,Health outcomes / well-being,2024,2021,10.6,%,Lower is better,8,10.0625,1.2375,12.30,Worse,Denver,7.5,Dallas,12.1
Denver,"Denver County, CO",Diabetes Prevalence,Health outcomes / well-being,2024,2021,7.5,%,Lower is better,8,10.0625,1.2375,12.30,Worse,Denver,7.5,Dallas,12.1
Atlanta,"Fulton County, GA",Diabetes Prevalence,Health outcomes / well-being,2024,2021,10.7,%,Lower is better,8,10.0625,1.2375,12.30,Worse,Denver,7.5,Dallas,12.1
Fort Worth,"Tarrant County, TX",Diabetes Prevalence,Health outcomes / well-being,2024,2021,11,%,Lower is better,8,10.0625,1.2375,12.30,Worse,Denver,7.5,Dallas,12.1
Dallas,"Dallas County, TX",Diabetes Prevalence,Health outcomes / well-being,2024,2021,12.1,%,Lower is better,8,10.0625,1.2375,12.30,Worse,Denver,7.5,Dallas,12.1
Nashville,"Davidson County, TN",Diabetes Prevalence,Health outcomes / well-being,2024,2021,11.3,%,Lower is better,8,10.0625,1.2375,12.30,Worse,Denver,7.5,Dallas,12.1
Austin,"Travis County, TX",Adult Smoking,Health behaviors,2024,2021,10.7,%,Lower is better,7,12.825,4.475,34.89,Worse,Raleigh,10.5,Nashville,17.3
Raleigh,"Wake County, NC",Adult Smoking,Health behaviors,2024,2021,10.5,%,Lower is better,7,12.825,4.475,34.89,Worse,Raleigh,10.5,Nashville,17.3
Durham,"Durham County, NC",Adult Smoking,Health behaviors,2024,2021,13.2,%,Lower is better,7,12.825,4.475,34.89,Worse,Raleigh,10.5,Nashville,17.3
Charlotte,"Mecklenburg County, NC",Adult Smoking,Health behaviors,2024,2021,12.6,%,Lower is better,7,12.825,4.475,34.89,Worse,Raleigh,10.5,Nashville,17.3
Denver,"Denver County, CO",Adult Smoking,Health behaviors,2024,2021,12.6,%,Lower is better,7,12.825,4.475,34.89,Worse,Raleigh,10.5,Nashville,17.3
Atlanta,"Fulton County, GA",Adult Smoking,Health behaviors,2024,2021,12.6,%,Lower is better,7,12.825,4.475,34.89,Worse,Raleigh,10.5,Nashville,17.3
Fort Worth,"Tarrant County, TX",Adult Smoking,Health behaviors,2024,2021,14.6,%,Lower is better,7,12.825,4.475,34.89,Worse,Raleigh,10.5,Nashville,17.3
Dallas,"Dallas County, TX",Adult Smoking,Health behaviors,2024,2021,15.8,%,Lower is better,7,12.825,4.475,34.89,Worse,Raleigh,10.5,Nashville,17.3
Nashville,"Davidson County, TN",Adult Smoking,Health behaviors,2024,2021,17.3,%,Lower is better,7,12.825,4.475,34.89,Worse,Raleigh,10.5,Nashville,17.3
Austin,"Travis County, TX",Physical Inactivity,Health behaviors,2024,2021,18.5,%,Lower is better,7,20.95,3.75,17.90,Worse,Raleigh,15.5,Dallas,28.8
Raleigh,"Wake County, NC",Physical Inactivity,Health behaviors,2024,2021,15.5,%,Lower is better,7,20.95,3.75,17.90,Worse,Raleigh,15.5,Dallas,28.8
Durham,"Durham County, NC",Physical Inactivity,Health behaviors,2024,2021,21.2,%,Lower is better,7,20.95,3.75,17.90,Worse,Raleigh,15.5,Dallas,28.8
Charlotte,"Mecklenburg County, NC",Physical Inactivity,Health behaviors,2024,2021,19.8,%,Lower is better,7,20.95,3.75,17.90,Worse,Raleigh,15.5,Dallas,28.8
Denver,"Denver County, CO",Physical Inactivity,Health behaviors,2024,2021,16.9,%,Lower is better,7,20.95,3.75,17.90,Worse,Raleigh,15.5,Dallas,28.8
Atlanta,"Fulton County, GA",Physical Inactivity,Health behaviors,2024,2021,21.6,%,Lower is better,7,20.95,3.75,17.90,Worse,Raleigh,15.5,Dallas,28.8
Fort Worth,"Tarrant County, TX",Physical Inactivity,Health behaviors,2024,2021,25.3,%,Lower is better,7,20.95,3.75,17.90,Worse,Raleigh,15.5,Dallas,28.8
Dallas,"Dallas County, TX",Physical Inactivity,Health behaviors,2024,2021,28.8,%,Lower is better,7,20.95,3.75,17.90,Worse,Raleigh,15.5,Dallas,28.8
Nashville,"Davidson County, TN",Physical Inactivity,Health behaviors,2024,2021,24.7,%,Lower is better,7,20.95,3.75,17.90,Worse,Raleigh,15.5,Dallas,28.8
Austin,"Travis County, TX",Excessive Drinking,Health behaviors,2024,2021,22.950529992,%,Lower is better,4,20.176045,-1.271305,-6.30,Better,Fort Worth,17.326569893,Denver,24.92318114
Raleigh,"Wake County, NC",Excessive Drinking,Health behaviors,2024,2021,21.483646465,%,Lower is better,4,20.176045,-1.271305,-6.30,Better,Fort Worth,17.326569893,Denver,24.92318114
Durham,"Durham County, NC",Excessive Drinking,Health behaviors,2024,2021,18.964817442,%,Lower is better,4,20.176045,-1.271305,-6.30,Better,Fort Worth,17.326569893,Denver,24.92318114
Charlotte,"Mecklenburg County, NC",Excessive Drinking,Health behaviors,2024,2021,19.255307015,%,Lower is better,4,20.176045,-1.271305,-6.30,Better,Fort Worth,17.326569893,Denver,24.92318114
Denver,"Denver County, CO",Excessive Drinking,Health behaviors,2024,2021,24.92318114,%,Lower is better,4,20.176045,-1.271305,-6.30,Better,Fort Worth,17.326569893,Denver,24.92318114
Atlanta,"Fulton County, GA",Excessive Drinking,Health behaviors,2024,2021,17.665955812,%,Lower is better,4,20.176045,-1.271305,-6.30,Better,Fort Worth,17.326569893,Denver,24.92318114
Fort Worth,"Tarrant County, TX",Excessive Drinking,Health behaviors,2024,2021,17.326569893,%,Lower is better,4,20.176045,-1.271305,-6.30,Better,Fort Worth,17.326569893,Denver,24.92318114
Dallas,"Dallas County, TX",Excessive Drinking,Health behaviors,2024,2021,18.838355492,%,Lower is better,4,20.176045,-1.271305,-6.30,Better,Fort Worth,17.326569893,Denver,24.92318114
Nashville,"Davidson County, TN",Excessive Drinking,Health behaviors,2024,2021,18.90474061,%,Lower is better,4,20.176045,-1.271305,-6.30,Better,Fort Worth,17.326569893,Denver,24.92318114
Austin,"Travis County, TX",Insufficient Sleep,Health behaviors,2024,2020,30.4,%,Lower is better,6,32.3125,1.7875,5.53,Worse,Denver,27.5,Atlanta,36
Raleigh,"Wake County, NC",Insufficient Sleep,Health behaviors,2024,2020,30.5,%,Lower is better,6,32.3125,1.7875,5.53,Worse,Denver,27.5,Atlanta,36
Durham,"Durham County, NC",Insufficient Sleep,Health behaviors,2024,2020,32.5,%,Lower is better,6,32.3125,1.7875,5.53,Worse,Denver,27.5,Atlanta,36
Charlotte,"Mecklenburg County, NC",Insufficient Sleep,Health behaviors,2024,2020,32.6,%,Lower is better,6,32.3125,1.7875,5.53,Worse,Denver,27.5,Atlanta,36
Denver,"Denver County, CO",Insufficient Sleep,Health behaviors,2024,2020,27.5,%,Lower is better,6,32.3125,1.7875,5.53,Worse,Denver,27.5,Atlanta,36
Atlanta,"Fulton County, GA",Insufficient Sleep,Health behaviors,2024,2020,36,%,Lower is better,6,32.3125,1.7875,5.53,Worse,Denver,27.5,Atlanta,36
Fort Worth,"Tarrant County, TX",Insufficient Sleep,Health behaviors,2024,2020,34.1,%,Lower is better,6,32.3125,1.7875,5.53,Worse,Denver,27.5,Atlanta,36
Dallas,"Dallas County, TX",Insufficient Sleep,Health behaviors,2024,2020,34.9,%,Lower is better,6,32.3125,1.7875,5.53,Worse,Denver,27.5,Atlanta,36
Nashville,"Davidson County, TN",Insufficient Sleep,Health behaviors,2024,2020,34.1,%,Lower is better,6,32.3125,1.7875,5.53,Worse,Denver,27.5,Atlanta,36
Austin,"Travis County, TX",Food Insecurity,Health behaviors,2024,2021,11.9,%,Lower is better,5,10.5,-0.1,-0.95,Better,Raleigh,8.5,Dallas,13.1
Raleigh,"Wake County, NC",Food Insecurity,Health behaviors,2024,2021,8.5,%,Lower is better,5,10.5,-0.1,-0.95,Better,Raleigh,8.5,Dallas,13.1
Durham,"Durham County, NC",Food Insecurity,Health behaviors,2024,2021,9.6,%,Lower is better,5,10.5,-0.1,-0.95,Better,Raleigh,8.5,Dallas,13.1
Charlotte,"Mecklenburg County, NC",Food Insecurity,Health behaviors,2024,2021,9.1,%,Lower is better,5,10.5,-0.1,-0.95,Better,Raleigh,8.5,Dallas,13.1
Denver,"Denver County, CO",Food Insecurity,Health behaviors,2024,2021,10.5,%,Lower is better,5,10.5,-0.1,-0.95,Better,Raleigh,8.5,Dallas,13.1
Atlanta,"Fulton County, GA",Food Insecurity,Health behaviors,2024,2021,9.3,%,Lower is better,5,10.5,-0.1,-0.95,Better,Raleigh,8.5,Dallas,13.1
Fort Worth,"Tarrant County, TX",Food Insecurity,Health behaviors,2024,2021,12,%,Lower is better,5,10.5,-0.1,-0.95,Better,Raleigh,8.5,Dallas,13.1
Dallas,"Dallas County, TX",Food Insecurity,Health behaviors,2024,2021,13.1,%,Lower is better,5,10.5,-0.1,-0.95,Better,Raleigh,8.5,Dallas,13.1
Nashville,"Davidson County, TN",Food Insecurity,Health behaviors,2024,2021,10.4,%,Lower is better,5,10.5,-0.1,-0.95,Better,Raleigh,8.5,Dallas,13.1
Austin,"Travis County, TX",Drug Overdose Deaths,Health behaviors,2024,2019-2021,16.754257063,"deaths per 100,000 population",Lower is better,9,20.734159,41.16025,198.51,Worse,Fort Worth,13.931876117,Nashville,61.894408617
Raleigh,"Wake County, NC",Drug Overdose Deaths,Health behaviors,2024,2019-2021,16.410173011,"deaths per 100,000 population",Lower is better,9,20.734159,41.16025,198.51,Worse,Fort Worth,13.931876117,Nashville,61.894408617
Durham,"Durham County, NC",Drug Overdose Deaths,Health behaviors,2024,2019-2021,23.078816723,"deaths per 100,000 population",Lower is better,9,20.734159,41.16025,198.51,Worse,Fort Worth,13.931876117,Nashville,61.894408617
Charlotte,"Mecklenburg County, NC",Drug Overdose Deaths,Health behaviors,2024,2019-2021,19.7823819,"deaths per 100,000 population",Lower is better,9,20.734159,41.16025,198.51,Worse,Fort Worth,13.931876117,Nashville,61.894408617
Denver,"Denver County, CO",Drug Overdose Deaths,Health behaviors,2024,2019-2021,38.542699608,"deaths per 100,000 population",Lower is better,9,20.734159,41.16025,198.51,Worse,Fort Worth,13.931876117,Nashville,61.894408617
Atlanta,"Fulton County, GA",Drug Overdose Deaths,Health behaviors,2024,2019-2021,20.051935448,"deaths per 100,000 population",Lower is better,9,20.734159,41.16025,198.51,Worse,Fort Worth,13.931876117,Nashville,61.894408617
Fort Worth,"Tarrant County, TX",Drug Overdose Deaths,Health behaviors,2024,2019-2021,13.931876117,"deaths per 100,000 population",Lower is better,9,20.734159,41.16025,198.51,Worse,Fort Worth,13.931876117,Nashville,61.894408617
Dallas,"Dallas County, TX",Drug Overdose Deaths,Health behaviors,2024,2019-2021,17.321132265,"deaths per 100,000 population",Lower is better,9,20.734159,41.16025,198.51,Worse,Fort Worth,13.931876117,Nashville,61.894408617
Nashville,"Davidson County, TN",Drug Overdose Deaths,Health behaviors,2024,2019-2021,61.894408617,"deaths per 100,000 population",Lower is better,9,20.734159,41.16025,198.51,Worse,Fort Worth,13.931876117,Nashville,61.894408617
Austin,"Travis County, TX",Access to Exercise Opportunities,Health behaviors,2024,"2023, 2022 & 2020",92.328017312,%,Higher is better,6,92.560642,-0.888527,-0.96,Worse,Denver,99.129306995,Durham,87.77895103
Raleigh,"Wake County, NC",Access to Exercise Opportunities,Health behaviors,2024,"2023, 2022 & 2020",88.099892864,%,Higher is better,6,92.560642,-0.888527,-0.96,Worse,Denver,99.129306995,Durham,87.77895103
Durham,"Durham County, NC",Access to Exercise Opportunities,Health behaviors,2024,"2023, 2022 & 2020",87.77895103,%,Higher is better,6,92.560642,-0.888527,-0.96,Worse,Denver,99.129306995,Durham,87.77895103
Charlotte,"Mecklenburg County, NC",Access to Exercise Opportunities,Health behaviors,2024,"2023, 2022 & 2020",89.028688943,%,Higher is better,6,92.560642,-0.888527,-0.96,Worse,Denver,99.129306995,Durham,87.77895103
Denver,"Denver County, CO",Access to Exercise Opportunities,Health behaviors,2024,"2023, 2022 & 2020",99.129306995,%,Higher is better,6,92.560642,-0.888527,-0.96,Worse,Denver,99.129306995,Durham,87.77895103
Atlanta,"Fulton County, GA",Access to Exercise Opportunities,Health behaviors,2024,"2023, 2022 & 2020",93.72528616,%,Higher is better,6,92.560642,-0.888527,-0.96,Worse,Denver,99.129306995,Durham,87.77895103
Fort Worth,"Tarrant County, TX",Access to Exercise Opportunities,Health behaviors,2024,"2023, 2022 & 2020",94.241462305,%,Higher is better,6,92.560642,-0.888527,-0.96,Worse,Denver,99.129306995,Durham,87.77895103
Dallas,"Dallas County, TX",Access to Exercise Opportunities,Health behaviors,2024,"2023, 2022 & 2020",96.153529754,%,Higher is better,6,92.560642,-0.888527,-0.96,Worse,Denver,99.129306995,Durham,87.77895103
Nashville,"Davidson County, TN",Access to Exercise Opportunities,Health behaviors,2024,"2023, 2022 & 2020",91.672114477,%,Higher is better,6,92.560642,-0.888527,-0.96,Worse,Denver,99.129306995,Durham,87.77895103
Austin,"Travis County, TX",Uninsured,Clinical care,2024,2021,15.000043545,%,Lower is better,6,14.354218,-0.550066,-3.83,Better,Raleigh,9.1709377469,Dallas,24.15477248
Raleigh,"Wake County, NC",Uninsured,Clinical care,2024,2021,9.1709377469,%,Lower is better,6,14.354218,-0.550066,-3.83,Better,Raleigh,9.1709377469,Dallas,24.15477248
Durham,"Durham County, NC",Uninsured,Clinical care,2024,2021,12.502174061,%,Lower is better,6,14.354218,-0.550066,-3.83,Better,Raleigh,9.1709377469,Dallas,24.15477248
Charlotte,"Mecklenburg County, NC",Uninsured,Clinical care,2024,2021,12.652426574,%,Lower is better,6,14.354218,-0.550066,-3.83,Better,Raleigh,9.1709377469,Dallas,24.15477248
Denver,"Denver County, CO",Uninsured,Clinical care,2024,2021,10.904407277,%,Lower is better,6,14.354218,-0.550066,-3.83,Better,Raleigh,9.1709377469,Dallas,24.15477248
Atlanta,"Fulton County, GA",Uninsured,Clinical care,2024,2021,10.574643785,%,Lower is better,6,14.354218,-0.550066,-3.83,Better,Raleigh,9.1709377469,Dallas,24.15477248
Fort Worth,"Tarrant County, TX",Uninsured,Clinical care,2024,2021,19.874341393,%,Lower is better,6,14.354218,-0.550066,-3.83,Better,Raleigh,9.1709377469,Dallas,24.15477248
Dallas,"Dallas County, TX",Uninsured,Clinical care,2024,2021,24.15477248,%,Lower is better,6,14.354218,-0.550066,-3.83,Better,Raleigh,9.1709377469,Dallas,24.15477248
Nashville,"Davidson County, TN",Uninsured,Clinical care,2024,2021,13.804152256,%,Lower is better,6,14.354218,-0.550066,-3.83,Better,Raleigh,9.1709377469,Dallas,24.15477248
Austin,"Travis County, TX",Primary Care Physicians,Clinical care,2024,2021,1194,residents per primary care physician,Lower is better,5,1128.25,-23.25,-2.06,Better,Denver,767,Fort Worth,1716
Raleigh,"Wake County, NC",Primary Care Physicians,Clinical care,2024,2021,1157,residents per primary care physician,Lower is better,5,1128.25,-23.25,-2.06,Better,Denver,767,Fort Worth,1716
Durham,"Durham County, NC",Primary Care Physicians,Clinical care,2024,2021,836,residents per primary care physician,Lower is better,5,1128.25,-23.25,-2.06,Better,Denver,767,Fort Worth,1716
Charlotte,"Mecklenburg County, NC",Primary Care Physicians,Clinical care,2024,2021,1078,residents per primary care physician,Lower is better,5,1128.25,-23.25,-2.06,Better,Denver,767,Fort Worth,1716
Denver,"Denver County, CO",Primary Care Physicians,Clinical care,2024,2021,767,residents per primary care physician,Lower is better,5,1128.25,-23.25,-2.06,Better,Denver,767,Fort Worth,1716
Atlanta,"Fulton County, GA",Primary Care Physicians,Clinical care,2024,2021,891,residents per primary care physician,Lower is better,5,1128.25,-23.25,-2.06,Better,Denver,767,Fort Worth,1716
Fort Worth,"Tarrant County, TX",Primary Care Physicians,Clinical care,2024,2021,1716,residents per primary care physician,Lower is better,5,1128.25,-23.25,-2.06,Better,Denver,767,Fort Worth,1716
Dallas,"Dallas County, TX",Primary Care Physicians,Clinical care,2024,2021,1387,residents per primary care physician,Lower is better,5,1128.25,-23.25,-2.06,Better,Denver,767,Fort Worth,1716
Nashville,"Davidson County, TN",Primary Care Physicians,Clinical care,2024,2021,1105,residents per primary care physician,Lower is better,5,1128.25,-23.25,-2.06,Better,Denver,767,Fort Worth,1716
Austin,"Travis County, TX",Mental Health Providers,Clinical care,2024,2023,271,residents per mental health provider,Lower is better,3,300.625,-56.625,-18.84,Better,Denver,135,Fort Worth,558
Raleigh,"Wake County, NC",Mental Health Providers,Clinical care,2024,2023,253,residents per mental health provider,Lower is better,3,300.625,-56.625,-18.84,Better,Denver,135,Fort Worth,558
Durham,"Durham County, NC",Mental Health Providers,Clinical care,2024,2023,136,residents per mental health provider,Lower is better,3,300.625,-56.625,-18.84,Better,Denver,135,Fort Worth,558
Charlotte,"Mecklenburg County, NC",Mental Health Providers,Clinical care,2024,2023,255,residents per mental health provider,Lower is better,3,300.625,-56.625,-18.84,Better,Denver,135,Fort Worth,558
Denver,"Denver County, CO",Mental Health Providers,Clinical care,2024,2023,135,residents per mental health provider,Lower is better,3,300.625,-56.625,-18.84,Better,Denver,135,Fort Worth,558
Atlanta,"Fulton County, GA",Mental Health Providers,Clinical care,2024,2023,310,residents per mental health provider,Lower is better,3,300.625,-56.625,-18.84,Better,Denver,135,Fort Worth,558
Fort Worth,"Tarrant County, TX",Mental Health Providers,Clinical care,2024,2023,558,residents per mental health provider,Lower is better,3,300.625,-56.625,-18.84,Better,Denver,135,Fort Worth,558
Dallas,"Dallas County, TX",Mental Health Providers,Clinical care,2024,2023,487,residents per mental health provider,Lower is better,3,300.625,-56.625,-18.84,Better,Denver,135,Fort Worth,558
Nashville,"Davidson County, TN",Mental Health Providers,Clinical care,2024,2023,244,residents per mental health provider,Lower is better,3,300.625,-56.625,-18.84,Better,Denver,135,Fort Worth,558
Austin,"Travis County, TX",Preventable Hospital Stays,Clinical care,2024,2021,2272,"hospital stays per 100,000 Medicare enrollees",Lower is better,9,2595.5,1075.5,41.44,Worse,Denver,1767,Nashville,3671
Raleigh,"Wake County, NC",Preventable Hospital Stays,Clinical care,2024,2021,2314,"hospital stays per 100,000 Medicare enrollees",Lower is better,9,2595.5,1075.5,41.44,Worse,Denver,1767,Nashville,3671
Durham,"Durham County, NC",Preventable Hospital Stays,Clinical care,2024,2021,2583,"hospital stays per 100,000 Medicare enrollees",Lower is better,9,2595.5,1075.5,41.44,Worse,Denver,1767,Nashville,3671
Charlotte,"Mecklenburg County, NC",Preventable Hospital Stays,Clinical care,2024,2021,2589,"hospital stays per 100,000 Medicare enrollees",Lower is better,9,2595.5,1075.5,41.44,Worse,Denver,1767,Nashville,3671
Denver,"Denver County, CO",Preventable Hospital Stays,Clinical care,2024,2021,1767,"hospital stays per 100,000 Medicare enrollees",Lower is better,9,2595.5,1075.5,41.44,Worse,Denver,1767,Nashville,3671
Atlanta,"Fulton County, GA",Preventable Hospital Stays,Clinical care,2024,2021,2881,"hospital stays per 100,000 Medicare enrollees",Lower is better,9,2595.5,1075.5,41.44,Worse,Denver,1767,Nashville,3671
Fort Worth,"Tarrant County, TX",Preventable Hospital Stays,Clinical care,2024,2021,3361,"hospital stays per 100,000 Medicare enrollees",Lower is better,9,2595.5,1075.5,41.44,Worse,Denver,1767,Nashville,3671
Dallas,"Dallas County, TX",Preventable Hospital Stays,Clinical care,2024,2021,2997,"hospital stays per 100,000 Medicare enrollees",Lower is better,9,2595.5,1075.5,41.44,Worse,Denver,1767,Nashville,3671
Nashville,"Davidson County, TN",Preventable Hospital Stays,Clinical care,2024,2021,3671,"hospital stays per 100,000 Medicare enrollees",Lower is better,9,2595.5,1075.5,41.44,Worse,Denver,1767,Nashville,3671
Austin,"Travis County, TX",Children in Poverty,Social & economic,2024,2022 & 2018-2022,11.7,%,Lower is better,9,14.9,5.9,39.60,Worse,Raleigh,8.3,Nashville,20.8
Raleigh,"Wake County, NC",Children in Poverty,Social & economic,2024,2022 & 2018-2022,8.3,%,Lower is better,9,14.9,5.9,39.60,Worse,Raleigh,8.3,Nashville,20.8
Durham,"Durham County, NC",Children in Poverty,Social & economic,2024,2022 & 2018-2022,17,%,Lower is better,9,14.9,5.9,39.60,Worse,Raleigh,8.3,Nashville,20.8
Charlotte,"Mecklenburg County, NC",Children in Poverty,Social & economic,2024,2022 & 2018-2022,14.1,%,Lower is better,9,14.9,5.9,39.60,Worse,Raleigh,8.3,Nashville,20.8
Denver,"Denver County, CO",Children in Poverty,Social & economic,2024,2022 & 2018-2022,16.7,%,Lower is better,9,14.9,5.9,39.60,Worse,Raleigh,8.3,Nashville,20.8
Atlanta,"Fulton County, GA",Children in Poverty,Social & economic,2024,2022 & 2018-2022,17.4,%,Lower is better,9,14.9,5.9,39.60,Worse,Raleigh,8.3,Nashville,20.8
Fort Worth,"Tarrant County, TX",Children in Poverty,Social & economic,2024,2022 & 2018-2022,13.9,%,Lower is better,9,14.9,5.9,39.60,Worse,Raleigh,8.3,Nashville,20.8
Dallas,"Dallas County, TX",Children in Poverty,Social & economic,2024,2022 & 2018-2022,20.1,%,Lower is better,9,14.9,5.9,39.60,Worse,Raleigh,8.3,Nashville,20.8
Nashville,"Davidson County, TN",Children in Poverty,Social & economic,2024,2022 & 2018-2022,20.8,%,Lower is better,9,14.9,5.9,39.60,Worse,Raleigh,8.3,Nashville,20.8
Austin,"Travis County, TX",Unemployment,Social & economic,2024,2022,2.8192302923,%,Lower is better,1,3.266181,-0.453919,-13.90,Better,Nashville,2.8122623551,Dallas,3.7046500464
Raleigh,"Wake County, NC",Unemployment,Social & economic,2024,2022,3.0608042828,%,Lower is better,1,3.266181,-0.453919,-13.90,Better,Nashville,2.8122623551,Dallas,3.7046500464
Durham,"Durham County, NC",Unemployment,Social & economic,2024,2022,3.1715156088,%,Lower is better,1,3.266181,-0.453919,-13.90,Better,Nashville,2.8122623551,Dallas,3.7046500464
Charlotte,"Mecklenburg County, NC",Unemployment,Social & economic,2024,2022,3.5012313269,%,Lower is better,1,3.266181,-0.453919,-13.90,Better,Nashville,2.8122623551,Dallas,3.7046500464
Denver,"Denver County, CO",Unemployment,Social & economic,2024,2022,3.090785821,%,Lower is better,1,3.266181,-0.453919,-13.90,Better,Nashville,2.8122623551,Dallas,3.7046500464
Atlanta,"Fulton County, GA",Unemployment,Social & economic,2024,2022,3.1756946832,%,Lower is better,1,3.266181,-0.453919,-13.90,Better,Nashville,2.8122623551,Dallas,3.7046500464
Fort Worth,"Tarrant County, TX",Unemployment,Social & economic,2024,2022,3.6055376486,%,Lower is better,1,3.266181,-0.453919,-13.90,Better,Nashville,2.8122623551,Dallas,3.7046500464
Dallas,"Dallas County, TX",Unemployment,Social & economic,2024,2022,3.7046500464,%,Lower is better,1,3.266181,-0.453919,-13.90,Better,Nashville,2.8122623551,Dallas,3.7046500464
Nashville,"Davidson County, TN",Unemployment,Social & economic,2024,2022,2.8122623551,%,Lower is better,1,3.266181,-0.453919,-13.90,Better,Nashville,2.8122623551,Dallas,3.7046500464
Austin,"Travis County, TX",Median Household Income,Social & economic,2024,2022 & 2018-2022,95151,USD,Higher is better,8,84624,-12063,-14.25,Worse,Raleigh,97099,Dallas,70871
Raleigh,"Wake County, NC",Median Household Income,Social & economic,2024,2022 & 2018-2022,97099,USD,Higher is better,8,84624,-12063,-14.25,Worse,Raleigh,97099,Dallas,70871
Durham,"Durham County, NC",Median Household Income,Social & economic,2024,2022 & 2018-2022,79524,USD,Higher is better,8,84624,-12063,-14.25,Worse,Raleigh,97099,Dallas,70871
Charlotte,"Mecklenburg County, NC",Median Household Income,Social & economic,2024,2022 & 2018-2022,80645,USD,Higher is better,8,84624,-12063,-14.25,Worse,Raleigh,97099,Dallas,70871
Denver,"Denver County, CO",Median Household Income,Social & economic,2024,2022 & 2018-2022,87619,USD,Higher is better,8,84624,-12063,-14.25,Worse,Raleigh,97099,Dallas,70871
Atlanta,"Fulton County, GA",Median Household Income,Social & economic,2024,2022 & 2018-2022,89798,USD,Higher is better,8,84624,-12063,-14.25,Worse,Raleigh,97099,Dallas,70871
Fort Worth,"Tarrant County, TX",Median Household Income,Social & economic,2024,2022 & 2018-2022,76285,USD,Higher is better,8,84624,-12063,-14.25,Worse,Raleigh,97099,Dallas,70871
Dallas,"Dallas County, TX",Median Household Income,Social & economic,2024,2022 & 2018-2022,70871,USD,Higher is better,8,84624,-12063,-14.25,Worse,Raleigh,97099,Dallas,70871
Nashville,"Davidson County, TN",Median Household Income,Social & economic,2024,2022 & 2018-2022,72561,USD,Higher is better,8,84624,-12063,-14.25,Worse,Raleigh,97099,Dallas,70871
Austin,"Travis County, TX",High School Completion,Social & economic,2024,2018-2022,90.82349418,%,Higher is better,7,89.839123,0.496397,0.55,Better,Raleigh,93.97138782,Dallas,81.129165002
Raleigh,"Wake County, NC",High School Completion,Social & economic,2024,2018-2022,93.97138782,%,Higher is better,7,89.839123,0.496397,0.55,Better,Raleigh,93.97138782,Dallas,81.129165002
Durham,"Durham County, NC",High School Completion,Social & economic,2024,2018-2022,90.688650076,%,Higher is better,7,89.839123,0.496397,0.55,Better,Raleigh,93.97138782,Dallas,81.129165002
Charlotte,"Mecklenburg County, NC",High School Completion,Social & economic,2024,2018-2022,90.889850431,%,Higher is better,7,89.839123,0.496397,0.55,Better,Raleigh,93.97138782,Dallas,81.129165002
Denver,"Denver County, CO",High School Completion,Social & economic,2024,2018-2022,90.548504036,%,Higher is better,7,89.839123,0.496397,0.55,Better,Raleigh,93.97138782,Dallas,81.129165002
Atlanta,"Fulton County, GA",High School Completion,Social & economic,2024,2018-2022,93.602306974,%,Higher is better,7,89.839123,0.496397,0.55,Better,Raleigh,93.97138782,Dallas,81.129165002
Fort Worth,"Tarrant County, TX",High School Completion,Social & economic,2024,2018-2022,87.05962412,%,Higher is better,7,89.839123,0.496397,0.55,Better,Raleigh,93.97138782,Dallas,81.129165002
Dallas,"Dallas County, TX",High School Completion,Social & economic,2024,2018-2022,81.129165002,%,Higher is better,7,89.839123,0.496397,0.55,Better,Raleigh,93.97138782,Dallas,81.129165002
Nashville,"Davidson County, TN",High School Completion,Social & economic,2024,2018-2022,90.335519529,%,Higher is better,7,89.839123,0.496397,0.55,Better,Raleigh,93.97138782,Dallas,81.129165002
Austin,"Travis County, TX",Income Inequality,Social & economic,2024,2018-2022,4.544227923,80th/20th percentile income ratio,Lower is better,3,4.650238,-0.220772,-4.75,Better,Fort Worth,4.2643856045,Atlanta,5.7601400731
Raleigh,"Wake County, NC",Income Inequality,Social & economic,2024,2018-2022,4.4421650247,80th/20th percentile income ratio,Lower is better,3,4.650238,-0.220772,-4.75,Better,Fort Worth,4.2643856045,Atlanta,5.7601400731
Durham,"Durham County, NC",Income Inequality,Social & economic,2024,2018-2022,4.4373181341,80th/20th percentile income ratio,Lower is better,3,4.650238,-0.220772,-4.75,Better,Fort Worth,4.2643856045,Atlanta,5.7601400731
Charlotte,"Mecklenburg County, NC",Income Inequality,Social & economic,2024,2018-2022,4.4620335331,80th/20th percentile income ratio,Lower is better,3,4.650238,-0.220772,-4.75,Better,Fort Worth,4.2643856045,Atlanta,5.7601400731
Denver,"Denver County, CO",Income Inequality,Social & economic,2024,2018-2022,4.8850229055,80th/20th percentile income ratio,Lower is better,3,4.650238,-0.220772,-4.75,Better,Fort Worth,4.2643856045,Atlanta,5.7601400731
Atlanta,"Fulton County, GA",Income Inequality,Social & economic,2024,2018-2022,5.7601400731,80th/20th percentile income ratio,Lower is better,3,4.650238,-0.220772,-4.75,Better,Fort Worth,4.2643856045,Atlanta,5.7601400731
Fort Worth,"Tarrant County, TX",Income Inequality,Social & economic,2024,2018-2022,4.2643856045,80th/20th percentile income ratio,Lower is better,3,4.650238,-0.220772,-4.75,Better,Fort Worth,4.2643856045,Atlanta,5.7601400731
Dallas,"Dallas County, TX",Income Inequality,Social & economic,2024,2018-2022,4.406610491,80th/20th percentile income ratio,Lower is better,3,4.650238,-0.220772,-4.75,Better,Fort Worth,4.2643856045,Atlanta,5.7601400731
Nashville,"Davidson County, TN",Income Inequality,Social & economic,2024,2018-2022,4.4294655306,80th/20th percentile income ratio,Lower is better,3,4.650238,-0.220772,-4.75,Better,Fort Worth,4.2643856045,Atlanta,5.7601400731
Austin,"Travis County, TX",Severe Housing Problems,Physical environment,2024,2016-2020,18.02026326,%,Lower is better,5,16.617511,0.004779,0.03,Worse,Raleigh,11.902326148,Dallas,20.286048024
Raleigh,"Wake County, NC",Severe Housing Problems,Physical environment,2024,2016-2020,11.902326148,%,Lower is better,5,16.617511,0.004779,0.03,Worse,Raleigh,11.902326148,Dallas,20.286048024
Durham,"Durham County, NC",Severe Housing Problems,Physical environment,2024,2016-2020,15.403826942,%,Lower is better,5,16.617511,0.004779,0.03,Worse,Raleigh,11.902326148,Dallas,20.286048024
Charlotte,"Mecklenburg County, NC",Severe Housing Problems,Physical environment,2024,2016-2020,15.101315322,%,Lower is better,5,16.617511,0.004779,0.03,Worse,Raleigh,11.902326148,Dallas,20.286048024
Denver,"Denver County, CO",Severe Housing Problems,Physical environment,2024,2016-2020,17.879793574,%,Lower is better,5,16.617511,0.004779,0.03,Worse,Raleigh,11.902326148,Dallas,20.286048024
Atlanta,"Fulton County, GA",Severe Housing Problems,Physical environment,2024,2016-2020,17.772240161,%,Lower is better,5,16.617511,0.004779,0.03,Worse,Raleigh,11.902326148,Dallas,20.286048024
Fort Worth,"Tarrant County, TX",Severe Housing Problems,Physical environment,2024,2016-2020,16.57427209,%,Lower is better,5,16.617511,0.004779,0.03,Worse,Raleigh,11.902326148,Dallas,20.286048024
Dallas,"Dallas County, TX",Severe Housing Problems,Physical environment,2024,2016-2020,20.286048024,%,Lower is better,5,16.617511,0.004779,0.03,Worse,Raleigh,11.902326148,Dallas,20.286048024
Nashville,"Davidson County, TN",Severe Housing Problems,Physical environment,2024,2016-2020,16.622289844,%,Lower is better,5,16.617511,0.004779,0.03,Worse,Raleigh,11.902326148,Dallas,20.286048024
Austin,"Travis County, TX",Air Pollution – Particulate Matter,Physical environment,2024,2019,9.5,µg/m³ PM2.5,Lower is better,2,9.45,-0.25,-2.65,Better,Durham,8.1,Raleigh,10.2
Raleigh,"Wake County, NC",Air Pollution – Particulate Matter,Physical environment,2024,2019,10.2,µg/m³ PM2.5,Lower is better,2,9.45,-0.25,-2.65,Better,Durham,8.1,Raleigh,10.2
Durham,"Durham County, NC",Air Pollution – Particulate Matter,Physical environment,2024,2019,8.1,µg/m³ PM2.5,Lower is better,2,9.45,-0.25,-2.65,Better,Durham,8.1,Raleigh,10.2
Charlotte,"Mecklenburg County, NC",Air Pollution – Particulate Matter,Physical environment,2024,2019,9.5,µg/m³ PM2.5,Lower is better,2,9.45,-0.25,-2.65,Better,Durham,8.1,Raleigh,10.2
Denver,"Denver County, CO",Air Pollution – Particulate Matter,Physical environment,2024,2019,10,µg/m³ PM2.5,Lower is better,2,9.45,-0.25,-2.65,Better,Durham,8.1,Raleigh,10.2
Atlanta,"Fulton County, GA",Air Pollution – Particulate Matter,Physical environment,2024,2019,9.5,µg/m³ PM2.5,Lower is better,2,9.45,-0.25,-2.65,Better,Durham,8.1,Raleigh,10.2
Fort Worth,"Tarrant County, TX",Air Pollution – Particulate Matter,Physical environment,2024,2019,9.2,µg/m³ PM2.5,Lower is better,2,9.45,-0.25,-2.65,Better,Durham,8.1,Raleigh,10.2
Dallas,"Dallas County, TX",Air Pollution – Particulate Matter,Physical environment,2024,2019,9.6,µg/m³ PM2.5,Lower is better,2,9.45,-0.25,-2.65,Better,Durham,8.1,Raleigh,10.2
Nashville,"Davidson County, TN",Air Pollution – Particulate Matter,Physical environment,2024,2019,9.2,µg/m³ PM2.5,Lower is better,2,9.45,-0.25,-2.65,Better,Durham,8.1,Raleigh,10.2
Austin,"Travis County, TX",Suicide Rate,Health outcomes / well-being,2024,2017-2021,13.045445834,"deaths per 100,000 population",Lower is better,8,12.045979,1.048215,8.70,Worse,Raleigh,8.9443808949,Denver,19.935334398
Raleigh,"Wake County, NC",Suicide Rate,Health outcomes / well-being,2024,2017-2021,8.9443808949,"deaths per 100,000 population",Lower is better,8,12.045979,1.048215,8.70,Worse,Raleigh,8.9443808949,Denver,19.935334398
Durham,"Durham County, NC",Suicide Rate,Health outcomes / well-being,2024,2017-2021,9.2146460143,"deaths per 100,000 population",Lower is better,8,12.045979,1.048215,8.70,Worse,Raleigh,8.9443808949,Denver,19.935334398
Charlotte,"Mecklenburg County, NC",Suicide Rate,Health outcomes / well-being,2024,2017-2021,9.7561301989,"deaths per 100,000 population",Lower is better,8,12.045979,1.048215,8.70,Worse,Raleigh,8.9443808949,Denver,19.935334398
Denver,"Denver County, CO",Suicide Rate,Health outcomes / well-being,2024,2017-2021,19.935334398,"deaths per 100,000 population",Lower is better,8,12.045979,1.048215,8.70,Worse,Raleigh,8.9443808949,Denver,19.935334398
Atlanta,"Fulton County, GA",Suicide Rate,Health outcomes / well-being,2024,2017-2021,11.232604388,"deaths per 100,000 population",Lower is better,8,12.045979,1.048215,8.70,Worse,Raleigh,8.9443808949,Denver,19.935334398
Fort Worth,"Tarrant County, TX",Suicide Rate,Health outcomes / well-being,2024,2017-2021,13.026820982,"deaths per 100,000 population",Lower is better,8,12.045979,1.048215,8.70,Worse,Raleigh,8.9443808949,Denver,19.935334398
Dallas,"Dallas County, TX",Suicide Rate,Health outcomes / well-being,2024,2017-2021,11.21246722,"deaths per 100,000 population",Lower is better,8,12.045979,1.048215,8.70,Worse,Raleigh,8.9443808949,Denver,19.935334398
Nashville,"Davidson County, TN",Suicide Rate,Health outcomes / well-being,2024,2017-2021,13.094193991,"deaths per 100,000 population",Lower is better,8,12.045979,1.048215,8.70,Worse,Raleigh,8.9443808949,Denver,19.935334398
Austin,"Travis County, TX",Teen Birth Rate,Health behaviors,2024,2016-2022,18.92423112,"births per 1,000 females ages 15–19",Lower is better,8,18.207989,6.408732,35.20,Worse,Raleigh,9.5193984102,Dallas,28.703922929
Raleigh,"Wake County, NC",Teen Birth Rate,Health behaviors,2024,2016-2022,9.5193984102,"births per 1,000 females ages 15–19",Lower is better,8,18.207989,6.408732,35.20,Worse,Raleigh,9.5193984102,Dallas,28.703922929
Durham,"Durham County, NC",Teen Birth Rate,Health behaviors,2024,2016-2022,15.482064456,"births per 1,000 females ages 15–19",Lower is better,8,18.207989,6.408732,35.20,Worse,Raleigh,9.5193984102,Dallas,28.703922929
Charlotte,"Mecklenburg County, NC",Teen Birth Rate,Health behaviors,2024,2016-2022,17.307099642,"births per 1,000 females ages 15–19",Lower is better,8,18.207989,6.408732,35.20,Worse,Raleigh,9.5193984102,Dallas,28.703922929
Denver,"Denver County, CO",Teen Birth Rate,Health behaviors,2024,2016-2022,21.228441155,"births per 1,000 females ages 15–19",Lower is better,8,18.207989,6.408732,35.20,Worse,Raleigh,9.5193984102,Dallas,28.703922929
Atlanta,"Fulton County, GA",Teen Birth Rate,Health behaviors,2024,2016-2022,14.245970052,"births per 1,000 females ages 15–19",Lower is better,8,18.207989,6.408732,35.20,Worse,Raleigh,9.5193984102,Dallas,28.703922929
Fort Worth,"Tarrant County, TX",Teen Birth Rate,Health behaviors,2024,2016-2022,20.252785765,"births per 1,000 females ages 15–19",Lower is better,8,18.207989,6.408732,35.20,Worse,Raleigh,9.5193984102,Dallas,28.703922929
Dallas,"Dallas County, TX",Teen Birth Rate,Health behaviors,2024,2016-2022,28.703922929,"births per 1,000 females ages 15–19",Lower is better,8,18.207989,6.408732,35.20,Worse,Raleigh,9.5193984102,Dallas,28.703922929
Nashville,"Davidson County, TN",Teen Birth Rate,Health behaviors,2024,2016-2022,24.616721403,"births per 1,000 females ages 15–19",Lower is better,8,18.207989,6.408732,35.20,Worse,Raleigh,9.5193984102,Dallas,28.703922929
Austin,"Travis County, TX",Injury Deaths,Health outcomes / well-being,2024,2017-2021,61.447176199,"deaths per 100,000 population",Lower is better,9,66.486592,52.641063,79.18,Worse,Raleigh,50.407070374,Nashville,119.12765531
Raleigh,"Wake County, NC",Injury Deaths,Health outcomes / well-being,2024,2017-2021,50.407070374,"deaths per 100,000 population",Lower is better,9,66.486592,52.641063,79.18,Worse,Raleigh,50.407070374,Nashville,119.12765531
Durham,"Durham County, NC",Injury Deaths,Health outcomes / well-being,2024,2017-2021,73.036907027,"deaths per 100,000 population",Lower is better,9,66.486592,52.641063,79.18,Worse,Raleigh,50.407070374,Nashville,119.12765531
Charlotte,"Mecklenburg County, NC",Injury Deaths,Health outcomes / well-being,2024,2017-2021,61.420942228,"deaths per 100,000 population",Lower is better,9,66.486592,52.641063,79.18,Worse,Raleigh,50.407070374,Nashville,119.12765531
Denver,"Denver County, CO",Injury Deaths,Health outcomes / well-being,2024,2017-2021,94.344739349,"deaths per 100,000 population",Lower is better,9,66.486592,52.641063,79.18,Worse,Raleigh,50.407070374,Nashville,119.12765531
Atlanta,"Fulton County, GA",Injury Deaths,Health outcomes / well-being,2024,2017-2021,70.778621459,"deaths per 100,000 population",Lower is better,9,66.486592,52.641063,79.18,Worse,Raleigh,50.407070374,Nashville,119.12765531
Fort Worth,"Tarrant County, TX",Injury Deaths,Health outcomes / well-being,2024,2017-2021,56.339531698,"deaths per 100,000 population",Lower is better,9,66.486592,52.641063,79.18,Worse,Raleigh,50.407070374,Nashville,119.12765531
Dallas,"Dallas County, TX",Injury Deaths,Health outcomes / well-being,2024,2017-2021,64.117747271,"deaths per 100,000 population",Lower is better,9,66.486592,52.641063,79.18,Worse,Raleigh,50.407070374,Nashville,119.12765531
Nashville,"Davidson County, TN",Injury Deaths,Health outcomes / well-being,2024,2017-2021,119.12765531,"deaths per 100,000 population",Lower is better,9,66.486592,52.641063,79.18,Worse,Raleigh,50.407070374,Nashville,119.12765531
Austin,"Travis County, TX",Broadband Access,Physical environment,2024,2018-2022,92.561730058,%,Higher is better,8,91.716118,-0.705324,-0.77,Worse,Raleigh,94.154198519,Dallas,88.178910407
Raleigh,"Wake County, NC",Broadband Access,Physical environment,2024,2018-2022,94.154198519,%,Higher is better,8,91.716118,-0.705324,-0.77,Worse,Raleigh,94.154198519,Dallas,88.178910407
Durham,"Durham County, NC",Broadband Access,Physical environment,2024,2018-2022,91.697731584,%,Higher is better,8,91.716118,-0.705324,-0.77,Worse,Raleigh,94.154198519,Dallas,88.178910407
Charlotte,"Mecklenburg County, NC",Broadband Access,Physical environment,2024,2018-2022,92.376798094,%,Higher is better,8,91.716118,-0.705324,-0.77,Worse,Raleigh,94.154198519,Dallas,88.178910407
Denver,"Denver County, CO",Broadband Access,Physical environment,2024,2018-2022,91.318537051,%,Higher is better,8,91.716118,-0.705324,-0.77,Worse,Raleigh,94.154198519,Dallas,88.178910407
Atlanta,"Fulton County, GA",Broadband Access,Physical environment,2024,2018-2022,91.426530866,%,Higher is better,8,91.716118,-0.705324,-0.77,Worse,Raleigh,94.154198519,Dallas,88.178910407
Fort Worth,"Tarrant County, TX",Broadband Access,Physical environment,2024,2018-2022,92.014506556,%,Higher is better,8,91.716118,-0.705324,-0.77,Worse,Raleigh,94.154198519,Dallas,88.178910407
Dallas,"Dallas County, TX",Broadband Access,Physical environment,2024,2018-2022,88.178910407,%,Higher is better,8,91.716118,-0.705324,-0.77,Worse,Raleigh,94.154198519,Dallas,88.178910407
Nashville,"Davidson County, TN",Broadband Access,Physical environment,2024,2018-2022,91.010794184,%,Higher is better,8,91.716118,-0.705324,-0.77,Worse,Raleigh,94.154198519,Dallas,88.178910407
Austin,"Travis County, TX",Severe Housing Cost Burden,Physical environment,2024,2018-2022,15.640436324,%,Lower is better,6,14.691293,0.968246,6.59,Worse,Raleigh,11.696436795,Dallas,16.471592412
Raleigh,"Wake County, NC",Severe Housing Cost Burden,Physical environment,2024,2018-2022,11.696436795,%,Lower is better,6,14.691293,0.968246,6.59,Worse,Raleigh,11.696436795,Dallas,16.471592412
Durham,"Durham County, NC",Severe Housing Cost Burden,Physical environment,2024,2018-2022,12.891741652,%,Lower is better,6,14.691293,0.968246,6.59,Worse,Raleigh,11.696436795,Dallas,16.471592412
Charlotte,"Mecklenburg County, NC",Severe Housing Cost Burden,Physical environment,2024,2018-2022,13.758163349,%,Lower is better,6,14.691293,0.968246,6.59,Worse,Raleigh,11.696436795,Dallas,16.471592412
Denver,"Denver County, CO",Severe Housing Cost Burden,Physical environment,2024,2018-2022,16.422995794,%,Lower is better,6,14.691293,0.968246,6.59,Worse,Raleigh,11.696436795,Dallas,16.471592412
Atlanta,"Fulton County, GA",Severe Housing Cost Burden,Physical environment,2024,2018-2022,16.453037692,%,Lower is better,6,14.691293,0.968246,6.59,Worse,Raleigh,11.696436795,Dallas,16.471592412
Fort Worth,"Tarrant County, TX",Severe Housing Cost Burden,Physical environment,2024,2018-2022,14.195943398,%,Lower is better,6,14.691293,0.968246,6.59,Worse,Raleigh,11.696436795,Dallas,16.471592412
Dallas,"Dallas County, TX",Severe Housing Cost Burden,Physical environment,2024,2018-2022,16.471592412,%,Lower is better,6,14.691293,0.968246,6.59,Worse,Raleigh,11.696436795,Dallas,16.471592412
Nashville,"Davidson County, TN",Severe Housing Cost Burden,Physical environment,2024,2018-2022,15.659539479,%,Lower is better,6,14.691293,0.968246,6.59,Worse,Raleigh,11.696436795,Dallas,16.471592412
Austin,"Travis County, TX",Life Expectancy,Health outcomes / well-being,2025,2020-2022,80.372919943,years,Higher is better,9,78.501381,-3.417097,-4.35,Worse,Raleigh,80.990179739,Nashville,75.084283803
Raleigh,"Wake County, NC",Life Expectancy,Health outcomes / well-being,2025,2020-2022,80.990179739,years,Higher is better,9,78.501381,-3.417097,-4.35,Worse,Raleigh,80.990179739,Nashville,75.084283803
Durham,"Durham County, NC",Life Expectancy,Health outcomes / well-being,2025,2020-2022,79.186138445,years,Higher is better,9,78.501381,-3.417097,-4.35,Worse,Raleigh,80.990179739,Nashville,75.084283803
Charlotte,"Mecklenburg County, NC",Life Expectancy,Health outcomes / well-being,2025,2020-2022,78.815017433,years,Higher is better,9,78.501381,-3.417097,-4.35,Worse,Raleigh,80.990179739,Nashville,75.084283803
Denver,"Denver County, CO",Life Expectancy,Health outcomes / well-being,2025,2020-2022,77.40781497,years,Higher is better,9,78.501381,-3.417097,-4.35,Worse,Raleigh,80.990179739,Nashville,75.084283803
Atlanta,"Fulton County, GA",Life Expectancy,Health outcomes / well-being,2025,2020-2022,77.52843163,years,Higher is better,9,78.501381,-3.417097,-4.35,Worse,Raleigh,80.990179739,Nashville,75.084283803
Fort Worth,"Tarrant County, TX",Life Expectancy,Health outcomes / well-being,2025,2020-2022,76.987789689,years,Higher is better,9,78.501381,-3.417097,-4.35,Worse,Raleigh,80.990179739,Nashville,75.084283803
Dallas,"Dallas County, TX",Life Expectancy,Health outcomes / well-being,2025,2020-2022,76.722757077,years,Higher is better,9,78.501381,-3.417097,-4.35,Worse,Raleigh,80.990179739,Nashville,75.084283803
Nashville,"Davidson County, TN",Life Expectancy,Health outcomes / well-being,2025,2020-2022,75.084283803,years,Higher is better,9,78.501381,-3.417097,-4.35,Worse,Raleigh,80.990179739,Nashville,75.084283803
Austin,"Travis County, TX",Infant Mortality,Health outcomes / well-being,2025,2016-2022,4.0591422537,"deaths per 1,000 live births",Lower is better,9,5.569905,1.384675,24.86,Worse,Austin,4.0591422537,Nashville,6.9545805787
Raleigh,"Wake County, NC",Infant Mortality,Health outcomes / well-being,2025,2016-2022,5.4074502648,"deaths per 1,000 live births",Lower is better,9,5.569905,1.384675,24.86,Worse,Austin,4.0591422537,Nashville,6.9545805787
Durham,"Durham County, NC",Infant Mortality,Health outcomes / well-being,2025,2016-2022,5.8269065981,"deaths per 1,000 live births",Lower is better,9,5.569905,1.384675,24.86,Worse,Austin,4.0591422537,Nashville,6.9545805787
Charlotte,"Mecklenburg County, NC",Infant Mortality,Health outcomes / well-being,2025,2016-2022,5.4812795453,"deaths per 1,000 live births",Lower is better,9,5.569905,1.384675,24.86,Worse,Austin,4.0591422537,Nashville,6.9545805787
Denver,"Denver County, CO",Infant Mortality,Health outcomes / well-being,2025,2016-2022,4.6420009467,"deaths per 1,000 live births",Lower is better,9,5.569905,1.384675,24.86,Worse,Austin,4.0591422537,Nashville,6.9545805787
Atlanta,"Fulton County, GA",Infant Mortality,Health outcomes / well-being,2025,2016-2022,6.667270381,"deaths per 1,000 live births",Lower is better,9,5.569905,1.384675,24.86,Worse,Austin,4.0591422537,Nashville,6.9545805787
Fort Worth,"Tarrant County, TX",Infant Mortality,Health outcomes / well-being,2025,2016-2022,6.1560642679,"deaths per 1,000 live births",Lower is better,9,5.569905,1.384675,24.86,Worse,Austin,4.0591422537,Nashville,6.9545805787
Dallas,"Dallas County, TX",Infant Mortality,Health outcomes / well-being,2025,2016-2022,6.3191272793,"deaths per 1,000 live births",Lower is better,9,5.569905,1.384675,24.86,Worse,Austin,4.0591422537,Nashville,6.9545805787
Nashville,"Davidson County, TN",Infant Mortality,Health outcomes / well-being,2025,2016-2022,6.9545805787,"deaths per 1,000 live births",Lower is better,9,5.569905,1.384675,24.86,Worse,Austin,4.0591422537,Nashville,6.9545805787
Austin,"Travis County, TX",Poor or Fair Health,Health outcomes / well-being,2025,2022,17,%,Lower is better,8,16.2875,3.2125,19.72,Worse,Raleigh,12.6,Dallas,20.8
Raleigh,"Wake County, NC",Poor or Fair Health,Health outcomes / well-being,2025,2022,12.6,%,Lower is better,8,16.2875,3.2125,19.72,Worse,Raleigh,12.6,Dallas,20.8
Durham,"Durham County, NC",Poor or Fair Health,Health outcomes / well-being,2025,2022,14.2,%,Lower is better,8,16.2875,3.2125,19.72,Worse,Raleigh,12.6,Dallas,20.8
Charlotte,"Mecklenburg County, NC",Poor or Fair Health,Health outcomes / well-being,2025,2022,15.5,%,Lower is better,8,16.2875,3.2125,19.72,Worse,Raleigh,12.6,Dallas,20.8
Denver,"Denver County, CO",Poor or Fair Health,Health outcomes / well-being,2025,2022,17.3,%,Lower is better,8,16.2875,3.2125,19.72,Worse,Raleigh,12.6,Dallas,20.8
Atlanta,"Fulton County, GA",Poor or Fair Health,Health outcomes / well-being,2025,2022,14,%,Lower is better,8,16.2875,3.2125,19.72,Worse,Raleigh,12.6,Dallas,20.8
Fort Worth,"Tarrant County, TX",Poor or Fair Health,Health outcomes / well-being,2025,2022,18.9,%,Lower is better,8,16.2875,3.2125,19.72,Worse,Raleigh,12.6,Dallas,20.8
Dallas,"Dallas County, TX",Poor or Fair Health,Health outcomes / well-being,2025,2022,20.8,%,Lower is better,8,16.2875,3.2125,19.72,Worse,Raleigh,12.6,Dallas,20.8
Nashville,"Davidson County, TN",Poor or Fair Health,Health outcomes / well-being,2025,2022,19.5,%,Lower is better,8,16.2875,3.2125,19.72,Worse,Raleigh,12.6,Dallas,20.8
Austin,"Travis County, TX",Poor Physical Health Days,Health outcomes / well-being,2025,2022,3.5462913645,days per month,Lower is better,9,3.650423,0.58274,15.96,Worse,Raleigh,3.2049734415,Nashville,4.2331634637
Raleigh,"Wake County, NC",Poor Physical Health Days,Health outcomes / well-being,2025,2022,3.2049734415,days per month,Lower is better,9,3.650423,0.58274,15.96,Worse,Raleigh,3.2049734415,Nashville,4.2331634637
Durham,"Durham County, NC",Poor Physical Health Days,Health outcomes / well-being,2025,2022,3.5182218252,days per month,Lower is better,9,3.650423,0.58274,15.96,Worse,Raleigh,3.2049734415,Nashville,4.2331634637
Charlotte,"Mecklenburg County, NC",Poor Physical Health Days,Health outcomes / well-being,2025,2022,3.3295980692,days per month,Lower is better,9,3.650423,0.58274,15.96,Worse,Raleigh,3.2049734415,Nashville,4.2331634637
Denver,"Denver County, CO",Poor Physical Health Days,Health outcomes / well-being,2025,2022,3.7703257467,days per month,Lower is better,9,3.650423,0.58274,15.96,Worse,Raleigh,3.2049734415,Nashville,4.2331634637
Atlanta,"Fulton County, GA",Poor Physical Health Days,Health outcomes / well-being,2025,2022,3.622947122,days per month,Lower is better,9,3.650423,0.58274,15.96,Worse,Raleigh,3.2049734415,Nashville,4.2331634637
Fort Worth,"Tarrant County, TX",Poor Physical Health Days,Health outcomes / well-being,2025,2022,4.0803017906,days per month,Lower is better,9,3.650423,0.58274,15.96,Worse,Raleigh,3.2049734415,Nashville,4.2331634637
Dallas,"Dallas County, TX",Poor Physical Health Days,Health outcomes / well-being,2025,2022,4.1307265617,days per month,Lower is better,9,3.650423,0.58274,15.96,Worse,Raleigh,3.2049734415,Nashville,4.2331634637
Nashville,"Davidson County, TN",Poor Physical Health Days,Health outcomes / well-being,2025,2022,4.2331634637,days per month,Lower is better,9,3.650423,0.58274,15.96,Worse,Raleigh,3.2049734415,Nashville,4.2331634637
Austin,"Travis County, TX",Poor Mental Health Days,Health outcomes / well-being,2025,2022,5.3084070232,days per month,Lower is better,9,5.106296,1.007266,19.73,Worse,Durham,4.6344712143,Nashville,6.1135614261
Raleigh,"Wake County, NC",Poor Mental Health Days,Health outcomes / well-being,2025,2022,4.716502245,days per month,Lower is better,9,5.106296,1.007266,19.73,Worse,Durham,4.6344712143,Nashville,6.1135614261
Durham,"Durham County, NC",Poor Mental Health Days,Health outcomes / well-being,2025,2022,4.6344712143,days per month,Lower is better,9,5.106296,1.007266,19.73,Worse,Durham,4.6344712143,Nashville,6.1135614261
Charlotte,"Mecklenburg County, NC",Poor Mental Health Days,Health outcomes / well-being,2025,2022,4.8969933249,days per month,Lower is better,9,5.106296,1.007266,19.73,Worse,Durham,4.6344712143,Nashville,6.1135614261
Denver,"Denver County, CO",Poor Mental Health Days,Health outcomes / well-being,2025,2022,5.5042981892,days per month,Lower is better,9,5.106296,1.007266,19.73,Worse,Durham,4.6344712143,Nashville,6.1135614261
Atlanta,"Fulton County, GA",Poor Mental Health Days,Health outcomes / well-being,2025,2022,4.7772250063,days per month,Lower is better,9,5.106296,1.007266,19.73,Worse,Durham,4.6344712143,Nashville,6.1135614261
Fort Worth,"Tarrant County, TX",Poor Mental Health Days,Health outcomes / well-being,2025,2022,5.5371287445,days per month,Lower is better,9,5.106296,1.007266,19.73,Worse,Durham,4.6344712143,Nashville,6.1135614261
Dallas,"Dallas County, TX",Poor Mental Health Days,Health outcomes / well-being,2025,2022,5.4753395746,days per month,Lower is better,9,5.106296,1.007266,19.73,Worse,Durham,4.6344712143,Nashville,6.1135614261
Nashville,"Davidson County, TN",Poor Mental Health Days,Health outcomes / well-being,2025,2022,6.1135614261,days per month,Lower is better,9,5.106296,1.007266,19.73,Worse,Durham,4.6344712143,Nashville,6.1135614261
Austin,"Travis County, TX",Adult Obesity,Health outcomes / well-being,2025,2022,29.4,%,Lower is better,5,30.9875,1.3125,4.24,Worse,Denver,23.8,Fort Worth,37.7
Raleigh,"Wake County, NC",Adult Obesity,Health outcomes / well-being,2025,2022,25.6,%,Lower is better,5,30.9875,1.3125,4.24,Worse,Denver,23.8,Fort Worth,37.7
Durham,"Durham County, NC",Adult Obesity,Health outcomes / well-being,2025,2022,32.5,%,Lower is better,5,30.9875,1.3125,4.24,Worse,Denver,23.8,Fort Worth,37.7
Charlotte,"Mecklenburg County, NC",Adult Obesity,Health outcomes / well-being,2025,2022,34.1,%,Lower is better,5,30.9875,1.3125,4.24,Worse,Denver,23.8,Fort Worth,37.7
Denver,"Denver County, CO",Adult Obesity,Health outcomes / well-being,2025,2022,23.8,%,Lower is better,5,30.9875,1.3125,4.24,Worse,Denver,23.8,Fort Worth,37.7
Atlanta,"Fulton County, GA",Adult Obesity,Health outcomes / well-being,2025,2022,30,%,Lower is better,5,30.9875,1.3125,4.24,Worse,Denver,23.8,Fort Worth,37.7
Fort Worth,"Tarrant County, TX",Adult Obesity,Health outcomes / well-being,2025,2022,37.7,%,Lower is better,5,30.9875,1.3125,4.24,Worse,Denver,23.8,Fort Worth,37.7
Dallas,"Dallas County, TX",Adult Obesity,Health outcomes / well-being,2025,2022,34.8,%,Lower is better,5,30.9875,1.3125,4.24,Worse,Denver,23.8,Fort Worth,37.7
Nashville,"Davidson County, TN",Adult Obesity,Health outcomes / well-being,2025,2022,32.3,%,Lower is better,5,30.9875,1.3125,4.24,Worse,Denver,23.8,Fort Worth,37.7
Austin,"Travis County, TX",Diabetes Prevalence,Health outcomes / well-being,2025,2022,11.6,%,Lower is better,7,10.6125,1.7875,16.84,Worse,Denver,7.9,Dallas,13.2
Raleigh,"Wake County, NC",Diabetes Prevalence,Health outcomes / well-being,2025,2022,8.9,%,Lower is better,7,10.6125,1.7875,16.84,Worse,Denver,7.9,Dallas,13.2
Durham,"Durham County, NC",Diabetes Prevalence,Health outcomes / well-being,2025,2022,10.2,%,Lower is better,7,10.6125,1.7875,16.84,Worse,Denver,7.9,Dallas,13.2
Charlotte,"Mecklenburg County, NC",Diabetes Prevalence,Health outcomes / well-being,2025,2022,10.6,%,Lower is better,7,10.6125,1.7875,16.84,Worse,Denver,7.9,Dallas,13.2
Denver,"Denver County, CO",Diabetes Prevalence,Health outcomes / well-being,2025,2022,7.9,%,Lower is better,7,10.6125,1.7875,16.84,Worse,Denver,7.9,Dallas,13.2
Atlanta,"Fulton County, GA",Diabetes Prevalence,Health outcomes / well-being,2025,2022,10.1,%,Lower is better,7,10.6125,1.7875,16.84,Worse,Denver,7.9,Dallas,13.2
Fort Worth,"Tarrant County, TX",Diabetes Prevalence,Health outcomes / well-being,2025,2022,12.4,%,Lower is better,7,10.6125,1.7875,16.84,Worse,Denver,7.9,Dallas,13.2
Dallas,"Dallas County, TX",Diabetes Prevalence,Health outcomes / well-being,2025,2022,13.2,%,Lower is better,7,10.6125,1.7875,16.84,Worse,Denver,7.9,Dallas,13.2
Nashville,"Davidson County, TN",Diabetes Prevalence,Health outcomes / well-being,2025,2022,12.4,%,Lower is better,7,10.6125,1.7875,16.84,Worse,Denver,7.9,Dallas,13.2
Austin,"Travis County, TX",Adult Smoking,Health behaviors,2025,2022,12.1,%,Lower is better,9,12.3,5.7,46.34,Worse,Raleigh,9.7,Nashville,18
Raleigh,"Wake County, NC",Adult Smoking,Health behaviors,2025,2022,9.7,%,Lower is better,9,12.3,5.7,46.34,Worse,Raleigh,9.7,Nashville,18
Durham,"Durham County, NC",Adult Smoking,Health behaviors,2025,2022,10.6,%,Lower is better,9,12.3,5.7,46.34,Worse,Raleigh,9.7,Nashville,18
Charlotte,"Mecklenburg County, NC",Adult Smoking,Health behaviors,2025,2022,12.9,%,Lower is better,9,12.3,5.7,46.34,Worse,Raleigh,9.7,Nashville,18
Denver,"Denver County, CO",Adult Smoking,Health behaviors,2025,2022,14.3,%,Lower is better,9,12.3,5.7,46.34,Worse,Raleigh,9.7,Nashville,18
Atlanta,"Fulton County, GA",Adult Smoking,Health behaviors,2025,2022,10.7,%,Lower is better,9,12.3,5.7,46.34,Worse,Raleigh,9.7,Nashville,18
Fort Worth,"Tarrant County, TX",Adult Smoking,Health behaviors,2025,2022,14.6,%,Lower is better,9,12.3,5.7,46.34,Worse,Raleigh,9.7,Nashville,18
Dallas,"Dallas County, TX",Adult Smoking,Health behaviors,2025,2022,13.5,%,Lower is better,9,12.3,5.7,46.34,Worse,Raleigh,9.7,Nashville,18
Nashville,"Davidson County, TN",Adult Smoking,Health behaviors,2025,2022,18,%,Lower is better,9,12.3,5.7,46.34,Worse,Raleigh,9.7,Nashville,18
Austin,"Travis County, TX",Physical Inactivity,Health behaviors,2025,2022,21.5,%,Lower is better,8,21.325,5.775,27.08,Worse,Raleigh,15.8,Dallas,28.3
Raleigh,"Wake County, NC",Physical Inactivity,Health behaviors,2025,2022,15.8,%,Lower is better,8,21.325,5.775,27.08,Worse,Raleigh,15.8,Dallas,28.3
Durham,"Durham County, NC",Physical Inactivity,Health behaviors,2025,2022,19.1,%,Lower is better,8,21.325,5.775,27.08,Worse,Raleigh,15.8,Dallas,28.3
Charlotte,"Mecklenburg County, NC",Physical Inactivity,Health behaviors,2025,2022,18.9,%,Lower is better,8,21.325,5.775,27.08,Worse,Raleigh,15.8,Dallas,28.3
Denver,"Denver County, CO",Physical Inactivity,Health behaviors,2025,2022,21.2,%,Lower is better,8,21.325,5.775,27.08,Worse,Raleigh,15.8,Dallas,28.3
Atlanta,"Fulton County, GA",Physical Inactivity,Health behaviors,2025,2022,20,%,Lower is better,8,21.325,5.775,27.08,Worse,Raleigh,15.8,Dallas,28.3
Fort Worth,"Tarrant County, TX",Physical Inactivity,Health behaviors,2025,2022,25.8,%,Lower is better,8,21.325,5.775,27.08,Worse,Raleigh,15.8,Dallas,28.3
Dallas,"Dallas County, TX",Physical Inactivity,Health behaviors,2025,2022,28.3,%,Lower is better,8,21.325,5.775,27.08,Worse,Raleigh,15.8,Dallas,28.3
Nashville,"Davidson County, TN",Physical Inactivity,Health behaviors,2025,2022,27.1,%,Lower is better,8,21.325,5.775,27.08,Worse,Raleigh,15.8,Dallas,28.3
Austin,"Travis County, TX",Excessive Drinking,Health behaviors,2025,2022,23.83147195,%,Lower is better,4,20.967314,-1.559265,-7.44,Better,Fort Worth,18.021408426,Denver,26.336806636
Raleigh,"Wake County, NC",Excessive Drinking,Health behaviors,2025,2022,20.507187711,%,Lower is better,4,20.967314,-1.559265,-7.44,Better,Fort Worth,18.021408426,Denver,26.336806636
Durham,"Durham County, NC",Excessive Drinking,Health behaviors,2025,2022,20.635670417,%,Lower is better,4,20.967314,-1.559265,-7.44,Better,Fort Worth,18.021408426,Denver,26.336806636
Charlotte,"Mecklenburg County, NC",Excessive Drinking,Health behaviors,2025,2022,20.825745032,%,Lower is better,4,20.967314,-1.559265,-7.44,Better,Fort Worth,18.021408426,Denver,26.336806636
Denver,"Denver County, CO",Excessive Drinking,Health behaviors,2025,2022,26.336806636,%,Lower is better,4,20.967314,-1.559265,-7.44,Better,Fort Worth,18.021408426,Denver,26.336806636
Atlanta,"Fulton County, GA",Excessive Drinking,Health behaviors,2025,2022,18.859600804,%,Lower is better,4,20.967314,-1.559265,-7.44,Better,Fort Worth,18.021408426,Denver,26.336806636
Fort Worth,"Tarrant County, TX",Excessive Drinking,Health behaviors,2025,2022,18.021408426,%,Lower is better,4,20.967314,-1.559265,-7.44,Better,Fort Worth,18.021408426,Denver,26.336806636
Dallas,"Dallas County, TX",Excessive Drinking,Health behaviors,2025,2022,18.720620325,%,Lower is better,4,20.967314,-1.559265,-7.44,Better,Fort Worth,18.021408426,Denver,26.336806636
Nashville,"Davidson County, TN",Excessive Drinking,Health behaviors,2025,2022,19.408048445,%,Lower is better,4,20.967314,-1.559265,-7.44,Better,Fort Worth,18.021408426,Denver,26.336806636
Austin,"Travis County, TX",Insufficient Sleep,Health behaviors,2025,2022,31.8,%,Lower is better,6,34.9875,2.1125,6.04,Worse,Denver,29.2,Atlanta,39.8
Raleigh,"Wake County, NC",Insufficient Sleep,Health behaviors,2025,2022,31.6,%,Lower is better,6,34.9875,2.1125,6.04,Worse,Denver,29.2,Atlanta,39.8
Durham,"Durham County, NC",Insufficient Sleep,Health behaviors,2025,2022,33.7,%,Lower is better,6,34.9875,2.1125,6.04,Worse,Denver,29.2,Atlanta,39.8
Charlotte,"Mecklenburg County, NC",Insufficient Sleep,Health behaviors,2025,2022,38.6,%,Lower is better,6,34.9875,2.1125,6.04,Worse,Denver,29.2,Atlanta,39.8
Denver,"Denver County, CO",Insufficient Sleep,Health behaviors,2025,2022,29.2,%,Lower is better,6,34.9875,2.1125,6.04,Worse,Denver,29.2,Atlanta,39.8
Atlanta,"Fulton County, GA",Insufficient Sleep,Health behaviors,2025,2022,39.8,%,Lower is better,6,34.9875,2.1125,6.04,Worse,Denver,29.2,Atlanta,39.8
Fort Worth,"Tarrant County, TX",Insufficient Sleep,Health behaviors,2025,2022,39.5,%,Lower is better,6,34.9875,2.1125,6.04,Worse,Denver,29.2,Atlanta,39.8
Dallas,"Dallas County, TX",Insufficient Sleep,Health behaviors,2025,2022,35.7,%,Lower is better,6,34.9875,2.1125,6.04,Worse,Denver,29.2,Atlanta,39.8
Nashville,"Davidson County, TN",Insufficient Sleep,Health behaviors,2025,2022,37.1,%,Lower is better,6,34.9875,2.1125,6.04,Worse,Denver,29.2,Atlanta,39.8
Austin,"Travis County, TX",Food Insecurity,Health behaviors,2025,2022,14.6,%,Lower is better,6,12.9625,0.2375,1.83,Worse,Raleigh,11.1,Dallas,15.6
Raleigh,"Wake County, NC",Food Insecurity,Health behaviors,2025,2022,11.1,%,Lower is better,6,12.9625,0.2375,1.83,Worse,Raleigh,11.1,Dallas,15.6
Durham,"Durham County, NC",Food Insecurity,Health behaviors,2025,2022,12.2,%,Lower is better,6,12.9625,0.2375,1.83,Worse,Raleigh,11.1,Dallas,15.6
Charlotte,"Mecklenburg County, NC",Food Insecurity,Health behaviors,2025,2022,11.8,%,Lower is better,6,12.9625,0.2375,1.83,Worse,Raleigh,11.1,Dallas,15.6
Denver,"Denver County, CO",Food Insecurity,Health behaviors,2025,2022,12.5,%,Lower is better,6,12.9625,0.2375,1.83,Worse,Raleigh,11.1,Dallas,15.6
Atlanta,"Fulton County, GA",Food Insecurity,Health behaviors,2025,2022,11.7,%,Lower is better,6,12.9625,0.2375,1.83,Worse,Raleigh,11.1,Dallas,15.6
Fort Worth,"Tarrant County, TX",Food Insecurity,Health behaviors,2025,2022,14.2,%,Lower is better,6,12.9625,0.2375,1.83,Worse,Raleigh,11.1,Dallas,15.6
Dallas,"Dallas County, TX",Food Insecurity,Health behaviors,2025,2022,15.6,%,Lower is better,6,12.9625,0.2375,1.83,Worse,Raleigh,11.1,Dallas,15.6
Nashville,"Davidson County, TN",Food Insecurity,Health behaviors,2025,2022,13.2,%,Lower is better,6,12.9625,0.2375,1.83,Worse,Raleigh,11.1,Dallas,15.6
Austin,"Travis County, TX",Drug Overdose Deaths,Health behaviors,2025,2020-2022,20.930328962,"deaths per 100,000 population",Lower is better,9,25.350567,46.197614,182.24,Worse,Fort Worth,17.893894825,Nashville,71.548180127
Raleigh,"Wake County, NC",Drug Overdose Deaths,Health behaviors,2025,2020-2022,19.464953828,"deaths per 100,000 population",Lower is better,9,25.350567,46.197614,182.24,Worse,Fort Worth,17.893894825,Nashville,71.548180127
Durham,"Durham County, NC",Drug Overdose Deaths,Health behaviors,2025,2020-2022,31.943633178,"deaths per 100,000 population",Lower is better,9,25.350567,46.197614,182.24,Worse,Fort Worth,17.893894825,Nashville,71.548180127
Charlotte,"Mecklenburg County, NC",Drug Overdose Deaths,Health behaviors,2025,2020-2022,23.376228025,"deaths per 100,000 population",Lower is better,9,25.350567,46.197614,182.24,Worse,Fort Worth,17.893894825,Nashville,71.548180127
Denver,"Denver County, CO",Drug Overdose Deaths,Health behaviors,2025,2020-2022,44.670693664,"deaths per 100,000 population",Lower is better,9,25.350567,46.197614,182.24,Worse,Fort Worth,17.893894825,Nashville,71.548180127
Atlanta,"Fulton County, GA",Drug Overdose Deaths,Health behaviors,2025,2020-2022,24.212322487,"deaths per 100,000 population",Lower is better,9,25.350567,46.197614,182.24,Worse,Fort Worth,17.893894825,Nashville,71.548180127
Fort Worth,"Tarrant County, TX",Drug Overdose Deaths,Health behaviors,2025,2020-2022,17.893894825,"deaths per 100,000 population",Lower is better,9,25.350567,46.197614,182.24,Worse,Fort Worth,17.893894825,Nashville,71.548180127
Dallas,"Dallas County, TX",Drug Overdose Deaths,Health behaviors,2025,2020-2022,20.31247723,"deaths per 100,000 population",Lower is better,9,25.350567,46.197614,182.24,Worse,Fort Worth,17.893894825,Nashville,71.548180127
Nashville,"Davidson County, TN",Drug Overdose Deaths,Health behaviors,2025,2020-2022,71.548180127,"deaths per 100,000 population",Lower is better,9,25.350567,46.197614,182.24,Worse,Fort Worth,17.893894825,Nashville,71.548180127
Austin,"Travis County, TX",Access to Exercise Opportunities,Health behaviors,2025,"2024, 2022 & 2020",92.347239317,%,Higher is better,7,94.219279,-2.958823,-3.14,Worse,Denver,99.129306995,Charlotte,88.737872955
Raleigh,"Wake County, NC",Access to Exercise Opportunities,Health behaviors,2025,"2024, 2022 & 2020",98.552695655,%,Higher is better,7,94.219279,-2.958823,-3.14,Worse,Denver,99.129306995,Charlotte,88.737872955
Durham,"Durham County, NC",Access to Exercise Opportunities,Health behaviors,2025,"2024, 2022 & 2020",90.662278771,%,Higher is better,7,94.219279,-2.958823,-3.14,Worse,Denver,99.129306995,Charlotte,88.737872955
Charlotte,"Mecklenburg County, NC",Access to Exercise Opportunities,Health behaviors,2025,"2024, 2022 & 2020",88.737872955,%,Higher is better,7,94.219279,-2.958823,-3.14,Worse,Denver,99.129306995,Charlotte,88.737872955
Denver,"Denver County, CO",Access to Exercise Opportunities,Health behaviors,2025,"2024, 2022 & 2020",99.129306995,%,Higher is better,7,94.219279,-2.958823,-3.14,Worse,Denver,99.129306995,Charlotte,88.737872955
Atlanta,"Fulton County, GA",Access to Exercise Opportunities,Health behaviors,2025,"2024, 2022 & 2020",93.833656758,%,Higher is better,7,94.219279,-2.958823,-3.14,Worse,Denver,99.129306995,Charlotte,88.737872955
Fort Worth,"Tarrant County, TX",Access to Exercise Opportunities,Health behaviors,2025,"2024, 2022 & 2020",94.324754577,%,Higher is better,7,94.219279,-2.958823,-3.14,Worse,Denver,99.129306995,Charlotte,88.737872955
Dallas,"Dallas County, TX",Access to Exercise Opportunities,Health behaviors,2025,"2024, 2022 & 2020",96.166424147,%,Higher is better,7,94.219279,-2.958823,-3.14,Worse,Denver,99.129306995,Charlotte,88.737872955
Nashville,"Davidson County, TN",Access to Exercise Opportunities,Health behaviors,2025,"2024, 2022 & 2020",91.260455605,%,Higher is better,7,94.219279,-2.958823,-3.14,Worse,Denver,99.129306995,Charlotte,88.737872955
Austin,"Travis County, TX",Uninsured,Clinical care,2025,2022,12.790547809,%,Lower is better,6,13.030192,-0.310202,-2.38,Better,Denver,8.5021658476,Dallas,23.586787278
Raleigh,"Wake County, NC",Uninsured,Clinical care,2025,2022,8.546122895,%,Lower is better,6,13.030192,-0.310202,-2.38,Better,Denver,8.5021658476,Dallas,23.586787278
Durham,"Durham County, NC",Uninsured,Clinical care,2025,2022,10.587203944,%,Lower is better,6,13.030192,-0.310202,-2.38,Better,Denver,8.5021658476,Dallas,23.586787278
Charlotte,"Mecklenburg County, NC",Uninsured,Clinical care,2025,2022,11.315632743,%,Lower is better,6,13.030192,-0.310202,-2.38,Better,Denver,8.5021658476,Dallas,23.586787278
Denver,"Denver County, CO",Uninsured,Clinical care,2025,2022,8.5021658476,%,Lower is better,6,13.030192,-0.310202,-2.38,Better,Denver,8.5021658476,Dallas,23.586787278
Atlanta,"Fulton County, GA",Uninsured,Clinical care,2025,2022,10.749197642,%,Lower is better,6,13.030192,-0.310202,-2.38,Better,Denver,8.5021658476,Dallas,23.586787278
Fort Worth,"Tarrant County, TX",Uninsured,Clinical care,2025,2022,18.163880326,%,Lower is better,6,13.030192,-0.310202,-2.38,Better,Denver,8.5021658476,Dallas,23.586787278
Dallas,"Dallas County, TX",Uninsured,Clinical care,2025,2022,23.586787278,%,Lower is better,6,13.030192,-0.310202,-2.38,Better,Denver,8.5021658476,Dallas,23.586787278
Nashville,"Davidson County, TN",Uninsured,Clinical care,2025,2022,12.719989961,%,Lower is better,6,13.030192,-0.310202,-2.38,Better,Denver,8.5021658476,Dallas,23.586787278
Austin,"Travis County, TX",Primary Care Physicians,Clinical care,2025,2021,1194,residents per primary care physician,Lower is better,5,1128.25,-23.25,-2.06,Better,Denver,767,Fort Worth,1716
Raleigh,"Wake County, NC",Primary Care Physicians,Clinical care,2025,2021,1157,residents per primary care physician,Lower is better,5,1128.25,-23.25,-2.06,Better,Denver,767,Fort Worth,1716
Durham,"Durham County, NC",Primary Care Physicians,Clinical care,2025,2021,836,residents per primary care physician,Lower is better,5,1128.25,-23.25,-2.06,Better,Denver,767,Fort Worth,1716
Charlotte,"Mecklenburg County, NC",Primary Care Physicians,Clinical care,2025,2021,1078,residents per primary care physician,Lower is better,5,1128.25,-23.25,-2.06,Better,Denver,767,Fort Worth,1716
Denver,"Denver County, CO",Primary Care Physicians,Clinical care,2025,2021,767,residents per primary care physician,Lower is better,5,1128.25,-23.25,-2.06,Better,Denver,767,Fort Worth,1716
Atlanta,"Fulton County, GA",Primary Care Physicians,Clinical care,2025,2021,891,residents per primary care physician,Lower is better,5,1128.25,-23.25,-2.06,Better,Denver,767,Fort Worth,1716
Fort Worth,"Tarrant County, TX",Primary Care Physicians,Clinical care,2025,2021,1716,residents per primary care physician,Lower is better,5,1128.25,-23.25,-2.06,Better,Denver,767,Fort Worth,1716
Dallas,"Dallas County, TX",Primary Care Physicians,Clinical care,2025,2021,1387,residents per primary care physician,Lower is better,5,1128.25,-23.25,-2.06,Better,Denver,767,Fort Worth,1716
Nashville,"Davidson County, TN",Primary Care Physicians,Clinical care,2025,2021,1105,residents per primary care physician,Lower is better,5,1128.25,-23.25,-2.06,Better,Denver,767,Fort Worth,1716
Austin,"Travis County, TX",Mental Health Providers,Clinical care,2025,2024,248,residents per mental health provider,Lower is better,3,278,-48,-17.27,Better,Denver,126,Fort Worth,509
Raleigh,"Wake County, NC",Mental Health Providers,Clinical care,2025,2024,233,residents per mental health provider,Lower is better,3,278,-48,-17.27,Better,Denver,126,Fort Worth,509
Durham,"Durham County, NC",Mental Health Providers,Clinical care,2025,2024,130,residents per mental health provider,Lower is better,3,278,-48,-17.27,Better,Denver,126,Fort Worth,509
Charlotte,"Mecklenburg County, NC",Mental Health Providers,Clinical care,2025,2024,239,residents per mental health provider,Lower is better,3,278,-48,-17.27,Better,Denver,126,Fort Worth,509
Denver,"Denver County, CO",Mental Health Providers,Clinical care,2025,2024,126,residents per mental health provider,Lower is better,3,278,-48,-17.27,Better,Denver,126,Fort Worth,509
Atlanta,"Fulton County, GA",Mental Health Providers,Clinical care,2025,2024,284,residents per mental health provider,Lower is better,3,278,-48,-17.27,Better,Denver,126,Fort Worth,509
Fort Worth,"Tarrant County, TX",Mental Health Providers,Clinical care,2025,2024,509,residents per mental health provider,Lower is better,3,278,-48,-17.27,Better,Denver,126,Fort Worth,509
Dallas,"Dallas County, TX",Mental Health Providers,Clinical care,2025,2024,455,residents per mental health provider,Lower is better,3,278,-48,-17.27,Better,Denver,126,Fort Worth,509
Nashville,"Davidson County, TN",Mental Health Providers,Clinical care,2025,2024,230,residents per mental health provider,Lower is better,3,278,-48,-17.27,Better,Denver,126,Fort Worth,509
Austin,"Travis County, TX",Preventable Hospital Stays,Clinical care,2025,2022,2306,"hospital stays per 100,000 Medicare enrollees",Lower is better,9,2552.875,949.125,37.18,Worse,Denver,1746,Nashville,3502
Raleigh,"Wake County, NC",Preventable Hospital Stays,Clinical care,2025,2022,2399,"hospital stays per 100,000 Medicare enrollees",Lower is better,9,2552.875,949.125,37.18,Worse,Denver,1746,Nashville,3502
Durham,"Durham County, NC",Preventable Hospital Stays,Clinical care,2025,2022,2295,"hospital stays per 100,000 Medicare enrollees",Lower is better,9,2552.875,949.125,37.18,Worse,Denver,1746,Nashville,3502
Charlotte,"Mecklenburg County, NC",Preventable Hospital Stays,Clinical care,2025,2022,2343,"hospital stays per 100,000 Medicare enrollees",Lower is better,9,2552.875,949.125,37.18,Worse,Denver,1746,Nashville,3502
Denver,"Denver County, CO",Preventable Hospital Stays,Clinical care,2025,2022,1746,"hospital stays per 100,000 Medicare enrollees",Lower is better,9,2552.875,949.125,37.18,Worse,Denver,1746,Nashville,3502
Atlanta,"Fulton County, GA",Preventable Hospital Stays,Clinical care,2025,2022,2845,"hospital stays per 100,000 Medicare enrollees",Lower is better,9,2552.875,949.125,37.18,Worse,Denver,1746,Nashville,3502
Fort Worth,"Tarrant County, TX",Preventable Hospital Stays,Clinical care,2025,2022,3447,"hospital stays per 100,000 Medicare enrollees",Lower is better,9,2552.875,949.125,37.18,Worse,Denver,1746,Nashville,3502
Dallas,"Dallas County, TX",Preventable Hospital Stays,Clinical care,2025,2022,3042,"hospital stays per 100,000 Medicare enrollees",Lower is better,9,2552.875,949.125,37.18,Worse,Denver,1746,Nashville,3502
Nashville,"Davidson County, TN",Preventable Hospital Stays,Clinical care,2025,2022,3502,"hospital stays per 100,000 Medicare enrollees",Lower is better,9,2552.875,949.125,37.18,Worse,Denver,1746,Nashville,3502
Austin,"Travis County, TX",Children in Poverty,Social & economic,2025,2023 & 2019-2023,12,%,Lower is better,7,14.2875,3.0125,21.08,Worse,Raleigh,8.2,Dallas,19.5
Raleigh,"Wake County, NC",Children in Poverty,Social & economic,2025,2023 & 2019-2023,8.2,%,Lower is better,7,14.2875,3.0125,21.08,Worse,Raleigh,8.2,Dallas,19.5
Durham,"Durham County, NC",Children in Poverty,Social & economic,2025,2023 & 2019-2023,15.1,%,Lower is better,7,14.2875,3.0125,21.08,Worse,Raleigh,8.2,Dallas,19.5
Charlotte,"Mecklenburg County, NC",Children in Poverty,Social & economic,2025,2023 & 2019-2023,14.2,%,Lower is better,7,14.2875,3.0125,21.08,Worse,Raleigh,8.2,Dallas,19.5
Denver,"Denver County, CO",Children in Poverty,Social & economic,2025,2023 & 2019-2023,14.1,%,Lower is better,7,14.2875,3.0125,21.08,Worse,Raleigh,8.2,Dallas,19.5
Atlanta,"Fulton County, GA",Children in Poverty,Social & economic,2025,2023 & 2019-2023,17,%,Lower is better,7,14.2875,3.0125,21.08,Worse,Raleigh,8.2,Dallas,19.5
Fort Worth,"Tarrant County, TX",Children in Poverty,Social & economic,2025,2023 & 2019-2023,14.2,%,Lower is better,7,14.2875,3.0125,21.08,Worse,Raleigh,8.2,Dallas,19.5
Dallas,"Dallas County, TX",Children in Poverty,Social & economic,2025,2023 & 2019-2023,19.5,%,Lower is better,7,14.2875,3.0125,21.08,Worse,Raleigh,8.2,Dallas,19.5
Nashville,"Davidson County, TN",Children in Poverty,Social & economic,2025,2023 & 2019-2023,17.3,%,Lower is better,7,14.2875,3.0125,21.08,Worse,Raleigh,8.2,Dallas,19.5
Austin,"Travis County, TX",Unemployment,Social & economic,2025,2023,3.265121527,%,Lower is better,1,3.375984,-0.723741,-21.44,Better,Nashville,2.6522424826,Dallas,3.8377015936
Raleigh,"Wake County, NC",Unemployment,Social & economic,2025,2023,3.0008600308,%,Lower is better,1,3.375984,-0.723741,-21.44,Better,Nashville,2.6522424826,Dallas,3.8377015936
Durham,"Durham County, NC",Unemployment,Social & economic,2025,2023,3.0575628249,%,Lower is better,1,3.375984,-0.723741,-21.44,Better,Nashville,2.6522424826,Dallas,3.8377015936
Charlotte,"Mecklenburg County, NC",Unemployment,Social & economic,2025,2023,3.3576938388,%,Lower is better,1,3.375984,-0.723741,-21.44,Better,Nashville,2.6522424826,Dallas,3.8377015936
Denver,"Denver County, CO",Unemployment,Social & economic,2025,2023,3.3492367494,%,Lower is better,1,3.375984,-0.723741,-21.44,Better,Nashville,2.6522424826,Dallas,3.8377015936
Atlanta,"Fulton County, GA",Unemployment,Social & economic,2025,2023,3.4252630247,%,Lower is better,1,3.375984,-0.723741,-21.44,Better,Nashville,2.6522424826,Dallas,3.8377015936
Fort Worth,"Tarrant County, TX",Unemployment,Social & economic,2025,2023,3.7144311634,%,Lower is better,1,3.375984,-0.723741,-21.44,Better,Nashville,2.6522424826,Dallas,3.8377015936
Dallas,"Dallas County, TX",Unemployment,Social & economic,2025,2023,3.8377015936,%,Lower is better,1,3.375984,-0.723741,-21.44,Better,Nashville,2.6522424826,Dallas,3.8377015936
Nashville,"Davidson County, TN",Unemployment,Social & economic,2025,2023,2.6522424826,%,Lower is better,1,3.375984,-0.723741,-21.44,Better,Nashville,2.6522424826,Dallas,3.8377015936
Austin,"Travis County, TX",Median Household Income,Social & economic,2025,2023 & 2019-2023,97544,USD,Higher is better,7,88669.25,-8453.25,-9.53,Worse,Raleigh,103084,Dallas,74352
Raleigh,"Wake County, NC",Median Household Income,Social & economic,2025,2023 & 2019-2023,103084,USD,Higher is better,7,88669.25,-8453.25,-9.53,Worse,Raleigh,103084,Dallas,74352
Durham,"Durham County, NC",Median Household Income,Social & economic,2025,2023 & 2019-2023,81413,USD,Higher is better,7,88669.25,-8453.25,-9.53,Worse,Raleigh,103084,Dallas,74352
Charlotte,"Mecklenburg County, NC",Median Household Income,Social & economic,2025,2023 & 2019-2023,84796,USD,Higher is better,7,88669.25,-8453.25,-9.53,Worse,Raleigh,103084,Dallas,74352
Denver,"Denver County, CO",Median Household Income,Social & economic,2025,2023 & 2019-2023,93572,USD,Higher is better,7,88669.25,-8453.25,-9.53,Worse,Raleigh,103084,Dallas,74352
Atlanta,"Fulton County, GA",Median Household Income,Social & economic,2025,2023 & 2019-2023,94510,USD,Higher is better,7,88669.25,-8453.25,-9.53,Worse,Raleigh,103084,Dallas,74352
Fort Worth,"Tarrant County, TX",Median Household Income,Social & economic,2025,2023 & 2019-2023,80083,USD,Higher is better,7,88669.25,-8453.25,-9.53,Worse,Raleigh,103084,Dallas,74352
Dallas,"Dallas County, TX",Median Household Income,Social & economic,2025,2023 & 2019-2023,74352,USD,Higher is better,7,88669.25,-8453.25,-9.53,Worse,Raleigh,103084,Dallas,74352
Nashville,"Davidson County, TN",Median Household Income,Social & economic,2025,2023 & 2019-2023,80216,USD,Higher is better,7,88669.25,-8453.25,-9.53,Worse,Raleigh,103084,Dallas,74352
Austin,"Travis County, TX",High School Completion,Social & economic,2025,2019-2023,91.537883788,%,Higher is better,7,90.098163,0.241852,0.27,Better,Raleigh,93.950017151,Dallas,81.68122272
Raleigh,"Wake County, NC",High School Completion,Social & economic,2025,2019-2023,93.950017151,%,Higher is better,7,90.098163,0.241852,0.27,Better,Raleigh,93.950017151,Dallas,81.68122272
Durham,"Durham County, NC",High School Completion,Social & economic,2025,2019-2023,90.711674438,%,Higher is better,7,90.098163,0.241852,0.27,Better,Raleigh,93.950017151,Dallas,81.68122272
Charlotte,"Mecklenburg County, NC",High School Completion,Social & economic,2025,2019-2023,90.794982899,%,Higher is better,7,90.098163,0.241852,0.27,Better,Raleigh,93.950017151,Dallas,81.68122272
Denver,"Denver County, CO",High School Completion,Social & economic,2025,2019-2023,91.355750826,%,Higher is better,7,90.098163,0.241852,0.27,Better,Raleigh,93.950017151,Dallas,81.68122272
Atlanta,"Fulton County, GA",High School Completion,Social & economic,2025,2019-2023,93.633986716,%,Higher is better,7,90.098163,0.241852,0.27,Better,Raleigh,93.950017151,Dallas,81.68122272
Fort Worth,"Tarrant County, TX",High School Completion,Social & economic,2025,2019-2023,87.11978389,%,Higher is better,7,90.098163,0.241852,0.27,Better,Raleigh,93.950017151,Dallas,81.68122272
Dallas,"Dallas County, TX",High School Completion,Social & economic,2025,2019-2023,81.68122272,%,Higher is better,7,90.098163,0.241852,0.27,Better,Raleigh,93.950017151,Dallas,81.68122272
Nashville,"Davidson County, TN",High School Completion,Social & economic,2025,2019-2023,90.340015245,%,Higher is better,7,90.098163,0.241852,0.27,Better,Raleigh,93.950017151,Dallas,81.68122272
Austin,"Travis County, TX",Income Inequality,Social & economic,2025,2019-2023,4.5941327795,80th/20th percentile income ratio,Lower is better,2,4.664001,-0.287491,-6.16,Better,Fort Worth,4.2546312525,Atlanta,5.8664369441
Raleigh,"Wake County, NC",Income Inequality,Social & economic,2025,2019-2023,4.4759623063,80th/20th percentile income ratio,Lower is better,2,4.664001,-0.287491,-6.16,Better,Fort Worth,4.2546312525,Atlanta,5.8664369441
Durham,"Durham County, NC",Income Inequality,Social & economic,2025,2019-2023,4.4889165347,80th/20th percentile income ratio,Lower is better,2,4.664001,-0.287491,-6.16,Better,Fort Worth,4.2546312525,Atlanta,5.8664369441
Charlotte,"Mecklenburg County, NC",Income Inequality,Social & economic,2025,2019-2023,4.4408691801,80th/20th percentile income ratio,Lower is better,2,4.664001,-0.287491,-6.16,Better,Fort Worth,4.2546312525,Atlanta,5.8664369441
Denver,"Denver County, CO",Income Inequality,Social & economic,2025,2019-2023,4.8141375617,80th/20th percentile income ratio,Lower is better,2,4.664001,-0.287491,-6.16,Better,Fort Worth,4.2546312525,Atlanta,5.8664369441
Atlanta,"Fulton County, GA",Income Inequality,Social & economic,2025,2019-2023,5.8664369441,80th/20th percentile income ratio,Lower is better,2,4.664001,-0.287491,-6.16,Better,Fort Worth,4.2546312525,Atlanta,5.8664369441
Fort Worth,"Tarrant County, TX",Income Inequality,Social & economic,2025,2019-2023,4.2546312525,80th/20th percentile income ratio,Lower is better,2,4.664001,-0.287491,-6.16,Better,Fort Worth,4.2546312525,Atlanta,5.8664369441
Dallas,"Dallas County, TX",Income Inequality,Social & economic,2025,2019-2023,4.3769196627,80th/20th percentile income ratio,Lower is better,2,4.664001,-0.287491,-6.16,Better,Fort Worth,4.2546312525,Atlanta,5.8664369441
Nashville,"Davidson County, TN",Income Inequality,Social & economic,2025,2019-2023,4.3765094588,80th/20th percentile income ratio,Lower is better,2,4.664001,-0.287491,-6.16,Better,Fort Worth,4.2546312525,Atlanta,5.8664369441
Austin,"Travis County, TX",Severe Housing Problems,Physical environment,2025,2017-2021,18.209927561,%,Lower is better,5,16.904616,0.227692,1.35,Worse,Raleigh,12.659157399,Dallas,20.786235079
Raleigh,"Wake County, NC",Severe Housing Problems,Physical environment,2025,2017-2021,12.659157399,%,Lower is better,5,16.904616,0.227692,1.35,Worse,Raleigh,12.659157399,Dallas,20.786235079
Durham,"Durham County, NC",Severe Housing Problems,Physical environment,2025,2017-2021,15.71633022,%,Lower is better,5,16.904616,0.227692,1.35,Worse,Raleigh,12.659157399,Dallas,20.786235079
Charlotte,"Mecklenburg County, NC",Severe Housing Problems,Physical environment,2025,2017-2021,15.330838461,%,Lower is better,5,16.904616,0.227692,1.35,Worse,Raleigh,12.659157399,Dallas,20.786235079
Denver,"Denver County, CO",Severe Housing Problems,Physical environment,2025,2017-2021,18.099864617,%,Lower is better,5,16.904616,0.227692,1.35,Worse,Raleigh,12.659157399,Dallas,20.786235079
Atlanta,"Fulton County, GA",Severe Housing Problems,Physical environment,2025,2017-2021,17.587564485,%,Lower is better,5,16.904616,0.227692,1.35,Worse,Raleigh,12.659157399,Dallas,20.786235079
Fort Worth,"Tarrant County, TX",Severe Housing Problems,Physical environment,2025,2017-2021,16.847006982,%,Lower is better,5,16.904616,0.227692,1.35,Worse,Raleigh,12.659157399,Dallas,20.786235079
Dallas,"Dallas County, TX",Severe Housing Problems,Physical environment,2025,2017-2021,20.786235079,%,Lower is better,5,16.904616,0.227692,1.35,Worse,Raleigh,12.659157399,Dallas,20.786235079
Nashville,"Davidson County, TN",Severe Housing Problems,Physical environment,2025,2017-2021,17.132307902,%,Lower is better,5,16.904616,0.227692,1.35,Worse,Raleigh,12.659157399,Dallas,20.786235079
Austin,"Travis County, TX",Air Pollution – Particulate Matter,Physical environment,2025,2020,9.6,µg/m³ PM2.5,Lower is better,7,9.1,0.6,6.59,Worse,Durham,7.3,Denver,10.5
Raleigh,"Wake County, NC",Air Pollution – Particulate Matter,Physical environment,2025,2020,9,µg/m³ PM2.5,Lower is better,7,9.1,0.6,6.59,Worse,Durham,7.3,Denver,10.5
Durham,"Durham County, NC",Air Pollution – Particulate Matter,Physical environment,2025,2020,7.3,µg/m³ PM2.5,Lower is better,7,9.1,0.6,6.59,Worse,Durham,7.3,Denver,10.5
Charlotte,"Mecklenburg County, NC",Air Pollution – Particulate Matter,Physical environment,2025,2020,8.4,µg/m³ PM2.5,Lower is better,7,9.1,0.6,6.59,Worse,Durham,7.3,Denver,10.5
Denver,"Denver County, CO",Air Pollution – Particulate Matter,Physical environment,2025,2020,10.5,µg/m³ PM2.5,Lower is better,7,9.1,0.6,6.59,Worse,Durham,7.3,Denver,10.5
Atlanta,"Fulton County, GA",Air Pollution – Particulate Matter,Physical environment,2025,2020,9.5,µg/m³ PM2.5,Lower is better,7,9.1,0.6,6.59,Worse,Durham,7.3,Denver,10.5
Fort Worth,"Tarrant County, TX",Air Pollution – Particulate Matter,Physical environment,2025,2020,9.7,µg/m³ PM2.5,Lower is better,7,9.1,0.6,6.59,Worse,Durham,7.3,Denver,10.5
Dallas,"Dallas County, TX",Air Pollution – Particulate Matter,Physical environment,2025,2020,8.8,µg/m³ PM2.5,Lower is better,7,9.1,0.6,6.59,Worse,Durham,7.3,Denver,10.5
Nashville,"Davidson County, TN",Air Pollution – Particulate Matter,Physical environment,2025,2020,9.7,µg/m³ PM2.5,Lower is better,7,9.1,0.6,6.59,Worse,Durham,7.3,Denver,10.5
Austin,"Travis County, TX",Suicide Rate,Health outcomes / well-being,2025,2018-2022,12.918777864,"deaths per 100,000 population",Lower is better,8,12.062606,1.439075,11.93,Worse,Durham,8.7298165998,Denver,20.309292096
Raleigh,"Wake County, NC",Suicide Rate,Health outcomes / well-being,2025,2018-2022,9.2512111405,"deaths per 100,000 population",Lower is better,8,12.062606,1.439075,11.93,Worse,Durham,8.7298165998,Denver,20.309292096
Durham,"Durham County, NC",Suicide Rate,Health outcomes / well-being,2025,2018-2022,8.7298165998,"deaths per 100,000 population",Lower is better,8,12.062606,1.439075,11.93,Worse,Durham,8.7298165998,Denver,20.309292096
Charlotte,"Mecklenburg County, NC",Suicide Rate,Health outcomes / well-being,2025,2018-2022,9.5654698124,"deaths per 100,000 population",Lower is better,8,12.062606,1.439075,11.93,Worse,Durham,8.7298165998,Denver,20.309292096
Denver,"Denver County, CO",Suicide Rate,Health outcomes / well-being,2025,2018-2022,20.309292096,"deaths per 100,000 population",Lower is better,8,12.062606,1.439075,11.93,Worse,Durham,8.7298165998,Denver,20.309292096
Atlanta,"Fulton County, GA",Suicide Rate,Health outcomes / well-being,2025,2018-2022,11.226431279,"deaths per 100,000 population",Lower is better,8,12.062606,1.439075,11.93,Worse,Durham,8.7298165998,Denver,20.309292096
Fort Worth,"Tarrant County, TX",Suicide Rate,Health outcomes / well-being,2025,2018-2022,13.308359122,"deaths per 100,000 population",Lower is better,8,12.062606,1.439075,11.93,Worse,Durham,8.7298165998,Denver,20.309292096
Dallas,"Dallas County, TX",Suicide Rate,Health outcomes / well-being,2025,2018-2022,11.191488957,"deaths per 100,000 population",Lower is better,8,12.062606,1.439075,11.93,Worse,Durham,8.7298165998,Denver,20.309292096
Nashville,"Davidson County, TN",Suicide Rate,Health outcomes / well-being,2025,2018-2022,13.501680476,"deaths per 100,000 population",Lower is better,8,12.062606,1.439075,11.93,Worse,Durham,8.7298165998,Denver,20.309292096
Austin,"Travis County, TX",Teen Birth Rate,Health behaviors,2025,2017-2023,18.286781878,"births per 1,000 females ages 15–19",Lower is better,8,17.294254,6.978192,40.35,Worse,Raleigh,8.9600202335,Dallas,27.106146267
Raleigh,"Wake County, NC",Teen Birth Rate,Health behaviors,2025,2017-2023,8.9600202335,"births per 1,000 females ages 15–19",Lower is better,8,17.294254,6.978192,40.35,Worse,Raleigh,8.9600202335,Dallas,27.106146267
Durham,"Durham County, NC",Teen Birth Rate,Health behaviors,2025,2017-2023,14.550124451,"births per 1,000 females ages 15–19",Lower is better,8,17.294254,6.978192,40.35,Worse,Raleigh,8.9600202335,Dallas,27.106146267
Charlotte,"Mecklenburg County, NC",Teen Birth Rate,Health behaviors,2025,2017-2023,16.695884131,"births per 1,000 females ages 15–19",Lower is better,8,17.294254,6.978192,40.35,Worse,Raleigh,8.9600202335,Dallas,27.106146267
Denver,"Denver County, CO",Teen Birth Rate,Health behaviors,2025,2017-2023,20.056153947,"births per 1,000 females ages 15–19",Lower is better,8,17.294254,6.978192,40.35,Worse,Raleigh,8.9600202335,Dallas,27.106146267
Atlanta,"Fulton County, GA",Teen Birth Rate,Health behaviors,2025,2017-2023,13.497282221,"births per 1,000 females ages 15–19",Lower is better,8,17.294254,6.978192,40.35,Worse,Raleigh,8.9600202335,Dallas,27.106146267
Fort Worth,"Tarrant County, TX",Teen Birth Rate,Health behaviors,2025,2017-2023,19.201636972,"births per 1,000 females ages 15–19",Lower is better,8,17.294254,6.978192,40.35,Worse,Raleigh,8.9600202335,Dallas,27.106146267
Dallas,"Dallas County, TX",Teen Birth Rate,Health behaviors,2025,2017-2023,27.106146267,"births per 1,000 females ages 15–19",Lower is better,8,17.294254,6.978192,40.35,Worse,Raleigh,8.9600202335,Dallas,27.106146267
Nashville,"Davidson County, TN",Teen Birth Rate,Health behaviors,2025,2017-2023,24.27244582,"births per 1,000 females ages 15–19",Lower is better,8,17.294254,6.978192,40.35,Worse,Raleigh,8.9600202335,Dallas,27.106146267
Austin,"Travis County, TX",Injury Deaths,Health outcomes / well-being,2025,2018-2022,65.207388621,"deaths per 100,000 population",Lower is better,9,71.147098,57.166525,80.35,Worse,Raleigh,54.507925551,Nashville,128.31362346
Raleigh,"Wake County, NC",Injury Deaths,Health outcomes / well-being,2025,2018-2022,54.507925551,"deaths per 100,000 population",Lower is better,9,71.147098,57.166525,80.35,Worse,Raleigh,54.507925551,Nashville,128.31362346
Durham,"Durham County, NC",Injury Deaths,Health outcomes / well-being,2025,2018-2022,79.109102226,"deaths per 100,000 population",Lower is better,9,71.147098,57.166525,80.35,Worse,Raleigh,54.507925551,Nashville,128.31362346
Charlotte,"Mecklenburg County, NC",Injury Deaths,Health outcomes / well-being,2025,2018-2022,63.722243152,"deaths per 100,000 population",Lower is better,9,71.147098,57.166525,80.35,Worse,Raleigh,54.507925551,Nashville,128.31362346
Denver,"Denver County, CO",Injury Deaths,Health outcomes / well-being,2025,2018-2022,101.63831079,"deaths per 100,000 population",Lower is better,9,71.147098,57.166525,80.35,Worse,Raleigh,54.507925551,Nashville,128.31362346
Atlanta,"Fulton County, GA",Injury Deaths,Health outcomes / well-being,2025,2018-2022,76.058521734,"deaths per 100,000 population",Lower is better,9,71.147098,57.166525,80.35,Worse,Raleigh,54.507925551,Nashville,128.31362346
Fort Worth,"Tarrant County, TX",Injury Deaths,Health outcomes / well-being,2025,2018-2022,60.905232459,"deaths per 100,000 population",Lower is better,9,71.147098,57.166525,80.35,Worse,Raleigh,54.507925551,Nashville,128.31362346
Dallas,"Dallas County, TX",Injury Deaths,Health outcomes / well-being,2025,2018-2022,68.028062779,"deaths per 100,000 population",Lower is better,9,71.147098,57.166525,80.35,Worse,Raleigh,54.507925551,Nashville,128.31362346
Nashville,"Davidson County, TN",Injury Deaths,Health outcomes / well-being,2025,2018-2022,128.31362346,"deaths per 100,000 population",Lower is better,9,71.147098,57.166525,80.35,Worse,Raleigh,54.507925551,Nashville,128.31362346
Austin,"Travis County, TX",Broadband Access,Physical environment,2025,2019-2023,93.289652016,%,Higher is better,8,92.669315,-1.072001,-1.16,Worse,Raleigh,94.655727993,Dallas,90.212104684
Raleigh,"Wake County, NC",Broadband Access,Physical environment,2025,2019-2023,94.655727993,%,Higher is better,8,92.669315,-1.072001,-1.16,Worse,Raleigh,94.655727993,Dallas,90.212104684
Durham,"Durham County, NC",Broadband Access,Physical environment,2025,2019-2023,92.823208329,%,Higher is better,8,92.669315,-1.072001,-1.16,Worse,Raleigh,94.655727993,Dallas,90.212104684
Charlotte,"Mecklenburg County, NC",Broadband Access,Physical environment,2025,2019-2023,93.139097332,%,Higher is better,8,92.669315,-1.072001,-1.16,Worse,Raleigh,94.655727993,Dallas,90.212104684
Denver,"Denver County, CO",Broadband Access,Physical environment,2025,2019-2023,92.211251965,%,Higher is better,8,92.669315,-1.072001,-1.16,Worse,Raleigh,94.655727993,Dallas,90.212104684
Atlanta,"Fulton County, GA",Broadband Access,Physical environment,2025,2019-2023,92.447645323,%,Higher is better,8,92.669315,-1.072001,-1.16,Worse,Raleigh,94.655727993,Dallas,90.212104684
Fort Worth,"Tarrant County, TX",Broadband Access,Physical environment,2025,2019-2023,92.575833404,%,Higher is better,8,92.669315,-1.072001,-1.16,Worse,Raleigh,94.655727993,Dallas,90.212104684
Dallas,"Dallas County, TX",Broadband Access,Physical environment,2025,2019-2023,90.212104684,%,Higher is better,8,92.669315,-1.072001,-1.16,Worse,Raleigh,94.655727993,Dallas,90.212104684
Nashville,"Davidson County, TN",Broadband Access,Physical environment,2025,2019-2023,91.597314498,%,Higher is better,8,92.669315,-1.072001,-1.16,Worse,Raleigh,94.655727993,Dallas,90.212104684
Austin,"Travis County, TX",Severe Housing Cost Burden,Physical environment,2025,2019-2023,15.790907308,%,Lower is better,6,15.134397,0.736032,4.86,Worse,Raleigh,11.977543815,Atlanta,17.270907573
Raleigh,"Wake County, NC",Severe Housing Cost Burden,Physical environment,2025,2019-2023,11.977543815,%,Lower is better,6,15.134397,0.736032,4.86,Worse,Raleigh,11.977543815,Atlanta,17.270907573
Durham,"Durham County, NC",Severe Housing Cost Burden,Physical environment,2025,2019-2023,13.360578667,%,Lower is better,6,15.134397,0.736032,4.86,Worse,Raleigh,11.977543815,Atlanta,17.270907573
Charlotte,"Mecklenburg County, NC",Severe Housing Cost Burden,Physical environment,2025,2019-2023,14.276537875,%,Lower is better,6,15.134397,0.736032,4.86,Worse,Raleigh,11.977543815,Atlanta,17.270907573
Denver,"Denver County, CO",Severe Housing Cost Burden,Physical environment,2025,2019-2023,16.285433906,%,Lower is better,6,15.134397,0.736032,4.86,Worse,Raleigh,11.977543815,Atlanta,17.270907573
Atlanta,"Fulton County, GA",Severe Housing Cost Burden,Physical environment,2025,2019-2023,17.270907573,%,Lower is better,6,15.134397,0.736032,4.86,Worse,Raleigh,11.977543815,Atlanta,17.270907573
Fort Worth,"Tarrant County, TX",Severe Housing Cost Burden,Physical environment,2025,2019-2023,15.0049666,%,Lower is better,6,15.134397,0.736032,4.86,Worse,Raleigh,11.977543815,Atlanta,17.270907573
Dallas,"Dallas County, TX",Severe Housing Cost Burden,Physical environment,2025,2019-2023,17.108297,%,Lower is better,6,15.134397,0.736032,4.86,Worse,Raleigh,11.977543815,Atlanta,17.270907573
Nashville,"Davidson County, TN",Severe Housing Cost Burden,Physical environment,2025,2019-2023,15.870428682,%,Lower is better,6,15.134397,0.736032,4.86,Worse,Raleigh,11.977543815,Atlanta,17.270907573
